41989
94166
88903
47502
90635
76401
64815
44152
77008
97814
39640
50787
3819
13249
3847
4346
3800
80738
85197
22714
35017
12543
5134
70734
1648
88919
63702
39683
23484
20922
28833
63015
45495
13803
28013
74085
93630
45310
52601
21318
90913
15094
86962
39038
97886
13036
97283
72424
96668
29584
85627
8911
47884
43619
69931
44215
28161
72685
7028
24436
73610
70198
27696
96189
67149
90803
4269
7357
61169
77698
95407
61513
83036
1725
29233
71771
59654
97366
43847
51227
64981
17484
19958
58726
53466
96736
56589
16239
76152
40263
475
21450
11290
39058
20639
26115
41083
83971
55689
15674
16091
7953
70337
49454
89400
57526
62749
61306
44064
32601
53909
86030
27864
53690
8303
29552
98430
40993
59087
78801
97163
17028
17790
95558
12779
92576
95315
87948
33632
21460
61708
48184
33778
7991
94289
35475
70717
73669
33302
23236
31343
66967
4837
30400
14607
64405
57967
34057
89883
63026
80921
14058
19880
91327
24510
1875
1756
78039
28281
39613
37842
89334
59135
45380
17144
75117
8768
17109
19743
1111
48754
47469
18490
56560
57961
63017
94158
15472
11809
55706
60105
19942
94147
70980
66564
96372
65040
36432
27617
34068
32246
50221
44503
2261
16017
39558
98698
70916
96274
18960
88397
48327
1452
20667
72210
18432
30998
5695
4583
27341
83501
34997
40745
79759
17402
62567
99679
64321
24859
23188
954
15565
46557
6048
76961
14123
33312
7086
58470
8483
10975
8826
60603
70270
57867
87733
1213
36665
21306
65731
8699
74347
69876
10700
50474
26193
78863
68041
57587
11091
41649
26207
64581
82962
27173
79437
99018
1095
73458
92777
14731
91678
28403
80028
88542
19930
90496
56421
74312
26184
44509
91227
45347
90427
29525
38240
83666
5752
73141
82781
45592
60941
26584
98450
55837
40471
91328
77065
90575
23355
36714
40058
41650
63711
95605
81028
27977
70703
70503
25600
99688
58528
49194
81235
74306
35258
66453
44403
64033
17346
50907
69534
18750
43113
8946
82365
52544
71928
78513
83261
9778
4303
48877
98019
10661
58205
43983
71638
17604
41635
61762
41788
50859
41370
45970
63799
22635
3013
52605
53412
81956
12912
21385
21890
14592
9922
50559
21293
29699
43041
71833
72535
75652
43729
5476
81116
52814
1942
28499
96442
47517
5925
85164
63785
90065
15280
14014
40060
35548
53367
51429
14752
44181
9316
93187
12454
36313
583
72124
94066
69375
38306
28995
95101
85046
50433
99901
93744
2240
62405
14371
27896
65183
64403
82352
33759
39812
82885
78887
61281
58561
99360
72675
84360
66361
46457
74259
82997
90042
73411
49623
54992
29385
57993
83510
55645
60526
59847
83409
15063
59883
55833
2492
63377
64969
2118
36830
1501
45887
9889
75183
40484
63132
78946
68768
33229
62387
91335
61875
44612
38877
9895
11039
22064
85867
64587
52418
27940
87179
1233
38553
7435
41193
17872
52721
73235
52014
11732
73123
90278
30959
74510
19813
82027
55327
23477
40776
40740
94142
6979
3904
75925
64614
72180
75762
80837
53079
63947
45898
63243
68120
45083
47115
69260
27048
92273
17060
17606
79671
41970
30027
9236
24425
10004
19681
93835
92547
14893
18344
71406
15505
77189
44131
45951
69540
5036
40753
96451
40069
23565
57772
4511
24872
87330
27199
74756
23750
68232
63457
62790
4094
34259
99954
41046
54531
75211
49850
5242
18325
3546
15600
77073
41790
13800
14349
62149
22740
70662
58184
6890
96952
2452
75767
12930
48421
43488
93724
41705
75078
70898
33253
28379
62530
42755
7551
81194
76931
99749
6551
26098
83554
14114
73836
53652
72707
71723
60898
92075
72265
4322
33870
7017
64014
65032
45625
32625
26015
1220
64464
57963
52639
51912
47802
53579
29109
77764
28060
79954
7981
41568
7536
69401
607
36277
75063
66237
44811
57119
80822
9905
55075
33031
3740
98581
17638
71906
25140
56692
57735
97901
30311
48407
57688
40325
56402
68763
40661
28535
5735
7012
52911
22422
53290
40444
25621
66776
33219
62532
15896
17988
64476
64601
74006
38241
92324
28219
34496
94826
58505
49981
20414
49094
30349
30078
84050
40540
71437
48308
74616
41662
2041
39205
79463
10339
7772
82316
72253
79802
53556
55633
64546
12346
94616
9721
86440
33791
16530
89133
90161
50355
29477
27897
68666
1734
56322
10131
36052
29038
83423
92421
40527
89010
5811
2898
42769
86741
87475
10321
11408
7541
66832
95953
9106
23803
35558
53622
59770
18560
49828
71337
49617
13473
61371
98041
58389
38561
99566
51230
54538
65384
46069
24600
93727
48525
93689
30588
67953
52036
24591
10924
12998
17494
1819
6625
33073
17502
30104
42078
14906
22973
46355
4203
24088
27937
82478
45791
822
65428
73820
36594
46950
37495
95112
92284
31216
81754
25290
2032
4507
14593
54040
34456
59098
75596
33329
24657
59210
9531
91438
65790
87597
3235
65935
95079
43557
12244
85313
27912
42814
68452
73476
33347
54705
51132
31165
97155
5345
28884
10923
23966
72417
8264
42345
38577
50679
89344
78949
71750
47748
15250
89415
69582
1411
25924
760
23424
375
5088
39531
49579
49545
81275
37730
2691
92776
23882
79517
9051
52436
33361
22805
37387
91620
83487
87923
54945
94271
81791
37584
76740
40637
37288
76385
86918
46250
44151
41017
9080
82283
14284
18783
42370
37942
54126
15067
46040
51379
26831
13544
94484
52560
8184
17247
62523
67160
62214
40850
49987
11260
57977
56778
95429
2436
9487
14591
26309
59305
31434
23106
4223
78058
41554
75719
6360
43134
84543
56967
22960
23134
86998
85539
11073
98787
55457
44988
24625
42621
91364
54943
27098
30612
65961
61519
52619
74298
88284
42734
49069
72458
7745
75738
23449
77328
9707
50988
1728
15401
72853
79379
71578
60236
57987
1690
93964
47025
69039
89293
16966
14454
87511
88498
25944
19877
99685
10601
33242
24034
32671
27301
76561
41512
51925
76990
53115
73859
62236
44622
21838
45282
84885
70149
27465
32950
55160
71567
59426
57553
41684
30922
76536
93413
76617
62773
6212
45022
68537
46547
49788
52733
88681
87238
77520
74411
27970
36360
58264
97035
87583
51817
89714
608
70370
88181
46181
47112
62077
90175
62472
38390
31347
34723
58908
10532
27274
83643
14703
65681
11345
6794
72735
78587
14003
52987
73951
85063
18538
65562
98525
85458
87178
97390
34244
71144
23185
11252
57551
83159
81962
68406
29039
98209
39848
10156
86514
18829
29727
6733
24119
44307
70580
6950
12127
5202
85379
70959
57041
53181
87491
23255
95680
43528
10676
87389
91532
16574
98008
4259
57
8426
93509
20426
90241
32430
9877
85942
30979
58034
20523
2789
3706
6771
50069
33185
87291
14062
10535
59903
55673
19141
37555
22203
31748
85899
80212
28446
90014
24483
6956
62755
94297
43017
56849
62201
76854
11821
26500
2303
7698
23385
57608
94089
82597
20942
50164
70258
14727
22276
44222
15538
37526
53737
14889
39674
83391
32703
56616
70120
84343
60854
38229
47403
88392
30490
27714
89616
63920
6763
83638
37514
1502
32765
70157
68588
75572
57142
54541
4147
58633
14224
42463
78426
32884
35758
7480
90568
82738
53599
61630
36912
11134
86895
21080
26425
47818
54511
88345
27360
22675
34417
19319
6857
38694
90849
20761
76024
39755
4545
2967
79466
54859
32555
95257
65775
65917
60721
17375
75279
27909
82785
89484
57396
80350
3918
37788
25147
1212
26675
99366
11259
59412
25887
25538
2460
42242
4035
23093
89356
35970
15481
41663
65287
65358
11566
78897
44342
28076
64010
24143
90854
64700
20337
4191
61427
97707
90866
21246
4766
12774
89285
64642
4062
26063
58971
43239
84493
41413
10039
10560
96199
25599
40266
14054
17392
97214
99083
18514
62230
34906
17794
7938
25984
39697
15516
4773
90447
17413
94854
8834
67071
88726
13541
12633
79741
75786
8788
1145
29035
17967
45471
32511
79677
96293
24251
9571
17871
80307
13013
56016
34783
48745
79018
60832
58383
8070
19048
55805
5363
58614
93933
79869
13355
64956
7349
63173
29064
3901
68233
95976
4982
57994
68200
51056
19826
10479
55854
28866
29130
30242
19822
84748
54845
34305
97793
30676
37023
47097
43293
74708
39668
64356
4670
3603
26778
64497
33175
62172
56238
88482
76732
92722
35415
26801
48652
97374
4002
17809
76885
98747
24838
52041
45369
66220
4993
36061
16167
34486
22336
95170
36900
27798
60685
45997
312
95326
55225
11062
49938
54776
58825
90987
45547
20811
61120
50552
49726
34432
78453
58180
74339
76413
27699
63149
62270
73402
25167
79733
83985
21592
30077
98544
59174
53852
84156
39542
88238
86822
37926
79819
82958
71939
1465
51054
50171
49526
16547
30977
17215
831
70108
8448
61342
81184
32224
92599
81826
72697
84540
34039
14067
11482
30315
1865
52796
54379
92761
43649
62879
17835
11758
98288
11123
1257
17672
25664
23268
53395
83404
40345
48517
300
19244
48111
6630
72194
17870
85444
10306
8386
42164
916
26955
71599
32887
37825
97100
45684
20216
70059
23379
50271
93789
27321
7624
55408
67119
13822
12161
6638
4933
2809
17714
12476
26749
28252
72468
110
25196
91908
79567
37838
57093
19026
39034
47109
32619
93623
1847
83641
65636
94825
67450
24954
14357
42491
66094
36126
5020
87697
99398
44836
62935
24135
26590
18856
47841
12813
67083
7303
2109
65220
40701
59732
93305
66658
15515
44610
95043
53406
6058
27719
59481
21744
6954
28086
4823
85759
45025
87225
19934
38931
19330
9728
97585
58884
93772
68313
89207
5086
88043
43149
50597
86478
98716
45582
66636
49521
60358
33653
8330
91402
48443
70801
19359
31783
58960
36395
40925
22972
50844
24833
8667
25026
23681
92424
9535
77861
58488
74851
68503
83772
909
42913
63619
91275
17340
61458
14863
68887
48751
4134
20164
40768
6973
41163
5469
12586
94969
26681
82430
5841
83655
29825
44655
4160
99146
31671
20574
82633
684
47721
85389
72896
71010
23363
78843
30430
8378
74229
7826
64932
53625
57330
65374
89836
74808
33268
60575
38404
72126
81968
88203
98052
71160
82255
17635
26461
15507
60829
82786
35915
45907
27918
88579
97136
98394
53111
33061
34585
17100
91263
19911
47516
12404
55168
55104
64817
70479
97356
29566
99306
288
94790
5491
73784
6238
41450
59460
57044
2302
65778
82559
7351
92789
7179
35345
79239
2652
9874
62583
59517
34477
94394
75884
52868
68570
70538
79934
51021
8668
45875
17742
55466
13695
74628
58683
9828
71471
89735
33988
49372
76462
3722
48538
33163
11549
35674
98064
33564
81752
28197
84080
773
77894
41995
31300
41885
28110
60912
78307
23079
39790
49393
12053
68240
63381
64445
65525
58294
19444
92131
91369
81844
27684
94557
24728
40393
96886
3153
98454
11
53542
8316
33408
81539
56599
61551
48557
51338
65184
86672
43404
88077
84629
70069
34214
13023
15306
23387
90093
27590
24821
37833
42918
94429
89931
56265
87809
16203
32311
80571
16606
78678
90553
35139
90210
68832
33585
43622
28963
77749
81875
49192
24354
69090
64034
60058
60413
53866
53331
68418
13361
90141
6171
45489
38837
39102
74154
30158
75709
80694
26466
8087
8621
46895
88159
50324
4658
58738
39663
66075
31549
5017
59691
32256
47784
63590
80941
35083
1147
24627
90384
21612
35917
42637
44026
99384
4911
35215
92809
80018
29832
68463
26150
41971
33816
48791
73876
26032
47208
1936
47531
39995
36075
78804
85836
72573
64203
71176
71180
80527
56604
66575
13678
2140
76871
98556
30136
15927
53797
96543
58784
416
5177
48167
75149
57708
8288
29650
3769
43090
61495
97391
24445
1988
52242
87640
97964
6527
74466
90775
61636
52110
4382
98313
29056
71013
71764
63319
23775
8176
78745
96756
3465
37832
1169
39308
69306
72348
12819
35482
63877
69348
30018
21646
75097
45132
88380
15760
15996
7527
71622
85912
48410
77509
59101
25723
87831
72769
29877
68557
83069
46795
87228
1815
14959
24218
30393
96918
99370
56950
25077
48848
74225
77525
23765
70355
96397
23559
71640
73070
59990
95102
29283
48339
19672
28760
56592
41399
47954
86957
16193
85647
42494
37107
18240
96885
41184
66119
44170
88347
90432
3370
3173
50425
91534
86890
91872
94008
41479
20582
17437
16747
39089
57278
56793
30236
80039
23791
21557
52923
64208
21511
80793
85062
31461
99078
56335
32549
41730
75812
59070
88304
17914
7158
55637
32260
45072
14815
91640
84529
80828
76170
12367
15359
2084
15588
95200
1718
51013
22649
51477
70410
17756
7445
19093
98255
79326
78821
22153
54196
8585
38868
5578
13268
34155
98510
23100
40687
59186
59212
56700
45913
37934
49178
55769
39412
54724
72447
74737
542
85351
27263
33600
79851
89582
73512
58714
90573
23872
93530
83448
52570
97436
89933
44309
45115
35957
40337
28163
14763
73828
2555
10096
71416
97217
19511
85133
40210
10323
49362
22932
49667
94386
77647
34509
86827
55594
72971
93782
90766
55704
89234
40536
58754
48119
6941
18255
41444
78248
13686
27033
83828
96730
1042
88447
75000
60258
76593
14148
16675
5449
90816
80765
16673
26027
49060
9555
91403
25150
47400
96831
59754
4946
97195
8050
66352
50856
3788
79436
47823
37132
50712
80497
45936
22608
29822
57013
56551
21708
5713
90314
2427
85269
39707
47389
92868
86900
73981
55247
61982
37164
86906
38034
74141
3802
66345
44508
18746
72358
87540
44164
79300
84809
48925
41783
91921
18780
14313
82680
31659
38886
99256
43613
59334
66196
38110
2400
58217
89511
25299
43738
56725
69678
46567
11846
23770
23471
62181
20945
33694
81929
2349
91651
95617
12149
95690
74725
78428
67004
37159
24096
66358
32292
88526
69464
52989
3515
96837
21815
72657
1606
20207
71751
99864
48699
21915
60998
92082
18878
81951
90970
36926
56954
23455
47642
46825
50136
16862
44428
73581
37863
51316
84705
41177
96851
89566
19640
89467
70952
30901
74360
86239
40959
85246
37064
36636
78992
39704
92475
58846
73369
19623
54401
21034
70742
26805
17964
90140
88012
74554
76227
21331
84901
87059
55068
29536
24805
21268
22646
5210
97017
59872
92375
87692
48927
37923
32531
31318
10368
82448
24643
81058
84407
20533
79956
38774
3183
92975
92793
96492
89664
13837
52820
40916
3372
13006
39552
66688
69303
69574
58461
86377
71694
53296
13666
29517
65700
1762
18813
13526
95536
50802
85277
24602
98114
28352
74530
92061
68934
85998
22364
46550
99054
92278
79841
25768
63321
37595
80817
28537
8066
59137
39368
77910
11053
45314
54123
4649
84835
36737
40211
53457
59219
41652
41630
7546
62512
63032
85120
73530
19408
5942
96572
52795
54103
42518
33954
73746
97397
63777
82147
83385
36461
89046
11789
24997
51432
87196
56031
74274
47257
70783
91508
96563
52999
25110
42978
92037
25080
63427
14161
31341
20593
48109
7290
42116
76310
85315
93302
5307
51700
17761
34052
40067
61987
70186
39938
40354
99929
10007
60495
66151
56804
72200
94697
39735
90417
19018
93396
30188
64169
3872
51426
25945
1993
10660
88781
25046
65037
64889
61898
55928
50411
99444
27425
27811
14835
7657
3718
72931
61185
9211
72565
62430
2962
399
73761
95196
22721
57854
79199
79088
30880
19105
77164
53996
43139
52322
67894
92508
83993
17170
43821
9752
38093
88322
4693
34422
48997
18486
72794
17487
65985
93451
44145
33374
51532
2285
97192
25720
63559
75471
49111
3018
8695
57563
20401
86748
80623
60612
62516
18700
28534
88723
39465
53219
23353
7891
79639
62674
29860
99684
80
54666
59060
6037
73712
93585
15295
9852
13353
35595
5671
70098
66717
68311
86216
81512
68505
85163
99937
74896
9818
72811
93731
87124
60686
73198
93642
74423
46978
7998
91288
1171
37589
83196
82989
13440
68536
95393
70475
67642
88297
3560
29063
92276
74357
3903
30629
11262
77246
7466
75146
5707
7994
57995
94370
32688
89530
28297
70638
10960
35423
31474
85581
23568
35102
47033
17310
31199
60191
4537
46718
32767
51309
26378
50142
8987
93966
38105
69290
11881
56188
8743
79566
55690
45739
11285
53081
53105
14445
66554
71206
72136
66839
13010
8129
7580
17067
82207
24679
91323
8133
71989
9919
64690
83998
46346
36875
74142
87529
24295
78149
85217
44294
10003
12686
78867
51566
331
24745
61444
15119
53154
71742
90637
57037
85416
19206
91975
27175
32489
22413
33667
48491
50625
89822
98713
83745
89829
32516
34780
50486
88595
96505
453
32007
19982
52714
92398
24530
47253
28061
86070
91363
62941
57307
36903
95115
18664
38609
59321
704
9189
63835
51343
59791
69201
32426
55200
88960
60644
28424
75135
16653
772
43068
90452
5410
43122
85395
95857
13458
87613
61296
24186
13146
10201
74760
42470
96108
1621
40539
12193
15800
56369
44499
81737
73378
80391
52967
17300
57911
40847
5012
67874
56145
14038
79432
61737
6260
9545
17059
78905
99754
85052
6170
73763
47352
77978
8958
28870
65202
91105
96129
47624
62353
84764
16339
70672
82299
57145
29000
46117
6891
17096
55512
61262
35297
72579
93491
22945
66904
96704
55116
41794
92258
81819
55968
39793
52577
91770
35866
47333
93663
78645
34175
86168
20042
41542
75062
84371
11213
10475
87428
9253
13680
74367
65749
22152
48923
50789
96363
44629
80657
58724
10017
81880
1864
76178
39657
5204
1491
3677
3292
18051
78911
7852
6534
86680
11494
34270
69169
95937
31868
9927
58961
62944
36317
46554
69385
64314
61754
44371
40303
23958
46373
44751
45986
39223
17686
65760
66579
82499
3081
21870
73833
96260
86603
47044
50926
20731
66681
36086
50146
14167
46811
38101
67657
85267
90502
45768
34478
20087
22194
58023
31259
62108
2061
36738
690
14813
1837
65465
15183
31707
12959
98001
11135
9754
51968
28961
99946
80673
84738
402
32364
67100
41371
56603
77566
85645
12298
16098
12501
9543
24321
79918
61962
16189
47118
69874
8290
86331
26652
3838
27678
65487
99654
80881
6162
79789
45487
39219
6599
36541
969
25972
91590
26173
48812
10922
75343
44653
62217
38688
92840
92628
20564
26644
71800
31369
52337
66464
91171
85440
49635
77831
65962
5961
30219
28722
5848
71152
11355
42075
69463
79258
7327
94541
41808
80715
69801
56269
42746
78006
63660
70192
95155
67608
5624
59116
59300
78493
15145
35412
97853
1443
47646
116
31772
2554
11653
90584
52024
81562
19100
7885
20040
87999
71021
46197
35702
25033
27621
13142
96348
62208
24912
38820
99404
86056
61027
52905
6218
1496
86261
20732
71635
74666
85703
39947
9542
61677
15083
23986
65699
9697
26487
42710
81057
76813
97402
76675
86590
93873
23800
23374
75253
10340
99785
98437
42136
79012
68993
68527
17112
57654
44162
25584
14755
66496
78040
5554
44046
58329
50813
65744
96760
32532
71542
32067
51558
61430
11872
88622
12851
83120
58163
28268
80834
7492
78951
52027
81104
10465
21341
17167
24609
67076
65913
52849
61392
21586
94336
518
54503
84313
74435
43890
35385
54274
38002
6129
54362
43571
32124
5255
96482
25567
73270
18214
48176
25408
6948
79693
20067
99013
18140
97781
76041
57745
14193
1435
47416
76643
20305
86640
43598
86732
28824
87159
99160
6017
98776
76156
28399
3946
32904
39652
87429
3150
79487
80490
47021
49281
68081
36565
66932
19404
50976
47937
80582
45485
24173
93878
24382
58341
7145
32168
31889
71594
3976
5097
47295
42766
87681
65994
16654
8147
64911
45918
40780
33621
28555
54153
18561
54020
570
4815
36523
72050
80161
99213
76457
5489
25345
26886
91196
15113
24922
37413
25440
46994
48720
36364
22095
67965
29886
30298
18726
28614
78572
76560
61379
48222
67342
7967
4805
70241
21722
62150
46546
25765
56878
11484
39387
54975
17056
96900
55657
94805
42428
723
21238
34296
53281
6940
83144
26843
12885
54193
59362
17196
94110
21702
45633
47938
87325
37057
85038
96318
33344
45156
20041
98843
43594
15708
9032
35496
45717
80225
48095
30902
29534
43887
21336
83375
95843
7001
65267
48726
73056
58997
31131
10980
99976
80709
46412
77889
98854
72077
68682
68560
63859
53954
37915
7345
70879
36297
56279
42329
44700
60593
48408
3416
17947
65822
63697
51200
93300
30103
65719
2450
64663
34314
73477
1506
62225
93043
19763
29756
46623
56397
40190
37916
27839
56374
74471
4099
95212
90848
37647
45026
37126
74925
69854
97284
99532
73392
56358
18862
21299
26978
62359
50833
98523
94127
40074
76090
61279
27817
39137
97034
73325
53120
20196
63674
97215
23995
23145
18667
13030
47809
10754
46840
18822
63510
34017
11636
78464
78705
37212
58818
15997
57069
7456
90833
64243
26940
34119
50550
20821
28895
84669
50580
68466
56142
51234
2564
44228
74647
13074
87425
60900
36492
14827
28968
7980
8750
87155
74512
98221
5691
67370
39443
40476
28878
45296
32848
68354
38040
18567
66417
32556
49481
31254
2243
57762
22760
30790
31212
79913
17553
2770
2362
75385
87337
34662
81945
77785
42854
50410
40752
55182
69465
27708
94746
63527
39101
11874
25089
77670
17188
95146
81280
82880
41859
32833
35560
86118
33469
16956
61760
91314
95709
5222
84671
21070
37028
86165
19733
13020
18832
87432
44322
2894
14128
27345
67105
94905
94422
36079
69163
69783
56918
86745
18767
7884
43440
10566
51048
30333
29744
25111
97944
95602
902
66825
43600
15324
37999
96757
29543
6990
54997
6101
27227
14245
67556
71422
26178
93914
15095
65357
4222
64253
55061
18498
92764
7115
34633
70159
42126
29865
79955
76181
93951
92561
9220
38158
68574
46075
95096
87582
58709
1656
54635
5075
73456
9379
22304
28899
80038
58477
88110
35541
56463
34208
84857
61935
24169
80603
45459
85733
35352
96974
52194
47254
36967
72818
94577
44029
59709
62006
40533
32451
18146
20831
17564
28563
95934
52835
29598
68440
46070
46016
17538
38674
87711
48497
51387
18621
22588
85527
4552
20134
89447
40044
74116
19531
61413
47281
65683
29789
3611
14792
38723
85580
97033
73880
31578
93564
70596
36197
70474
95335
90671
69101
17827
64480
51206
30616
69993
36311
19127
67991
60385
8143
36378
84087
55090
62926
42750
55531
68916
43553
25561
93479
98327
63090
76773
72549
96806
6939
40918
19796
18844
76493
10614
65603
33530
84408
25681
80463
47619
63895
50372
14730
52974
65294
72170
80656
59541
39442
98950
91082
90224
29374
6744
81326
95589
20835
15478
94177
34777
85424
61340
85150
84753
84617
79829
67162
42174
77829
45131
2359
36267
609
92659
701
21846
26228
17795
25650
58873
21226
19839
868
14213
13692
28180
66689
84707
45770
78306
99091
49390
70729
45033
66105
88567
90456
52799
56579
89480
95849
86961
32287
47435
95304
86623
28233
89864
38415
90916
82859
54787
81205
79046
17825
60386
70350
8266
78941
93535
16257
32180
34923
67230
77117
25214
95790
16779
30910
71239
12871
98447
5790
76139
31168
86198
86481
86332
19676
67846
17859
13202
28751
88511
29129
90629
35606
43063
65094
52028
3704
78854
53699
49659
53638
14634
30777
54731
72728
95135
4867
64510
18174
19846
29703
47693
17176
31085
14485
28091
14582
99522
54516
34096
82608
59606
46274
6512
79701
87474
13270
61877
62746
26581
83901
98890
35130
53094
23531
3176
90441
34443
42206
18020
43196
87465
9192
49644
34282
96265
40996
42301
28402
10416
96584
75837
86645
1813
92558
36116
76924
30636
70144
38914
85259
76051
3862
97815
7294
27902
81365
15204
28735
38893
21257
68877
33379
25280
81717
3556
76111
10373
25857
41723
68327
67255
3692
96423
96687
5386
75236
9431
30863
80647
55439
38398
2805
37180
94958
37033
3530
94558
6161
82756
19512
97790
45946
19199
6958
78304
85371
99526
88428
14580
80190
50743
51181
1693
74060
19196
77994
18834
76734
71042
55640
33203
33244
14209
72014
15935
99457
23795
28945
8595
40550
4349
43102
35489
80321
74378
93580
37393
142
99845
66287
37856
58642
51061
81760
59249
94610
99554
99206
6701
38680
45008
45550
85932
19476
77916
93441
961
56310
23886
3661
49358
40790
96015
12793
29114
60426
57503
75411
46980
66241
42900
10936
95955
14909
30778
98364
66176
79827
14747
22689
66367
89182
27295
16331
53065
53640
62892
2834
72261
22360
72370
88917
15439
8885
5432
34643
19765
36059
20194
61645
75860
43835
10841
72387
99201
58099
23
86635
39800
29429
70297
41256
7948
62682
83259
20999
77748
54743
7737
72460
65853
25977
93126
99611
45076
70552
88096
51807
85126
4746
77537
1153
44404
1854
38245
65244
48727
18927
96430
16337
66809
8527
33790
73318
9113
37080
24317
17593
7844
62498
82903
95805
74024
78838
30403
59054
46571
88151
47458
70684
34766
14584
36250
98362
62463
51655
56285
51268
77130
24463
81348
73918
83081
19401
3956
85729
1706
40362
89976
63612
32612
91675
88217
63635
71122
88641
5408
65553
21136
19033
64605
23948
1741
89150
8825
76537
1716
15845
65949
60598
80986
10684
39411
30667
28849
81612
76552
38754
14336
71946
75526
29445
65388
39985
59700
78262
21291
56938
44257
8735
13149
25633
24298
97633
94020
33433
97180
68490
12358
71490
5668
43464
74327
56541
52340
35589
44541
4863
73400
80779
61387
686
16391
87974
36344
52375
2305
92104
35444
66659
35905
94316
21235
12578
34384
38627
87206
54217
79814
87942
24617
79247
56858
93675
26170
17659
61816
73978
5151
43889
74755
57395
60112
38255
77651
35264
49084
41805
21018
11911
73393
65781
39928
81448
21948
90801
5474
50946
95592
98769
78421
78986
21975
74943
19455
3528
80325
32510
56642
50619
48418
61079
41618
95684
46940
34747
92678
77803
75938
66587
2104
39178
33070
56582
37575
67321
74202
62547
57248
84417
98913
96146
96136
13216
97101
1039
12337
93869
91957
68559
19974
42433
76529
43609
57399
85635
74252
59413
24207
53860
85442
47798
57195
47484
53610
55049
69406
62863
81420
83764
72323
18167
80913
40854
87421
59122
67089
13338
74269
7299
43508
76745
23556
84639
65115
72997
84269
49152
38495
23848
20856
16556
11766
34776
30836
57331
25963
46479
51741
9373
56552
37914
45335
10559
52198
13614
85774
82378
77663
77355
44334
934
2189
87292
57603
99789
4398
10350
34161
65198
44542
16446
42882
46804
94181
73615
60666
71243
90774
79431
1894
25558
40556
60619
39543
78673
34922
65323
16887
86609
25453
26301
60051
8969
44382
23326
12480
30065
18951
82964
49251
35100
93842
47689
82201
13048
69273
7150
2580
78987
4297
85266
59058
10712
47314
35861
82302
44384
79949
18620
31926
38866
149
27701
5804
65051
33231
5635
25348
1788
95638
28302
3164
39152
982
23245
78280
6487
99328
2344
99014
12473
95625
80632
91307
69502
84893
34346
92917
49558
45920
62500
79073
30257
66064
34033
95090
78958
49032
98298
15288
89436
65567
52360
91684
49342
78151
9071
84812
52682
79689
63721
76029
10419
1148
58805
43994
30722
65671
13492
26716
64551
77714
30697
52914
21635
95845
75705
74995
28980
50527
86479
52034
33159
703
35518
3010
94299
34173
58177
72817
17143
40114
58756
30024
91986
90634
66438
25520
14316
99006
35728
43347
91367
90188
17743
88446
67802
48055
72011
76242
10222
54678
53904
95606
78093
1631
34518
45018
50981
46071
18380
95322
91677
46985
53633
55126
66410
28629
72647
49027
32165
65931
88157
86624
26113
52851
84439
38023
984
6548
17622
90681
17639
2376
98115
90870
34121
4272
79128
3563
68300
98873
56613
36531
68799
12803
7153
61480
77523
50647
87035
4892
17560
81375
24968
74567
47371
76521
31733
53534
5454
89247
28626
55426
84699
76819
23127
72755
17332
74818
48133
7081
90095
2787
81528
7841
94712
60993
63373
66493
32275
47309
21518
79370
59310
99639
22448
41999
81265
2638
61564
25549
44299
17159
81973
86739
31283
3861
22290
25133
50288
60331
97464
16601
92595
65324
60368
91462
56437
67239
25439
30178
17636
63287
74665
27771
13657
74857
95751
85486
38483
94126
5475
22764
86749
8278
92984
18084
19869
8770
52408
18857
88694
53046
84708
84847
80732
65343
56252
2193
86698
70349
7886
92226
84169
61938
75865
53618
42261
54004
50523
84940
37656
66003
46228
18851
38299
15497
91561
40666
72197
15162
32714
6770
92282
53843
62986
78323
37632
86977
40124
56289
63811
87016
65179
60348
32693
45413
94694
38289
21276
18607
96525
67691
14850
56759
60699
35763
10283
8018
79944
41361
55498
1054
67715
48151
84677
2676
78171
45351
91423
13420
25034
28434
87518
12590
70654
74949
93049
58650
10544
48405
70501
28938
64709
63570
43129
37629
53091
13014
47003
8269
674
92695
59427
61786
85971
50593
71648
97162
3967
89895
16603
22245
20202
80903
86365
86641
82894
24199
13706
12972
2019
25161
2828
93460
47271
85387
19692
38225
44354
8371
52759
13899
25185
59080
95970
73232
58427
22328
71941
56593
35858
24674
10991
31629
83466
80918
21020
74372
80238
84950
78649
41910
17261
80758
31148
30798
11958
42028
50755
20492
35235
30673
98690
1944
7753
54784
90595
14532
62175
65493
45838
68681
11761
37474
61123
56355
98521
13307
11479
24928
60833
74461
48778
67663
13079
86537
41850
27402
41437
34810
21423
79099
5915
66984
49572
7963
38891
82592
53434
16962
38141
23425
95799
69115
67929
14729
37959
94495
2502
57486
18932
18300
56037
89774
29498
26391
68992
52446
44694
84172
66940
63156
80592
28887
47489
32704
88851
48842
17130
87394
47827
57437
60943
71695
85460
66541
46643
52958
61105
63937
33708
5709
31883
20505
27081
27241
11858
9122
94290
71739
27305
19568
98371
67493
81745
10875
15172
20205
66863
6552
7421
87514
43789
14764
50796
27200
2709
1670
62991
36062
43912
42611
28608
96350
46973
14766
29826
47635
18574
63212
2716
3993
66859
6511
16625
46891
29238
56324
29693
64366
97371
65943
89186
72283
14845
40050
40511
82045
93237
70747
31290
69013
19909
87704
65542
36449
89529
70519
76445
97231
65296
4920
51639
94303
36563
1083
53626
33839
47058
36339
40571
29458
94469
55992
65275
86112
95548
78759
37165
70837
8367
14630
24438
9075
46892
25513
64982
94448
71814
89773
64883
60583
65135
78718
81816
31518
51275
27043
5760
93149
76667
82251
92952
4095
88356
97270
98446
42489
18012
25090
39880
28695
88128
10059
63308
29667
85964
67752
62945
33899
4239
80070
45193
10308
4623
50758
3083
15148
79937
2856
30858
75271
85530
72140
35000
73474
74451
11688
24283
52208
62561
37292
25533
61723
13745
32339
33233
75527
28048
4406
85054
55573
59150
92704
57260
98634
56206
25489
22980
40197
7792
54973
87931
1094
88721
94169
56336
69666
45498
44869
24046
70221
31761
69212
6532
90656
16105
2306
54880
75950
66515
18238
67598
74612
50913
24107
31056
15938
32385
45938
43300
51039
4829
3488
86612
37611
99727
62084
43232
37505
39017
87967
92788
8984
88811
49949
29417
49976
68318
48277
32876
79916
2004
60991
51794
64190
56968
31127
5430
51411
93125
45566
4465
97009
4314
23244
30508
24442
16649
57400
50189
21184
79607
21035
39112
92834
48782
94245
44618
32810
16381
46316
78409
51607
10786
7986
64128
14142
35443
96351
92409
27573
12242
76257
45956
81307
52623
12402
49422
97249
9372
95190
47094
8017
91693
52713
96301
3135
30929
29364
41213
53178
43644
36628
82474
82024
73658
86951
82876
63519
10735
91370
29687
62688
53085
83429
34743
47411
35705
42575
76765
76222
60255
39662
99020
45350
49308
6660
73944
59792
56971
39567
45575
25142
95073
50199
83379
32880
68246
92416
43760
89160
42003
38568
17071
59779
70776
79606
30277
92519
47696
17926
50420
17043
94402
43756
35532
12484
55129
61674
79270
98373
38677
23375
47360
68472
9776
6505
2323
2792
14186
91799
62355
99988
58273
83625
34951
12847
37685
49092
49383
78699
40958
39246
12283
76406
68382
61978
8347
60602
86885
9409
58385
29495
48285
23191
109
46827
52058
12935
67960
83684
11687
95569
90935
12483
80523
52338
78170
73541
96509
3058
68663
24030
28907
73050
83618
81159
26748
63735
94713
99432
13251
94918
65514
16751
21964
79983
34805
34060
37580
10126
85239
92751
17626
91184
88998
8736
16110
20742
58990
535
6816
50321
68166
63113
33992
21767
92989
49894
5954
16980
51960
9952
74029
18689
13798
88708
6517
44203
50905
90786
2486
67397
26818
27106
94656
62309
51625
20077
44471
7845
59784
28021
24010
29411
15426
80597
18226
86561
23513
33646
90847
32642
63731
26341
10732
94160
50752
9507
43841
52454
70954
12614
30870
11842
30317
77411
65174
17708
13312
73327
9553
97187
7490
4339
53912
66910
41009
54643
34157
63981
33003
68778
27829
31008
12055
44978
89001
22223
46486
84896
99484
96765
30892
89499
92947
75755
15458
82278
70518
53662
44075
46491
14479
67427
40402
26519
59136
72662
1933
46192
4243
80815
80054
75119
50821
31793
37605
95645
26945
25258
5068
68194
89732
92334
99777
12388
33856
57623
81478
24101
15380
52611
44344
51202
40329
56337
81318
85516
21899
58198
78576
22888
38512
65701
12516
25011
12771
97872
84251
92635
31816
22111
86410
86119
93437
78074
76439
84134
44095
13799
64280
18213
16463
31406
57097
35831
12440
92658
81152
71224
16598
21221
60159
54371
46880
50627
30251
51720
87117
79645
61383
89904
97369
26179
19550
6974
23007
21438
20863
31249
50545
34184
44839
83783
80821
20405
74151
47860
92724
92861
88289
92890
87340
57930
65655
7489
83662
58020
80292
98096
79019
74565
84194
29706
80402
15030
33296
32974
73513
85704
57693
12992
56416
49227
6797
83866
58113
73554
11682
13694
66120
40369
85934
81867
57761
16873
99873
54556
46935
46417
26403
83536
96484
38420
45568
53614
56882
22533
68034
19577
52681
86692
86616
71030
22391
83157
1467
97620
50229
88313
50090
11501
14625
54925
82915
23035
65769
28971
67770
8534
70331
91
43829
13063
3709
10985
52604
67794
18108
50480
15191
56241
42411
25710
85638
24399
79288
54868
77895
95860
80538
66380
51276
31642
68619
53826
36298
10348
24284
49986
89303
99002
38316
73420
78561
32033
79271
22224
56719
95078
84342
60276
21309
1828
379
23482
25372
60963
59808
49740
62503
5108
68748
70224
35193
11615
65281
20813
97942
31195
31492
14554
45393
52673
1080
27211
22239
12965
18349
17592
19891
96086
20368
8784
65240
52663
15597
98665
66111
25205
8028
88410
8015
65284
33872
94026
4950
31322
75560
66761
43391
31331
51850
13192
99257
92184
28576
18542
85578
94368
52648
38972
30873
75618
79401
46836
96753
78455
42846
4305
59084
56254
66007
20644
7842
75529
356
6711
23725
44740
1493
757
52842
52217
21504
31261
82748
31737
22181
1025
86406
56795
79405
79783
40270
71965
63798
20917
13017
68642
69421
47644
67284
22119
87223
16911
14704
48844
39405
96907
8206
11973
23486
42060
89060
73740
91520
42057
4156
63666
14410
6327
46588
75473
12886
46881
90605
87501
2449
52677
52726
81602
43275
78860
1559
58480
67275
3080
20103
49504
9249
49149
79520
12054
41190
28708
95879
77772
47899
18841
42764
83900
90479
87073
65539
72632
76092
35363
14725
10741
83248
9458
17350
76173
65340
11651
57178
54263
83163
32204
52083
31815
38827
34654
60696
77402
64453
20461
73629
32993
28837
32680
76942
14984
31684
53307
99860
98561
93710
69884
1566
86231
83262
34520
20363
7199
10727
80293
26458
15745
94363
84028
50449
1599
23265
82293
91157
24260
92015
3531
88250
84162
76569
86063
82240
77729
64967
42314
57191
97333
76159
80095
40543
38725
50576
37426
46421
6386
75803
719
44253
71407
25910
71501
90542
95575
5131
74595
72866
51805
64125
41729
44568
77083
18624
76739
72548
30284
88648
44249
58606
99277
60702
14914
89205
89592
46509
24102
31443
66347
71380
20509
25331
13325
82890
1184
75123
90437
25667
42971
72248
90336
84531
10171
4659
76766
59261
48975
12821
99675
8572
29188
52321
64893
50122
24019
22177
68236
67285
66342
11055
56420
21066
6380
73795
10182
43926
75804
72221
33075
8614
90943
69688
62389
22936
91937
72123
1776
24604
1917
23945
13519
32892
96454
14588
14655
32761
85099
70514
54543
30541
60275
73241
66960
52962
4889
15799
24078
45125
4201
90243
43142
45630
46578
56002
15918
54717
8933
100
58298
85094
83870
2326
15399
25056
5018
67519
89913
39322
38214
77210
7123
74459
96198
93880
78249
66449
88119
95386
6182
44401
62623
76472
20453
89185
5870
47155
10468
25107
29759
82847
23124
86716
97980
99254
21323
30064
37455
93151
77426
2128
30438
19016
622
21683
86219
32234
35460
35335
19742
36860
85600
89015
52155
47050
93746
57350
70403
69331
84585
77944
52980
91979
29764
94129
15002
49118
36174
22616
94707
53233
65658
43817
27069
62633
60846
6271
37392
56887
28063
14085
43229
13496
35051
25940
76218
92797
14057
94512
47162
63525
83052
3907
49130
11604
12046
67054
9064
86117
45848
24460
19808
22252
75696
33448
74374
72559
67527
42000
80217
39427
97000
63346
36902
12238
84135
45552
60628
53425
92105
22923
56303
12646
38450
63618
26527
51930
16503
7002
79564
68368
48379
91960
25072
97266
77667
99670
17336
9313
21186
38526
19521
80992
96988
81988
32019
90554
57528
55177
30186
60547
92711
29951
30239
67547
98882
45497
57598
72237
64319
14929
43176
18817
19914
12253
49860
94298
66073
36726
55401
47730
45153
54796
21430
55629
52394
24628
50645
54178
20940
40115
46522
56881
46398
92742
83014
17257
13675
62947
33107
7651
10920
54226
8474
60296
7894
89200
12798
3219
54950
36073
25935
63949
95893
81747
73510
31082
42956
9838
36609
71724
72524
39590
97423
31621
23553
728
18356
20336
8737
19456
46531
8111
73060
89396
18674
75885
38326
70536
23608
81477
77084
74463
52545
53251
87069
22720
84118
15019
94065
65395
63747
37406
1513
24377
1320
52061
74944
85705
42989
29515
31898
11621
25446
12745
80782
12335
35712
51243
46677
81576
6927
62662
77432
66476
69225
68457
72602
39087
76329
83979
13433
97072
18260
43242
63967
93013
42019
50459
24917
75020
28777
99591
31975
12897
34714
24457
40826
70324
77262
98024
93959
56394
94670
11344
91541
46025
81835
15658
2800
61955
87173
18921
80180
9202
41329
37471
15721
919
46517
847
31962
52211
84934
75242
84868
82645
57378
61787
56208
52046
53671
32321
42117
84236
5342
6806
63472
76251
2745
517
61106
29058
89171
38160
18751
28754
94252
88671
84103
2242
76199
15373
27927
90974
400
14898
72586
93891
95053
85663
46558
5590
96845
39746
66714
36400
14023
1804
2038
85766
71871
1188
23451
1902
54088
48191
15163
39903
93059
58690
84557
12636
64009
91463
51192
60248
98642
6869
73126
9865
25705
91909
87303
62866
23205
81636
73321
64332
32197
38073
96011
16135
65035
19234
93445
12918
54559
5400
37610
39501
26982
7811
25852
44927
80865
37864
75228
20563
6209
98604
75012
23242
4200
29226
55893
59433
20074
89064
21464
76202
85339
76863
20932
40146
4890
31272
97675
88999
56386
1695
62702
53642
17206
8660
3167
34152
14164
24385
20341
46096
96392
33393
91415
20854
12293
57236
13240
93877
64035
97966
56553
54369
15477
26522
44420
45821
74002
71556
27626
83570
9483
74996
87575
9432
57764
45874
92009
56338
91712
23432
69245
46518
98061
86785
75975
45061
96405
29896
9342
19584
79185
13174
33933
45644
9350
72562
41171
31626
2347
81565
75281
41278
8296
83780
445
72090
91638
35359
11668
714
99473
58168
41226
95686
20998
45398
35870
28393
93866
71262
63140
94867
59223
75399
46780
87372
34800
98181
20056
73653
99560
22409
65881
4121
55206
49557
91947
79365
49991
33030
53357
40368
35550
82511
81604
57343
70368
67883
672
20249
91291
44099
82082
73548
27526
42651
22047
76208
17464
97961
20197
29096
25939
1521
44331
46241
49373
52475
52869
38833
61004
99001
42880
26303
37922
58623
32537
90509
15892
16908
45941
40235
43422
50036
45765
58415
42531
10418
93016
45835
66610
22938
5614
71884
7593
85322
36862
99392
55983
47806
41681
77619
87417
13951
95299
72571
18663
12380
64836
27813
45458
30464
4580
28217
67113
13813
34368
52906
12408
10370
57953
737
94584
99489
85268
70220
26938
57201
97098
55112
94427
64144
60073
55510
54744
71219
48175
94857
34592
44722
91737
6669
84895
11477
69593
59721
99888
2
77750
54304
87152
84908
19957
94475
95909
79137
93111
2933
8703
49105
41511
87498
27343
81306
49776
78741
96905
93534
10756
58574
51030
75353
74015
41818
77847
12968
75988
66511
63355
16701
31162
21643
62896
41161
33451
20717
7217
33342
77264
95744
35816
74873
86277
40660
43058
19420
62301
56800
40248
85771
76972
9529
33999
31688
96032
92736
80118
37846
14578
90139
83319
13374
60907
37980
40097
6686
83369
78321
69501
68773
9463
64265
11834
79518
91190
1397
77243
4925
29519
67891
60315
54359
55015
80046
44104
63191
53432
77915
46345
65194
49381
13131
52141
11556
34778
98355
30139
6232
47690
93712
31444
98058
10369
3293
19115
71793
29971
52964
24049
16577
99843
4154
69110
65495
62048
56607
97909
61671
14155
64193
42446
83956
4717
40322
52777
32805
99021
30874
89042
91064
5201
66253
30839
8125
93426
9354
50900
75069
72256
97778
25818
70276
77324
28882
82189
85053
72918
64934
44693
23867
44390
93087
13379
47056
23787
7398
9078
86997
50055
90825
7667
12447
20896
91442
68544
53452
67579
15344
85281
67978
48836
76002
5738
8246
15147
5333
65955
16637
21310
29291
86546
65117
98319
48822
32641
73656
19547
86975
54509
30486
42420
9998
31040
66726
86359
297
52069
81924
5964
93009
27238
63626
37598
61015
83763
75871
23766
86865
74498
21739
70303
70711
61491
83323
8079
80844
97308
76264
50467
61374
83943
84686
4098
60705
47158
32491
68835
6723
37492
1232
32875
49624
86089
1568
17603
8373
77266
39744
43248
22414
37553
40883
48337
15059
76136
68879
60290
91878
91938
8045
15586
32678
27414
64349
77933
86475
80220
62848
1404
9879
73409
64373
52185
8628
67264
30388
78379
52331
27236
35401
57072
68925
89667
2003
11148
25088
83842
14837
80436
3104
23742
47854
17700
2548
16830
29556
17185
44661
33584
23877
18735
48573
28130
64015
61239
10196
25426
14328
40405
29147
15608
11473
59685
3659
10458
81840
67592
23994
36924
11610
70779
10625
46700
51593
88605
5104
12503
45127
89589
80710
5272
9962
11376
9247
66485
3084
28047
86329
92596
18434
7160
97621
45016
22974
46696
88440
38393
39268
84081
42480
27424
48602
6100
68528
53595
13398
25828
49376
57283
67436
68679
14047
69537
7923
70772
96447
55997
90890
98282
46159
29174
65597
69827
57720
18792
48195
32381
49164
54318
48805
25237
36539
86123
17421
93578
18977
27143
28336
20144
60742
56406
71626
50788
90361
51958
60297
1595
69068
57504
86128
32496
3584
57339
20962
82265
11518
43451
83438
95524
64760
14526
17015
99482
14562
80167
33508
88909
993
68405
90407
37791
92176
65241
92916
58345
57148
74039
45729
83065
35057
77814
3636
49953
18600
67843
77639
46715
2225
38895
9410
25030
32951
38581
98971
13566
52833
90434
36289
78853
97768
31323
95385
73762
27908
9060
43280
53502
36128
35829
75664
46347
82242
87557
39323
20183
18001
15929
55472
74344
87527
56691
5918
29704
10685
91945
25397
80318
99697
88516
36479
96091
36895
444
59569
86283
45776
19975
63211
8682
77373
93861
45281
4452
40832
43468
42530
15734
53617
30681
21524
90558
64720
51729
54574
49905
34256
37012
79796
8692
21247
36143
29092
50383
56095
56146
31538
56126
53202
77414
77140
61108
14250
42271
20861
92390
76073
50949
83017
98567
84375
41583
8648
29641
199
64264
6226
98296
79043
96357
27872
34246
32439
85858
93559
22108
18616
3766
79735
49702
87549
97773
38332
39229
63698
42022
43634
9417
49797
54715
42984
1947
30221
60125
79585
95913
21348
78258
67994
94804
66729
90503
97059
89579
20326
42520
78257
81750
3454
41728
33799
83791
12103
92286
55316
78123
63009
8646
71159
66362
77145
5927
46185
83243
76231
52438
26013
33326
90593
41773
26815
77918
39399
82546
90799
1279
85006
4348
67635
40252
96647
69024
87951
34067
36048
5464
90030
19887
51630
95498
26463
83331
16579
84423
612
16493
4707
34919
93277
8870
67645
41603
13495
24397
42495
97887
89152
64079
15025
44782
33008
79298
87586
54819
11705
93666
73205
50536
18301
87775
20961
91698
97312
31743
13352
58059
78575
95465
76480
74583
10634
60839
45149
25596
80543
50285
21966
26191
2687
49306
70625
83644
54620
31451
80034
71282
1086
63904
89701
32001
37848
21921
49583
13019
74224
91666
47566
28124
69422
56049
43539
18416
43241
79877
11410
48743
10550
15802
25320
87847
60376
15998
42783
5422
38091
43714
83806
22896
39836
49787
66560
55813
75415
83925
36827
12026
91542
77443
51403
44642
35071
5057
70610
48166
21027
37192
83968
99650
35232
47832
59825
7235
83715
10487
57032
19960
47872
97047
12292
57905
39654
74648
74750
98191
36545
76206
10130
145
10986
24474
58753
35442
92568
58361
94118
465
630
78981
650
68684
15424
66593
25354
6778
87400
16168
71858
26056
36819
54742
2821
19475
55444
28947
30270
4053
50005
16575
19627
52404
51706
6795
32825
75076
96208
38907
43665
45320
1036
77061
25463
89113
90601
15224
82437
62268
40799
40928
15593
21422
75740
58491
60728
2626
57686
27705
16336
76091
382
83566
897
66021
70242
46713
11360
67881
81558
91720
27522
44929
16562
11525
11435
53058
79098
85507
17693
25732
50723
98881
79472
65109
73139
34086
12624
14370
28926
92368
83584
3860
67072
17654
98508
15433
20030
13236
50930
74176
28193
27052
54422
1414
29949
62295
6469
31716
90744
1905
11823
24391
1122
48633
31994
87744
4516
84001
90898
11399
57866
7377
17137
58839
76044
37950
50115
48909
10227
97951
28074
49817
11587
77320
57068
43306
99479
67023
43106
32199
92855
27289
80017
87596
21343
27948
50601
37705
86287
29424
20722
30187
51312
50368
93820
60861
26830
45830
1011
76682
19046
74455
25451
6441
13045
15828
42801
56033
13546
46305
93155
57959
21218
7733
67697
44887
5071
27861
71387
79407
2810
78125
36997
64774
50586
2482
79530
99028
53273
92303
94205
10811
16938
28730
74199
67296
64503
68641
58102
5269
30334
72354
82581
49221
84455
61874
74673
48780
78898
54942
29184
27119
62980
97358
59185
28770
54891
68308
40075
29002
61069
96242
14947
71745
81705
33092
18399
15954
86769
72281
36438
29975
84117
16356
75616
5314
28342
15200
97763
40287
38537
25776
29629
37223
74676
9281
34140
74399
18796
23879
41641
40766
72016
26774
15614
84770
12746
45186
15857
68958
18452
65983
98194
87632
85773
60499
16009
37061
71448
98929
55838
80980
24992
67694
43706
5082
25130
42168
47440
64205
12750
81983
44011
59151
29264
13399
32975
60513
7359
39078
18449
39497
30631
54407
83305
44601
484
61509
50377
78729
32478
49171
18334
90645
89292
58290
91033
19065
26722
9436
16083
69002
87862
51518
7995
36394
4575
41720
91055
37507
99764
56562
53784
7449
15692
44060
78071
77388
86228
52509
88408
78198
80139
95117
41267
48445
1429
32471
16255
47335
20418
34824
53925
98321
21216
98863
47219
48606
46425
20513
34579
90164
35417
91761
5968
49784
1665
37181
315
41620
12839
70488
64829
91750
66203
51910
48161
45638
77248
15563
8563
41756
67218
56909
81239
17074
87199
28656
34807
94582
46773
55114
72497
16773
94788
55937
25914
50700
3832
65308
27740
7023
20459
46971
19124
35171
43911
28689
42436
36824
28496
22705
26204
61006
47215
69037
94189
42441
6853
99861
79925
41426
98403
79804
91939
48586
43497
130
20562
37520
41717
50315
5743
38698
75341
41008
64688
26677
81155
54116
95002
60638
30951
58871
31505
91488
83302
594
74570
27580
32777
6394
75429
15670
47521
81591
21914
11227
79897
18182
38672
33800
95809
82808
14399
76447
34209
69182
25213
91229
1507
93643
41642
96338
11150
83241
69230
80485
53169
79893
66477
19556
93166
47214
25315
66274
27796
44637
40320
18892
34366
66353
29413
11336
9042
80679
18638
21853
57372
16994
83366
70630
33775
11101
16016
4081
64222
6709
95837
29215
68432
96796
42885
18777
37904
48160
58806
63142
37490
48470
75134
29640
46254
83813
21203
7712
38642
99282
65370
75495
68541
11838
97550
34705
83285
18683
52055
97982
43574
4287
26333
58117
8138
99913
70454
78441
63834
69138
75727
16399
7510
61215
56980
47847
73985
18798
44427
884
20274
70213
32302
14354
35524
7110
35250
25636
62987
53145
8766
5758
91195
80468
5364
39199
19938
36787
39093
81946
37108
97984
17208
52893
46021
11701
11395
27837
76722
53106
10110
92292
14443
92481
28127
92927
2433
91881
59912
64990
11729
42443
94770
53835
46561
45363
7363
53376
95943
29866
89370
99436
97420
89254
85513
67905
97548
99262
38427
10071
27299
65211
20428
91517
64399
98808
88744
26980
98673
37762
85884
27729
90138
78531
36408
40417
48797
68329
66786
98761
75192
78654
90200
22944
83823
67783
14380
16532
82817
59937
32449
66549
9819
9825
62502
68923
89899
24403
65690
53962
44352
74395
71709
52736
34226
97352
25562
35403
86779
41307
44522
4137
9135
85596
88646
75537
15581
53180
80675
96920
10236
46703
65578
57457
6247
7962
18915
55417
32470
51589
35175
12714
26222
81863
19405
16557
73193
58666
10020
91544
28439
99464
9401
78704
29018
72027
2606
30240
56900
25301
51635
10536
30889
3346
95580
9331
29359
31123
59827
3238
14382
12966
16739
44645
82012
71885
53741
490
62133
87156
66079
32391
66754
2271
91713
18645
27574
29348
38010
93975
85363
56676
24560
34786
53250
71572
78878
25160
3972
52390
9696
28868
23615
36682
90735
412
52559
16897
77096
44476
72807
49665
39494
67324
41357
34489
9276
81490
16561
62365
34606
85154
22432
82774
44082
261
18919
5819
58266
43432
4177
99183
27023
5428
64219
80517
4392
45824
42622
3552
64221
22483
86881
31565
6526
17315
18904
4569
34334
42859
41134
57433
25743
7817
10202
16857
70197
91619
58120
34720
2799
92907
67323
60930
48260
70818
4426
33883
8762
78387
8945
94660
83739
4281
42911
58319
85743
35302
65026
76484
78917
21059
92323
69342
84481
76093
33059
94087
71786
46784
11511
2651
69974
76881
43397
86965
67812
69862
64656
15894
22241
12617
25819
94893
90547
5815
98932
87510
92693
29133
60004
8619
71702
75366
46407
50004
84870
39296
96356
90850
62300
63263
99422
76
40006
84151
36664
7004
69531
43098
77873
23174
31652
53355
18436
94914
36989
35776
58134
86379
43354
28043
42165
86800
80870
80842
90123
36014
38825
92459
22141
25566
40581
69730
14068
57412
13996
53944
22977
16602
29407
66154
25578
42608
60349
4043
82984
79329
34844
41640
93465
45092
83735
29725
15403
10337
61799
96755
98312
10909
45480
73289
46566
60178
34549
9837
83187
80711
75246
67829
35895
97560
92803
11980
53799
16867
20229
12756
17440
20497
40828
29278
96237
51818
87705
43220
68059
21354
46503
85808
73237
86047
90918
13924
4915
44195
41489
376
52323
50322
26164
51008
85211
64439
80312
52409
44552
80642
81019
5069
8891
95006
40529
71140
45637
73974
38826
29199
52074
7627
54583
18513
51163
88948
34211
6753
74496
89519
24891
48657
55692
52981
18811
11364
56050
66650
78674
22040
69048
75340
92166
38011
23282
89477
55092
82424
48444
72299
71803
40273
45760
51731
59625
50661
92174
10781
96251
50705
3773
3554
69269
3004
49792
21128
50159
15616
55232
38913
11800
72420
93763
26685
99107
78837
45977
42791
29475
88877
74443
2318
10977
88860
74736
51523
70704
33784
67037
4782
69165
51360
59886
2982
55696
92606
21627
2697
38736
71212
25523
1679
61568
45590
23018
881
65003
36686
59994
8425
59527
27008
41473
54430
87447
7658
37394
7370
23150
58603
11015
82757
39823
29279
78244
10779
55792
50771
77591
67726
3427
61318
40025
54770
48786
37852
70636
15211
8632
85543
77170
4765
4245
59221
91876
21373
87562
13033
62634
10301
30526
14079
31539
60262
16616
55017
22288
10590
92348
55529
35912
84621
35326
22378
38445
32529
7202
67923
32207
41035
89433
72295
90451
8755
89700
18248
18659
56176
27886
97197
54590
80100
93940
18681
83454
61107
77074
21344
74392
90860
45466
80488
39805
63324
14982
19461
95194
29970
23661
37330
67734
73479
82178
80739
84411
43038
30900
65674
18365
27966
32574
64315
32566
26566
85325
57166
42392
15548
90485
54542
10952
25823
2009
3165
51615
26470
51531
95688
40145
48431
6798
44058
41265
90712
43158
76317
63800
74695
16571
60256
18383
22725
98742
85104
91119
28168
47504
93648
84152
18615
33102
74802
55121
59155
91847
61390
87151
58188
341
44632
85987
11085
92412
95637
30485
87937
1457
55782
7705
62245
55040
24767
86527
54265
66289
29835
54286
63596
31086
15774
40390
84021
97615
15155
7220
73144
13499
45058
15812
77956
94522
58261
95572
76944
40403
85813
91588
21052
46133
90423
25612
26366
48860
39309
66156
61250
34439
65030
64562
50306
31554
65854
14275
62391
78389
9714
75462
91916
60031
62977
50806
24392
80664
70459
98837
47656
73365
3044
64284
25881
99629
54329
34392
25461
34685
99086
15841
4338
44376
10072
45884
70750
37361
55766
51839
85411
57001
28915
5536
67123
38578
98134
37901
64088
40072
82374
1588
5306
72061
31600
88823
93004
82171
57823
14469
52942
13127
75479
27283
37183
64944
90529
68962
26562
42145
59511
97071
87164
48815
5123
14817
20690
97513
12923
23275
98812
91420
62511
85564
51465
90239
8942
11014
85798
97544
81597
49465
46423
29571
59102
48484
820
2097
77928
16274
92918
93832
88193
26402
5805
37024
18940
50178
84142
42001
98563
14078
45173
85883
98684
69321
51175
71727
67861
96271
35534
58862
15026
76888
70806
51884
93941
43037
83074
74868
38922
87855
59072
2380
96000
7495
71240
16894
89584
53285
68857
2216
45469
28818
2164
94595
1964
76182
43711
10282
97168
35824
91386
4196
68032
80920
63241
80518
61884
97760
1116
86652
76789
12022
95861
6823
66502
78780
36238
54471
18427
15032
59202
34118
71342
10173
19828
64285
98722
12729
7154
9584
43444
73250
80187
9890
96137
45295
31678
21353
73651
13266
88764
91879
56393
70094
11716
25342
89600
19724
39753
63649
8623
97487
42404
45245
49004
91807
2837
59467
326
26913
62629
45903
45079
32045
2005
58327
21037
45163
16452
99309
41117
2916
59035
45013
59192
35155
80494
82899
87696
40693
44374
17607
55818
86963
40136
22955
55823
27832
83270
13276
7013
3943
8800
29470
49195
17303
41294
19433
18127
54504
55445
67419
18461
40453
68221
98651
39837
92357
69896
33717
70710
89363
60095
39030
44192
34510
48096
60479
45790
61993
76169
55600
44596
37709
23989
41551
86113
7781
8268
19943
33699
82765
17086
55267
35697
4617
82815
10230
48080
68585
36391
91018
4689
56828
55648
92205
65307
73219
31190
75339
63701
6015
93060
13818
61109
19271
96519
61452
70832
79168
53829
73754
82936
83503
76363
166
41913
85918
60886
41758
57091
43362
30706
22190
42294
34600
213
47055
48071
56897
33909
58968
33316
70655
73531
88277
6108
77769
52738
68518
63979
25068
10019
81039
84468
82420
35088
29587
76949
67695
22791
71766
31061
19998
88515
78811
76475
58847
93081
64261
67945
80599
65102
91536
17985
93195
40946
59516
65147
97057
52836
56669
92005
5528
50909
44114
58194
25777
66868
71357
5783
13691
46956
99476
43028
4143
42349
744
21109
43705
63871
85347
91079
76538
63439
34572
28960
72838
64500
56766
63846
22999
80083
44786
51624
10627
25419
64313
4643
28510
2853
9166
64501
95689
26952
3160
58216
75828
8177
93196
5710
10826
18603
33934
48442
62916
10956
30747
51130
11058
87979
40386
15889
84970
39819
26377
42041
45388
13471
58233
70039
93137
79577
87542
54029
75639
318
96769
97991
71870
161
33685
79975
69482
76954
38436
51418
95124
91628
63008
67892
19331
62233
40565
3609
56357
8023
28372
91834
24007
90052
17141
49134
48593
12115
62329
61768
99692
60364
33633
54199
82307
13226
37087
30564
19774
52715
20488
10802
96810
13346
94033
81560
65500
67817
34323
17496
88857
28737
9954
18417
99502
76461
38737
16705
97552
29715
75734
73240
25506
35798
56501
78351
3040
85085
29441
35253
76239
72304
79024
90366
10612
20615
29009
14656
35933
99494
41820
70129
50658
15653
98133
41575
9782
22261
14427
48901
91779
46222
76755
46015
25445
8255
54670
68352
93618
5415
61278
46473
68983
87104
31256
40544
43426
30942
5812
52540
45695
48309
70067
63129
82310
76087
42012
10362
93890
27758
92262
12297
73848
13867
97334
39415
65561
23859
66085
33142
39438
86014
36462
51889
99238
47151
82656
51464
78010
38243
99636
29228
48056
79316
63538
26524
87045
53779
70234
64708
8965
35118
31999
6879
95084
14843
33339
92730
65315
36261
6194
47349
687
38520
69344
51490
33975
29924
13540
83130
82117
35036
93065
76680
96449
91247
10874
8508
38660
94236
46112
92333
75286
69871
30074
63259
58277
5686
88707
63040
45287
16
52469
59917
35784
64384
96201
64482
12522
41382
23897
24157
23040
19667
49655
58165
56471
68956
17750
4091
3640
1374
52537
84964
87077
53459
43358
17782
10988
99645
9466
27438
14146
35136
79969
93616
93411
40149
99942
84091
38261
93805
24513
53532
52264
49739
99068
65128
29745
20895
40760
64283
79702
61484
15160
29296
64649
34170
13701
81814
65136
85178
36774
87702
93872
20830
61852
43884
68156
54907
35436
42056
9317
22951
26539
22605
34635
80169
50255
47741
81425
35834
24178
14790
80760
23098
41480
95614
26671
60852
6051
32933
28264
73925
56903
73107
550
75204
81696
8754
47610
57985
98461
84512
1146
45378
17624
99270
62522
38467
76716
71704
85620
2983
61175
7305
75459
95687
88493
90979
7223
45769
47220
60428
1742
36769
22104
93855
81579
68450
84869
81622
86281
67234
13296
89918
55430
42910
95874
71993
73413
88227
86193
71116
17107
89991
39789
29382
70988
29483
73759
46054
40128
88828
50277
77029
54913
36099
90999
85502
13230
44968
17089
69751
66081
99162
6978
94329
69856
31605
10595
5254
366
30952
55105
73973
7862
24831
5144
99145
11724
41653
75055
96793
49460
88002
84070
37315
89286
1777
83767
24988
42775
13928
54669
61722
69879
72882
39153
79917
75289
29861
98144
54288
39626
73265
8920
6033
94237
79785
36842
30336
41502
29019
77834
73329
79427
39476
83389
87488
5591
36591
89779
37325
81860
18481
68248
18982
91845
10276
37291
31979
44021
7048
58769
76099
88600
12023
48063
10848
17258
94234
13835
94414
54238
90054
32741
24533
94485
25404
36630
95092
24727
18342
34408
14373
34045
62155
75587
85768
17396
95009
31374
24027
57786
13064
15604
55634
59689
55644
81410
67907
71582
28051
97474
40487
29726
87634
81171
44077
31332
87516
60973
7748
58514
3749
97994
8557
18988
72932
3615
36161
31840
61293
64703
7960
20129
67444
67040
64514
52666
99779
68525
8174
54857
90551
9457
87375
83526
39752
62227
66322
2280
25186
53310
39691
2390
76290
53886
52113
20115
6584
56946
75914
21561
19643
26111
1651
3535
59922
14348
67172
17504
48141
85997
34016
45526
62223
86699
340
34349
84383
6259
29817
52934
56550
24058
39846
88230
43852
52246
88711
18057
79492
63185
10713
41893
69963
36017
56496
75814
36030
30070
24124
79708
82047
25168
70972
63330
86833
65396
32143
91538
38751
20223
826
30708
41700
22354
10772
65877
62556
5632
84283
50680
78450
89998
11216
821
2755
20253
28519
89946
43691
17394
27582
59668
6339
77661
76454
85260
48331
66630
62584
11913
89723
16491
76758
99155
87946
99430
79261
41504
47665
35900
26305
98499
52209
15360
69892
5160
2629
17256
99394
13432
3146
24706
62856
47067
79820
50671
59379
16471
68441
83668
25198
56456
66999
71725
73111
56685
16758
94772
26394
9947
84962
34289
2915
66179
1987
77150
94874
16051
23289
97278
28328
57864
89452
36447
32367
56701
20972
32850
39370
38462
24720
28803
87409
75702
33887
72336
47216
38750
87253
52889
35871
15050
38805
81446
1759
47240
2553
85050
84836
7828
68229
15396
15249
7559
14505
78589
30045
42599
27434
64801
39748
90370
16240
2214
2075
31211
74227
66796
85212
15232
37698
15951
47230
67001
64411
45809
2874
64418
99938
86197
60629
15661
82973
320
52357
39347
42696
28016
11106
84425
39628
15394
28746
7212
69717
48753
61194
27024
22676
25502
9452
86154
15941
25494
8141
66703
21351
29299
25518
9447
98422
70997
28719
72924
76958
73757
76366
3684
16810
24529
50173
22875
97534
31662
20648
22556
61358
18463
66001
59567
6002
83165
15509
72040
25899
71172
85146
1203
38898
87507
83230
94511
22821
86352
55410
92773
1141
94061
34819
94636
932
51681
93699
49129
9149
27440
87082
7118
55363
23581
71963
2254
56707
17673
95277
80975
65341
1154
33835
63918
35064
79637
23924
68853
54282
1407
92937
38264
549
78460
81793
70829
2688
33748
36920
82150
26631
30996
66012
2740
47592
51217
54301
47587
31274
45313
17679
46670
70793
78771
8377
52367
2047
68261
96383
1986
28816
66675
5979
14590
21087
44801
49034
23467
74177
71086
34219
60489
6013
41895
19953
97323
49772
52278
84180
66133
86660
45707
67848
5162
43427
37690
62103
18160
97147
73788
90477
78438
51724
22264
33834
4789
95259
73767
43207
67612
80219
17881
34225
38123
73884
7132
28936
80355
44663
17525
90468
35854
36192
48621
45594
37408
85390
11994
8647
54585
28991
13598
27641
37822
42865
90613
26197
78869
12036
47590
29776
5814
80911
77448
62771
22706
75337
52956
55756
32008
55797
3646
90159
39660
46536
39478
92875
63323
17645
54829
16049
57175
41354
83524
64533
25527
39597
25399
21907
46160
52856
81024
23260
49820
60012
2912
84459
42412
13108
40986
87172
87084
37716
43568
38994
65505
49309
74009
79412
15138
65987
82649
76503
76238
55208
83923
71163
10429
55722
89262
87829
27843
87571
80606
10597
95388
52785
3434
88338
24000
71904
93902
34852
95539
6502
48775
82742
45152
79905
17878
31668
64866
33859
75038
63403
63637
317
35260
81613
3340
18587
66603
37572
19447
86696
82814
15081
84521
36848
60273
30359
86690
83578
25791
54999
65530
35862
6963
21065
74541
94428
81979
31732
26899
96504
86294
16413
37574
67021
72546
28254
8392
22496
49288
37815
79402
26167
60292
27375
75264
78095
86639
2173
53386
90532
52719
21315
90815
51657
73684
29579
38103
86627
9280
80755
87478
6415
57045
40580
54686
79993
10420
43512
46115
41075
92339
41418
20234
31159
13693
32484
42327
21974
92959
5200
67085
44955
77775
87323
13004
80032
65078
2654
64086
37756
22734
54046
98782
13643
50338
39429
21645
12810
60267
86185
62738
53512
83079
34390
85134
73488
62001
85445
3578
45222
6642
70671
5869
38668
46200
63338
89147
19200
81442
28703
82382
61647
80172
4419
55241
4415
7177
73739
3849
38170
45619
71959
84149
47953
74709
24974
57318
77379
87383
61395
53855
46962
94174
50385
87637
87472
98794
17325
6656
16609
81056
14286
8803
30651
15176
92545
54361
96982
47088
24469
44939
56715
67318
10431
29729
94509
77267
33317
70121
80185
48748
86843
74143
20262
59394
60337
94741
21434
77088
90122
55368
84161
98584
28050
1088
6755
46493
49736
9141
56244
25695
77592
36641
87725
72696
11233
62442
51587
81936
927
59347
93119
29020
26144
99662
40378
37197
29987
31896
52032
79253
75201
60958
51605
8263
48500
31245
11158
21538
94462
18180
99916
20404
50635
7988
94447
91337
48882
86039
85321
15564
47299
85144
31877
95876
27715
5447
3477
35058
7031
74497
48598
96945
86189
31706
75350
28260
97341
68906
88127
38128
37462
6594
25981
40336
95311
82290
52595
4912
99281
67350
76663
82512
56519
60862
33635
93422
52917
21668
90449
29619
40935
90116
45381
19446
29841
42771
45148
60264
3785
51903
88963
31001
96026
9265
74878
56319
79836
70066
16578
99673
23733
53072
69940
72585
97237
74819
34535
70803
59341
96706
93565
33034
56377
87574
77504
40185
58014
86971
37240
68728
70075
95747
16102
4169
4870
31393
93864
87203
30908
24598
96286
90183
60965
49140
32076
28665
37665
62707
27251
51386
51636
98383
97733
28724
80853
24840
88350
58928
13121
96491
23653
65874
94346
13625
30947
76115
60412
15917
18968
4851
64209
36083
14685
67135
71757
4964
13384
98975
41322
96991
2683
6462
502
66131
78016
94929
56678
24972
50571
39870
11786
55607
45919
81366
68636
82831
99454
5946
88095
642
94149
67600
87055
77568
15282
20547
91866
10030
11862
39818
26512
66702
85849
90773
92146
61745
5558
77010
31200
5930
18218
95059
57790
14365
84852
39251
7334
64499
54386
8213
84636
94405
41811
19060
46076
47654
51328
48952
63125
65989
92909
82259
89867
92057
7155
45577
25187
87109
36065
87698
53916
26707
54108
62248
60007
63097
99069
50278
12250
35673
11799
27470
37515
6025
7649
74855
1955
39061
47390
20658
49021
98593
98942
48623
16151
73829
21282
74050
72485
68900
87434
87568
28776
67629
31089
29030
57359
86018
54665
13672
43777
63742
73551
31699
11201
22928
89502
8485
22463
39528
13254
69838
6136
49354
9093
90443
22679
94907
46081
52943
50272
77287
48595
97576
6861
13027
57425
33072
26295
82029
2946
82751
48117
27795
89244
5066
69118
14377
8654
65998
17834
40249
30147
63723
82068
74584
27322
79509
54814
29393
70457
57387
45452
49179
75491
65028
13406
1463
8712
13833
77885
94701
69595
3975
31976
18155
77605
38409
62586
6746
55076
86613
29959
89498
87074
391
40387
16187
16080
76137
87457
13279
63307
37965
39777
3906
98172
39804
67124
26781
46173
8774
85790
73331
71136
78370
39897
39738
95023
33680
61661
35492
64665
50694
21032
71539
40775
75598
34746
74585
50895
95553
32054
66666
28531
17427
86589
11723
4956
77332
94530
26699
274
6570
71662
85184
14904
19559
17841
33622
38669
40980
24608
15327
73355
11720
30783
31918
93248
81117
5244
34026
3948
97306
76403
86084
41231
717
24168
42860
87956
96424
69656
30005
54738
63709
85194
71683
43410
46864
57800
21631
99391
40635
74010
9850
39631
33126
22140
33860
16913
84108
6384
49147
460
76109
99483
70387
20476
70356
59832
34913
75261
86367
90823
36421
99509
47718
85474
56809
89127
59396
23709
22985
26356
60295
97519
77292
75419
37115
57456
11574
115
24949
91061
5346
75447
32010
14258
50427
81017
19195
54649
11627
68661
54948
32448
40851
32853
78761
93278
36948
80705
57744
91994
14718
15723
29878
2025
83234
93026
69877
14169
48099
44436
135
33843
81768
6758
3756
56746
88700
85573
96238
45080
20900
13099
29273
71818
42227
26765
67137
31834
78017
78302
38399
86115
75517
18914
89441
1200
14293
79334
42924
91253
78615
39912
24648
43554
63435
27565
44084
79003
87023
10796
4966
31074
70612
48011
22842
1247
58538
96731
46902
10884
52771
60049
33503
33670
43286
31664
72006
21135
6225
52730
6601
56565
61412
32163
91252
38461
27153
39653
96725
60305
22441
32413
35521
58144
91148
75562
89628
8314
10646
8959
83371
24532
72318
61138
96856
81808
14181
32954
53573
71934
79659
35066
73174
93947
89608
71900
3693
6188
51784
89241
59728
75817
48512
24623
32323
78764
42366
16581
91038
18414
54710
17531
66987
61883
30788
43060
91564
69770
90728
77153
55395
72119
69197
72505
27785
1546
27036
96669
89596
19394
46919
64957
47227
75776
70667
36113
40005
29463
43489
87207
61244
22312
57407
49998
96722
25333
21967
74034
25580
70745
83145
76372
77381
94036
7987
11156
98965
7207
2470
72342
32387
51734
99740
2616
42240
56045
3281
46922
9126
95339
86656
7814
10902
2201
85121
44083
8863
89726
22917
63553
10820
37516
42937
54850
29622
56204
11804
83278
92212
89695
58888
58863
15484
57314
42072
68816
91060
25727
62243
93514
12945
17857
97067
10170
53448
24952
7509
52410
53051
7410
34313
16275
75390
82911
74429
97839
74421
83202
60772
95504
75360
62167
27379
73428
8759
5896
6596
34147
19337
94095
84600
18905
48630
55370
96342
85077
64558
45253
70769
19248
97485
86182
94730
17617
90515
75819
3418
10241
52706
84674
61918
12788
8607
64872
81438
54310
70358
2127
94265
38828
42024
86755
65901
5183
71518
30907
10812
41956
9591
86576
59908
2963
37588
76061
56991
46581
8960
42357
27196
56207
83195
13539
97008
72115
62549
10815
67457
11412
79090
55887
43750
48988
43150
61999
9731
50487
61686
58190
94337
1772
16486
88738
82327
34987
25488
39069
43458
82406
96620
68603
39213
68097
67048
56644
4908
93730
17192
66854
56318
37213
84173
29849
80985
47190
38766
10410
82113
20219
52009
54204
74275
89792
11746
27079
24336
3864
26932
47914
8274
77430
15068
62933
93050
48816
56784
3674
79816
78834
14617
3301
77908
66354
13316
53215
3284
85225
86366
41920
68343
31108
44952
74884
38794
34693
37301
67465
88316
12428
77957
18090
21784
2849
30940
15453
55054
68491
70665
81911
96935
2334
95184
89443
93633
73233
19087
5391
37227
85364
73716
95964
20583
12403
91492
91556
46806
25283
10757
99948
59332
3932
59706
72189
1957
32637
68765
10366
90176
43666
58944
97652
98859
30086
96688
5021
56935
87944
6572
8356
12082
76440
23312
33677
76212
56392
71085
15962
56114
57757
30813
16414
87003
59803
31627
30932
20442
61479
48265
80989
4522
11254
50855
30774
94667
99853
36527
32166
86818
10911
99984
97332
39834
91396
41922
90311
33641
40012
85496
21949
82600
71306
22542
21447
69737
7943
13596
26227
42157
18578
46807
12295
16536
80847
91969
90110
63657
73736
7488
77257
97307
34703
60024
56041
90186
69613
76158
58602
99589
69177
11054
41293
61703
66875
90769
68722
84816
18585
46856
43073
54352
80727
78124
48704
19122
90146
62529
79423
55720
25800
58646
55654
66562
71608
14217
93254
73717
58466
54018
90109
99656
5240
6267
64276
60701
35643
88507
37355
30768
12084
51144
63942
63716
33186
74377
19269
50417
74741
93688
46912
7170
60697
23006
18102
68980
98819
68738
66443
35233
15827
53021
27801
17966
12157
77664
33432
88747
36583
69419
56127
25070
68288
15226
69596
38205
61364
5439
53819
30705
88955
39678
31442
34383
83544
13738
41527
40181
58446
10363
76473
93948
12957
5267
91597
66297
32075
92703
59252
89688
97737
36418
86362
80206
98202
50656
16429
82937
90251
11461
71431
93652
15982
62325
82990
75785
50237
58945
39989
13289
54558
54513
47602
78774
92381
16324
7096
14337
9004
92471
90244
65163
82822
56951
71544
30208
24305
71075
31755
73195
26883
77830
65378
23442
837
41172
38693
49875
15655
7364
39227
7187
53813
57081
61221
93976
17545
38379
45922
4217
34235
6949
91021
62777
89045
81638
81266
37546
43776
13838
7720
23544
36027
77853
71083
57057
22348
68667
58705
45446
55281
51439
4787
34011
7252
77599
17571
75781
23651
29473
98035
17630
59777
62539
9402
66930
35362
59889
14215
13293
80408
65366
46427
21942
64570
72864
40664
18046
20912
38202
46225
48002
44581
38173
44778
73310
11024
18909
11598
58052
55495
74055
8758
26772
69111
35153
35012
30946
41567
69667
8817
36054
92546
41537
60436
59523
20650
73183
62012
55753
82170
27606
37830
10725
5515
31436
14306
60536
77778
50267
94072
41590
57348
47707
49443
96501
60227
65911
17119
69577
83529
87257
81077
41639
62381
63483
61830
57671
30322
27225
34839
23065
91718
3055
91440
23382
40033
63714
11378
88196
4172
58718
80003
10930
66811
70946
8205
88154
89148
27346
13199
1150
66887
87716
58035
29406
44308
90711
31243
73427
19418
55858
21947
1526
4360
31305
15028
29387
40789
88407
23199
14283
68456
18869
79351
68411
51042
89845
68751
98242
52921
13451
17602
79426
79824
82514
64630
11650
426
24973
78711
72509
4399
35921
77393
38204
69961
28299
22634
78849
33117
76566
69573
13550
98825
43318
37876
26358
66055
12262
7301
92905
42439
61655
15844
34109
2401
98088
24665
31142
77715
26397
49121
46791
45969
42029
75431
64909
21742
60380
38764
86902
73627
63994
99643
13287
72834
65301
25589
43428
23885
88687
65660
59464
26992
52957
73015
80809
31175
5292
67270
56529
18262
88271
20148
68129
939
15851
75077
54789
23213
80153
71815
99728
79742
14500
10507
48336
45151
67057
15049
66633
5098
10070
74505
29864
10169
63006
39048
80475
41188
65365
33953
13000
1196
54745
97405
60668
58722
93312
19859
59970
88479
86252
45447
40692
34015
42423
49391
185
24327
93424
85533
20710
78335
64387
76828
98771
52403
30248
82621
49812
47910
531
89487
99943
12194
98734
89425
63060
38136
9490
4535
76491
75359
13394
98676
90157
97410
14499
2879
89652
67411
58577
92513
35671
34145
45299
93779
64325
56843
78240
51875
36278
1857
2172
53338
20448
15644
92498
40152
82809
16664
28057
58789
35076
33723
81537
35640
58661
78550
59632
65836
40016
91261
78728
57804
65825
95613
36205
47051
82768
10979
11859
21885
86671
24759
55941
88037
42211
26482
72640
59303
68000
49406
59755
54120
17477
27736
4101
13419
55422
63349
15320
81609
54894
94500
34629
10521
2277
2570
99761
83598
22746
68860
17632
4032
10851
23857
15605
1930
71456
16743
33548
18609
93110
10389
68302
86877
59588
43085
80251
58340
28568
92465
76047
37091
29461
42546
86560
19417
20463
80967
57206
78956
16931
91989
9041
12040
95389
5188
4355
6525
18733
57698
13457
43792
57599
1573
15971
80767
6314
2536
13463
9688
32473
53387
20910
93660
24956
68618
95208
23460
76094
26988
70495
35820
4457
85024
23865
43245
94194
63038
25902
63187
48040
62526
65724
15678
10245
35224
18628
75629
9073
455
94116
8002
18537
29796
78740
12331
21069
71476
55500
13894
6998
79578
12703
46018
47017
85495
638
18757
43965
19598
45007
84144
5143
3961
49942
61394
60309
88938
16558
59759
99413
53590
18895
31933
86715
55628
11310
84040
86686
7632
52220
33908
38975
14253
53795
46074
1297
10665
63533
68176
45814
67063
22442
12630
71778
96202
61827
33718
54674
96441
27067
60375
56796
44941
45787
77138
3536
61889
69960
54463
43210
68704
3868
39439
34884
31297
69411
40707
69284
22037
95954
52936
6425
23267
42266
51395
99833
14972
31209
83712
66851
14097
62515
90650
89706
34740
22300
88080
11082
58370
37209
59826
56473
12565
61482
65590
26944
70027
93112
86740
79581
79215
61115
68414
35123
590
59
74717
5557
10015
12138
48268
6187
10482
40638
7707
86643
7877
13437
10896
8809
32172
49821
79327
47150
30478
72540
74211
96545
54488
13500
10497
90001
22592
43845
7389
85415
46583
16500
20178
89702
42152
84497
17209
67215
78963
64426
31929
78082
66025
41414
96555
9758
52886
76877
68035
75932
4460
75877
75153
92031
73354
30896
97557
66885
12090
86409
28731
3746
66076
7933
55865
84864
15811
60498
11943
59670
38862
12155
14303
14635
31448
40244
59051
68758
34475
35582
13065
30009
60915
14086
92369
30749
68920
26256
48053
98481
83525
7149
65685
89167
44779
96401
9692
76995
27102
76448
67924
57020
40447
73189
53400
96166
42190
66216
76285
10587
51775
6042
83008
70872
75784
80426
20208
24518
5456
80036
32557
79294
98820
60020
15345
38566
83150
72861
6153
94620
62571
9267
21236
23253
86263
56454
91591
13446
86442
97202
24282
42760
82549
8763
52181
94301
37465
80698
69967
82821
1671
58942
31032
70985
52912
61216
26974
23834
33366
9583
62493
47881
24099
84709
89136
86133
35902
6759
21071
33273
95042
29324
8311
33974
95619
1038
81175
15088
51869
38940
94323
57683
47577
47626
31225
45795
65479
52416
14263
66002
79053
8644
3734
31420
52808
87438
32835
21425
93653
89686
72001
47006
12205
98440
72637
2228
57884
41864
24746
98674
36472
48212
84318
27975
87703
41377
49018
90504
29089
65432
89604
24048
662
56929
67963
81291
51992
2169
64869
35857
10313
2753
45424
4781
38919
86588
98779
37548
49159
7618
80002
62592
33902
22621
99760
18176
57472
95899
39545
12866
94866
71538
35520
74661
59474
7556
94113
50558
34321
36944
89349
83183
58101
24114
85655
35104
18752
64564
54763
68876
47742
37878
96774
24228
22182
56107
200
63715
66566
51949
72019
23109
19410
13085
58632
16523
37866
86137
75175
22991
50463
10440
39754
78048
99184
57907
52740
59109
14801
55409
16119
4881
49093
41114
122
74529
40151
66233
52883
72999
79719
1784
6068
64560
37419
25481
37655
11592
7191
67853
34538
58671
1956
87784
81272
7130
50870
17994
15337
14433
64948
77827
62164
27272
39345
78569
79183
17559
82524
87628
80405
22374
69462
87175
15920
97647
31655
208
14118
98759
42958
92712
69519
93505
81869
2468
52829
69472
50499
1389
32459
94083
87814
99274
80074
51971
62748
70923
77119
13764
65203
97581
58089
9881
25594
43808
87112
31773
27242
73414
94898
17697
47207
47797
6404
36094
4978
59393
46513
18962
11977
39278
11407
2878
73405
16345
10845
86057
77048
51771
29678
84413
32966
39426
86862
79444
35683
99220
8421
14075
45257
89257
88161
81200
21932
575
57215
32717
62538
19528
2567
58501
37438
41454
50754
78492
92240
37396
46990
85488
51773
91843
78499
73271
15904
94597
58122
35439
51331
86109
60639
39701
89550
3385
17387
13913
15968
60286
78118
53156
72389
58943
64635
82369
61181
52953
7034
67756
97025
32706
60037
80685
50567
11278
21308
45774
4503
12240
64863
78272
36420
11588
99365
99060
2551
55373
20618
22822
5358
66044
20252
49887
18267
83975
32995
90804
95489
82309
14769
65678
1832
91996
70397
23555
79242
20640
43265
10302
65977
32422
43343
9827
2276
45329
27482
88902
65615
60213
20104
5091
31782
88270
59480
5618
33403
81466
75507
3265
67003
27676
68394
43390
53494
56687
27645
3823
83579
32232
79614
33264
82886
63598
27745
85734
78812
54658
20862
52703
51088
65405
86444
20638
62152
987
80098
31115
40659
39831
58605
30759
61133
82641
96979
50119
49143
42243
79576
61471
45734
95396
69104
55018
93672
85283
77357
6843
6522
76004
60733
4459
20901
27124
47132
6553
10336
44194
64650
99242
82632
60155
74222
59355
24344
52277
40967
40696
12732
13683
41825
94302
43023
65843
23654
3061
1554
20272
85678
11488
17940
23580
69735
24271
53411
70174
18421
48454
6732
23087
50465
94195
67661
95424
28416
51549
15928
67654
71949
38097
8781
80614
57397
86596
48368
36291
71078
37813
44081
71432
97232
85954
36802
84678
60535
31376
35073
96930
52215
71434
73683
63340
21249
30661
2480
80935
56352
67195
7203
43740
44633
53936
80107
67655
1757
85604
90776
75428
27339
19794
54881
78960
42613
63502
58065
21259
65413
34492
40036
70553
2558
41358
968
97797
55174
75518
8325
16272
13931
20960
64076
53667
71969
98263
24347
16680
31063
66524
66589
57247
14758
50040
59939
47605
74366
95842
59788
20438
1372
29560
85383
15700
50714
72660
47138
15073
20587
73117
70709
19073
61382
94400
60911
72381
58045
73725
28135
91805
80890
78076
39719
10621
48038
82174
73278
15874
37531
6131
20504
18446
12133
1798
94942
84020
48828
89313
72531
8096
42638
82631
5890
6005
54616
46118
43356
46992
90182
16161
34672
16134
1416
84477
44337
87765
95912
51666
39253
8550
90510
87598
68026
38186
24921
66309
30150
28165
19015
67850
15856
30927
40919
38986
89004
74861
79304
42279
47757
92577
34849
91149
92639
38562
39376
36877
61926
16717
92843
84897
76702
67806
46359
88873
19482
70517
79187
92346
77180
71756
20995
65638
14033
78003
84126
22456
49208
41179
45954
30155
53949
78398
67141
63795
72955
72353
83029
39156
43325
79082
24166
61267
19241
99283
70280
39425
17388
99837
49590
85686
12632
24100
85827
1433
16183
21267
79718
37714
99029
14657
38199
90607
7205
11553
48939
8217
83439
20653
4363
29974
23970
12683
83133
59657
20425
88537
84044
69919
66325
17899
17006
90335
83672
69811
52732
95048
74283
43337
8003
60590
54022
32066
60570
44683
93854
88897
29054
5530
77768
64474
86999
35642
81828
76183
20617
44332
27131
64808
22638
10454
15009
57187
46693
28181
94327
24876
2704
25458
13727
11000
64293
50880
31867
56311
47428
36463
31455
2811
76751
95733
8438
12832
16689
52828
36245
92955
32681
35711
32792
43793
56143
84234
26963
57084
56826
79059
75041
30578
92563
91510
2666
98238
25261
85014
770
14106
85718
58265
64754
53000
790
97807
89715
86443
51004
55400
3037
22571
91057
43217
20993
68982
60325
10548
64206
56487
72333
65226
80345
29912
65829
72316
71790
72171
81032
26975
16801
13497
21195
86152
97975
80555
41436
28350
79182
67896
28318
60543
14255
54363
23780
94379
27747
1793
70640
52752
47908
70452
73905
3458
74012
15819
77456
94744
75104
36274
61247
74751
41025
9620
11350
14157
19854
92899
21911
79234
42384
76895
75591
66500
32923
43230
32620
42836
29873
84819
10900
87735
17227
17801
58083
63442
94666
24129
32273
57474
16370
18050
39781
87041
85344
67424
53070
78383
58842
44916
51799
91824
84684
44675
6666
27262
57179
49854
22657
54781
46302
42692
97264
15400
90696
75752
10221
164
73941
71669
88436
81725
69654
42042
90213
88118
8858
97328
71986
93044
91758
7989
61765
6639
32645
6279
38646
31731
34090
80308
10827
35855
63320
40346
45088
23367
96684
23296
47086
46469
39749
22568
77177
32125
35022
58758
46775
36173
65815
18848
67245
36005
94076
25642
62274
42833
14618
21521
45243
87040
56090
13567
86081
48527
71682
31467
2291
10021
97636
17895
26453
7634
17191
41010
31078
70300
5873
63053
68397
33213
92795
40793
37278
18864
27318
8610
85730
86147
4906
97166
96972
59821
37760
42903
90658
67872
30054
49538
36273
97370
60310
30347
91829
32058
26327
84250
64502
64525
10718
56372
23907
68124
25143
7533
92933
18230
38068
23126
17948
15683
24879
10800
27833
96989
7030
80193
70386
58152
86688
4437
82929
1557
87630
22178
15258
86841
53818
27834
17563
42101
67873
75764
57494
33038
19831
26655
91966
86591
7280
73057
55005
96117
42222
25496
73748
4747
90633
32857
56481
72596
52747
50485
42235
17294
6121
52472
9791
45326
15013
8973
35655
84471
68039
37776
55392
40409
33411
8228
84441
1495
62806
46533
46326
89482
61445
44138
38328
57521
13932
22164
80575
50440
49940
78097
72515
78352
30903
15770
55741
3043
41548
16841
85287
35850
13468
46145
29599
45011
95262
58901
9368
18201
90624
81369
93429
81514
95704
87234
70274
62244
82122
97730
75446
29245
42523
42007
64549
33135
98997
79164
58998
19955
1705
374
36123
11567
65112
73359
31169
38724
49292
12124
49030
40180
35771
38991
9162
80040
66256
80905
74194
7472
45098
28511
79293
97496
98895
30262
71522
39480
16213
9117
60339
29957
1774
19602
26865
80873
13198
44650
53986
57306
30491
25966
55913
86487
48363
88267
35295
98059
93525
23430
78078
40077
28172
37068
73207
87065
30227
76656
48313
50699
75523
27667
94922
73843
1186
18763
93320
99049
70154
37664
72396
90493
37710
26554
6355
11878
11457
31143
51584
64247
22565
57105
73214
15945
62982
11672
79192
87859
64775
56007
29913
98083
69045
29420
49044
84364
61783
14677
49581
41888
43326
99695
32740
24446
14971
89135
72814
13974
88779
14187
6287
65857
11690
84016
20709
77026
21778
36611
92528
3502
18736
42305
6167
99671
5229
68306
30561
12792
55257
63227
25734
34234
76658
20806
26820
51241
55259
17999
9552
77054
30108
61627
55869
38759
3699
87878
25730
95362
30312
90378
30031
26653
92965
85073
49243
30990
55088
10271
94625
9658
55002
85834
9761
98045
45802
98600
82529
94060
89417
48477
84525
90764
57135
41048
45328
14274
77549
28621
34483
97262
91303
78831
85881
68357
62651
95678
45580
16946
88653
40446
29695
52037
90133
70664
16947
72426
80974
19769
96157
82388
17573
41851
45934
26966
21258
98649
26614
59177
50812
82573
59604
7904
63915
32818
90205
92298
78330
35422
73619
20035
93464
32057
1802
33985
52580
70089
34765
99134
21132
69823
47983
15631
66580
31276
70522
21321
27718
55393
3092
62247
56030
66890
24500
53269
93473
49394
63896
14712
60552
15972
27204
13126
98353
81656
87759
1903
91870
54506
53031
39817
92551
49437
92160
27082
38473
12970
42808
58262
64263
13100
73366
51857
27485
66777
85903
25806
32250
91191
11178
36195
91168
95247
16744
27674
45746
32606
56036
65427
81772
41688
6684
18047
53877
97880
12260
37509
43360
74632
67762
27140
88633
1078
41431
56674
44528
75474
75303
96758
11542
18590
37153
62136
71028
56811
17813
78697
47864
20203
52542
61876
47523
4886
49413
8698
88807
90343
86570
65706
72302
74849
90061
86520
83374
11780
37326
29713
18526
63816
91094
80474
52094
214
46196
3309
14616
29152
16077
56717
4612
92908
30299
29697
28213
76517
28436
84346
48863
19147
59592
66888
55467
68531
60019
91429
41579
60013
4142
24360
33552
5329
16476
88530
36552
96098
60888
12347
79942
45217
10144
14788
3665
23221
14551
28967
59514
98730
15881
49603
18884
17894
75745
30678
33146
38740
42115
94795
33334
86077
62809
86364
60373
32747
88829
25398
41883
22931
22074
7462
65620
77003
55730
24813
98897
79485
59286
63692
82462
35950
79131
31789
59743
38783
13797
45095
73564
8345
58172
73633
16959
79884
46170
67705
38874
78011
29898
16310
42869
22254
98790
30218
5900
84404
50968
83226
43728
32189
44704
81733
35660
45509
57537
35605
88370
65531
91030
86412
61449
49426
523
90718
63499
22469
75759
70016
56630
31813
92522
38377
28578
47859
58318
24810
46972
70229
52841
33425
46552
54677
24505
36559
28773
32762
519
95013
38819
97062
70578
94600
35282
5196
94049
77660
14771
22176
14735
13444
80609
49988
75232
55597
72300
44047
50419
4018
47838
19218
79982
69900
36304
3247
6008
42642
63400
24854
40671
18702
82191
81020
72655
798
52085
6615
25082
14743
26343
57267
64798
15180
8806
19552
68807
92376
85210
40150
69665
66200
1938
70906
34061
25188
56936
43514
62110
41661
67384
81701
92669
58256
79516
7058
60097
15118
64891
50124
82225
20125
45366
72347
44175
90981
37736
11882
28848
24461
74991
93215
54181
79951
53420
82021
51282
62312
55451
11895
51610
61456
70845
87111
3770
35368
16025
26704
37007
41697
29004
99574
70780
13367
67378
43055
5843
56689
28684
64850
72465
46658
16286
48529
43272
53647
49283
55001
26925
70807
548
58530
18013
39638
11334
52362
19024
20729
33154
1528
92352
32078
47929
55746
89068
75818
58877
95481
16958
84100
42694
69897
61045
80271
6293
70540
3797
98178
5003
18437
31368
72072
40052
67532
48278
53873
42497
2383
41186
93691
98938
62111
33903
61302
17235
77503
28800
73100
31188
89656
89391
48867
30035
15591
6373
33705
77313
38226
58949
2181
65435
94848
28697
41807
9607
59363
99512
76108
86233
31977
57775
43211
20992
32673
89208
98248
13429
69869
82407
76923
66841
37221
76968
64457
34127
49923
11825
1059
97174
10198
82891
92499
27536
13534
10382
20376
38958
40330
25729
95222
98784
90288
63778
84352
6363
24494
83076
22937
69160
74929
22308
14019
4166
85376
42519
85010
47975
84165
74546
16407
35245
80775
42486
53366
17053
22995
74678
62927
90805
47059
98564
77796
23731
61848
86237
79715
7947
31949
85004
11299
78279
86583
84480
32913
10795
29489
41419
43749
34587
45597
71283
39130
14809
33338
88294
84492
76386
87324
97922
79950
10194
91747
19523
39726
15740
16299
86361
88079
35813
97663
13836
51626
9656
45415
68191
71257
72292
64409
43003
53248
39371
27516
5198
63874
39727
33977
70556
64358
48684
497
73563
41891
19591
5967
5677
72274
39111
6878
52852
57509
26811
93503
50374
96190
3057
10803
20293
44312
19919
80708
84954
51101
30109
99427
23522
41481
17653
73315
31487
97508
63686
24689
90734
58495
15642
43626
10889
97031
41865
87058
31060
62595
96927
82866
72084
75036
53653
35704
42738
994
25967
8674
66263
72875
52120
5654
16555
81329
29595
77871
25988
87232
38804
80894
22281
32209
75907
90998
84418
20927
54890
84297
83686
92758
48541
92438
58697
23991
85396
16054
4529
5926
36330
38601
97553
54529
27525
54904
29526
93239
90369
7063
99434
62827
35840
33873
50980
66204
68155
43866
32788
28523
2239
1151
97425
38591
60784
26110
29333
9497
19368
94603
80008
11243
40615
56875
88208
39432
13170
53365
41215
54826
72963
9360
81148
65342
19039
84278
49683
17248
4962
73614
66901
74404
74506
61843
84779
11003
25582
34578
97409
81590
57511
99169
35087
4523
68943
25112
86978
33576
88913
94366
18706
54037
47776
63062
69630
82235
6848
46132
37591
89748
93061
21548
49546
7702
1681
88899
33956
43572
63633
17110
37435
86992
73920
5045
13939
99565
88399
90749
626
235
40627
55595
78286
51855
75599
95216
4769
62097
97729
93486
55063
77580
17011
43707
6743
74872
4151
84444
1960
7146
20929
22467
24837
72339
45868
36517
97791
32437
92062
88859
21169
71700
64633
3513
74651
64599
7521
23805
97989
21917
40747
88604
24349
13494
39740
62438
14568
51865
42828
67840
70172
59432
81690
73719
87187
7732
34300
1972
132
46664
31527
4634
49725
15665
74767
68082
67573
11261
49058
90922
77974
46744
44950
77899
30945
30395
63892
74645
61976
65471
73363
58786
36770
98834
4914
80762
26242
15031
95329
33424
39783
80224
80333
4045
98789
21142
83754
11218
20793
36084
7918
71069
82985
80979
87995
61829
93999
87777
17454
49863
20798
48332
26229
41141
85047
65555
89761
648
47053
80982
88609
79794
61179
25774
77034
18997
47278
16916
36345
27907
95797
61308
61312
35032
84842
21320
51929
91304
1914
14412
71384
90884
22059
12612
76399
32421
76247
11403
15861
88185
74406
52497
42740
42098
95654
91315
91708
7169
4592
57388
38383
68271
46597
31885
32274
88019
21212
99759
90874
73872
30801
93168
37586
8333
47414
99891
48532
61341
44305
77836
70113
83779
40634
21764
32097
87134
76017
88266
87270
23000
66824
59296
60063
55371
62059
92934
36426
65522
24492
30026
90661
6200
12165
8113
24067
55601
18389
7439
69809
90978
67462
46820
44731
38209
64827
20140
24852
6254
76096
23276
38423
38418
93421
16974
63267
27415
86667
42077
96553
92564
16809
32355
94225
83049
87015
85896
35454
37222
43324
40596
92372
13637
56722
66803
95923
32906
69296
51779
68106
32295
63163
70478
80820
73618
19084
27474
11084
31557
96601
140
55933
14040
71450
12372
13393
26489
90178
14005
3519
63922
8691
93579
16410
33384
72517
25447
9566
84663
17092
47583
29205
12198
53530
87682
96820
11731
64423
49415
25376
69114
49280
89070
59842
11478
14785
92281
86485
71398
20734
42823
46726
91742
84390
76528
28368
65090
67197
63496
64547
22700
76261
57510
91044
24753
36878
76884
61929
93461
85441
35845
50718
30848
18216
52672
47451
83905
51485
85471
71395
35759
81101
11529
94249
6904
5395
81580
87593
34082
93554
17806
74317
16882
50404
90924
92008
20845
92374
15969
41960
19873
41208
59348
51494
91635
5411
53931
93134
82196
18594
93761
57117
66418
31722
20003
62386
14339
98968
28532
293
50617
18284
94157
2126
19595
16174
8520
15868
26450
70299
16133
67832
72669
99310
43624
48468
67018
9840
65975
9209
75027
97108
43075
56248
21161
23206
53920
23303
89956
37865
11986
10971
98105
9811
37768
21200
58493
55326
93552
91418
95588
99116
721
67399
83131
49135
32314
41614
72554
11040
81340
31856
14828
40237
48030
99581
79030
73473
35279
42280
47648
12319
7453
67273
49115
71470
24447
11558
17064
94387
15736
82992
95331
80337
81439
89525
43076
95004
55328
54966
64259
34239
76808
72746
83496
79101
44276
68634
10994
8873
72399
38897
51001
13282
54414
91444
34759
40816
9701
88336
4749
99578
75114
8187
35331
96639
14899
61920
75332
81898
58889
46920
22213
85741
78407
10504
36186
46792
48270
14516
72100
76805
18134
25476
85152
47476
19345
71601
90489
7902
21338
28996
23590
39211
68538
84133
50220
9044
71834
14897
23421
43766
89049
87689
94901
139
14572
7691
59448
30167
16983
64152
43361
53204
37814
93338
32715
50137
40715
66674
17019
10290
80570
20971
73341
582
2794
23567
59599
31466
30396
3169
42663
76168
91300
76341
3776
43751
37357
24466
34749
33413
8467
95920
21819
66372
72311
83190
82849
75194
5753
673
81160
98729
19678
87651
96632
99890
58663
4953
60519
66760
79978
47322
66983
17896
8861
32493
92604
79163
98357
34615
73965
88709
80625
12976
55150
95280
28218
25195
29897
12382
36088
69669
6012
79011
38709
24534
98999
95233
85852
47374
56054
2046
77329
29956
49529
83101
21431
11065
91735
20388
27267
41232
22338
88337
63535
67241
7672
78305
60431
18717
37994
46312
44713
55812
75658
48769
90215
91685
12669
85140
32758
3486
86854
87861
23226
78317
44216
81195
99850
13452
82861
10963
99819
83535
6148
35647
95584
29079
79111
31740
48084
81132
2903
42510
61635
48430
32536
90942
25769
88069
94314
62665
95781
86598
11092
79420
38476
15006
87866
38654
55609
99953
36388
14398
52947
95477
69558
86254
83919
19912
3420
72305
44588
71228
47093
55507
89532
47123
604
92772
23251
749
96747
31823
41846
91254
51002
9279
31841
67948
63875
87663
15184
78936
48451
61732
23854
26220
28661
97840
50406
1270
31317
50798
28467
12302
1641
40532
23083
97753
7570
24329
46341
99981
46585
62035
70250
52422
1174
66308
5899
46979
72129
20429
72739
93398
99383
79130
50885
67619
79813
87908
46595
34981
15965
96547
35656
15043
98417
37781
49648
1285
25244
59498
72435
94870
4756
20688
1622
97238
62148
8072
98682
97635
69075
88216
5595
44239
11328
46860
52011
88133
46330
20632
1405
42647
87142
99665
85618
96656
76587
29346
11128
84823
78161
18324
89782
59909
12678
75128
79762
64540
75142
78644
85825
14508
30097
70512
54416
12325
34644
98901
23178
38385
75716
51744
24726
73280
66507
9650
15170
50562
5929
10670
83452
84186
5894
47445
8792
50475
95563
43007
68333
1834
56093
36515
45758
44100
53693
16143
31210
39024
87721
86853
99966
32289
94342
86501
64712
20579
21957
73448
91963
91267
94546
73091
14669
42811
33263
11224
11665
51859
40870
7656
74263
78530
64545
26231
86777
74865
77030
68645
83335
97315
80630
99408
47564
63086
87686
21689
37879
667
93153
67594
57834
77585
5886
78616
69510
40648
47354
97003
69776
58914
84698
97388
73268
991
84693
99758
56670
48656
41569
65186
12504
64380
87061
94467
31409
5324
92041
8335
84803
21812
48025
29702
61325
52895
18536
3069
47359
30895
62441
93118
51086
95952
99455
73922
91915
67710
90360
72056
97701
28663
12815
68651
49120
30010
7766
58482
21938
1001
50983
12144
85752
26349
33304
623
60810
358
43998
45854
46124
99528
77502
1859
45813
62728
9406
4653
36316
75273
21871
26396
61696
55622
76287
28182
30567
23570
20966
81284
45067
2836
64443
41012
4285
10691
57689
7100
41015
51400
31515
54138
57408
91880
26369
80418
83086
73216
1206
39401
21474
38867
94097
55958
62882
33555
62354
57955
39424
68805
74609
90609
32022
70167
91810
94580
88841
55864
1509
44868
49266
98591
64402
14323
94982
37447
77229
85435
5299
88340
82832
53727
87485
96059
14192
50605
97865
65063
49705
20664
46969
90976
97536
5693
19304
69923
78154
45141
9813
2231
51250
60224
36639
67222
55162
1514
31528
22670
51277
77244
27455
47570
61574
73862
76474
53957
64830
41403
24846
25778
64885
7411
37349
71842
19102
34901
57047
25736
57723
20313
59913
42487
59971
65486
12548
60921
68994
41734
3256
12106
14846
92177
39890
69142
25810
44888
38521
34564
56522
9878
59812
22147
27418
93409
65990
71474
84867
28275
57719
66219
76649
36271
29946
8285
72121
31916
60006
41871
81018
51212
61571
42907
99011
60279
8967
59322
78270
69988
85519
86867
31595
15514
1127
809
64979
27535
79876
75592
13332
1745
86314
26892
42027
43225
51756
32264
92582
10013
95350
31862
13073
39557
45349
31411
84405
97583
77855
42038
95274
35851
74072
53740
50024
87436
61368
92342
87625
56619
22655
15428
9989
73333
4688
30536
21637
84533
59241
8038
69294
90995
81341
79968
32463
80851
63313
22876
20081
92143
50842
8570
46252
96429
77570
79429
62598
47933
72195
72301
63677
36423
57883
16935
67999
6163
10260
42201
74719
7550
49297
98412
50678
49813
89107
78965
28084
46926
36904
26240
33121
97993
23715
80021
45439
61064
91793
73771
37919
84737
49424
78035
17339
19791
36816
77136
50225
80800
93342
28939
10307
28355
97239
20552
86990
87836
97625
11939
57534
29175
9251
64783
84219
38987
81830
76602
85613
60534
4806
71821
93186
67838
31494
76276
91274
1629
39001
58257
40056
29116
50104
71982
97774
14919
37111
36460
26476
17748
61103
19832
46175
62740
10702
93988
20601
92708
49884
58870
10335
32597
55901
89740
98803
87484
90539
8189
24243
32343
61086
62451
28678
95721
86466
61515
24590
47327
60623
64053
62396
95740
48669
94524
51419
62297
89531
58382
97223
1589
94001
11247
84136
61419
34499
53768
74670
82356
93548
69904
68867
25715
43607
75539
16529
65060
78672
69211
47001
2940
12571
27933
59626
42452
93901
24842
23224
90499
51592
21878
71674
28572
82557
55897
61994
38422
60745
61132
66706
40253
43588
34605
44359
86731
45991
80994
64523
91446
201
30390
89093
80489
11709
28307
66831
11706
1535
66195
44616
52946
56196
44514
9576
53408
76741
74384
13176
60272
72523
53280
15017
89958
2533
23055
71096
57384
39957
29209
17276
76514
17724
8584
51577
33286
68674
16761
8
13907
93609
21850
12679
64303
6309
39367
21457
82636
67121
51809
9070
28625
32696
72797
36957
84863
58112
40120
40475
9766
97700
93960
33655
95801
21759
62061
23082
47178
68583
27877
74080
1193
25656
78061
43877
28711
75361
17358
31238
36840
9902
67158
64157
64398
72612
69805
35757
99699
20847
62625
71400
7416
25808
45593
57637
45716
68952
37843
45943
81499
18882
54931
53174
71134
53450
36671
42716
25731
52399
63407
33507
88884
19493
1524
54426
92097
48140
61057
28312
31503
42478
20663
83141
20674
33735
68599
81036
57861
70819
68555
68564
64361
73499
91790
31034
30028
48404
4258
6269
94607
41235
94438
14687
45522
49533
20133
81916
38114
87649
59718
56514
22080
54882
77702
74732
1481
91203
19348
22756
74318
33217
67769
65127
98137
94956
36507
72563
71040
95975
63082
14558
49244
58289
38106
55521
6641
92468
58794
7583
68220
72537
28156
457
56662
51783
76237
28266
95328
47961
49506
23801
27183
31751
78488
20084
37308
49688
45591
88745
56313
23498
55636
49992
43606
7752
99651
38817
55702
16835
24632
99339
14612
37982
38536
64518
66110
71827
53378
78635
60863
23632
83704
61721
78752
2463
63528
21240
42169
34864
21111
78357
57157
56258
72863
28265
63902
74192
59699
38965
63450
84691
59023
99676
6583
68582
13746
27530
76350
68216
4347
82056
8751
5828
16277
14322
28794
11492
56249
99420
65742
33177
64802
26734
78830
95817
93915
34953
23745
84312
24220
47459
9347
69495
30046
97269
91405
78202
99043
92463
91780
74700
82465
39616
72329
68517
5085
48369
5453
87673
54969
88165
67557
7771
30084
31650
74533
74984
47921
89750
88651
73523
39282
38851
76494
46284
15255
95556
22776
69366
42447
55123
28469
10914
19165
7564
96481
2726
70574
73765
44451
8327
84332
10270
70993
588
92103
19570
11803
5238
93572
19297
15518
94661
63750
64139
13060
63130
3966
26441
33805
8980
4902
16776
9254
21752
94354
55252
96172
81628
6133
81144
917
71650
62105
86795
44003
90160
4737
44118
97587
25067
52052
37022
69098
99707
62184
81619
80548
28107
4312
77299
44348
7192
63762
25530
6589
40458
20859
20107
6056
844
88201
30285
4947
67719
75132
75974
4056
55004
21971
39050
66061
33210
30881
67935
39104
33900
74804
5623
99469
91271
27363
89217
31894
3008
8875
48962
28173
66696
66905
84137
46485
24471
95473
59283
3960
18627
68653
95397
99748
74537
71371
10774
1338
39720
52223
68370
64224
59505
14695
73807
99138
95979
47565
15747
87010
65845
35488
83353
41523
20654
15347
79422
23892
34167
84566
75574
8609
85228
99519
75896
80299
51669
5289
47393
40395
45940
8934
99689
33868
53985
34836
22375
86369
12705
66104
66373
53711
36151
24871
51006
94695
46010
14523
31913
62913
54427
22086
98027
52316
77872
10349
53665
34679
91560
90310
28069
54867
63774
39813
69584
12326
97601
59419
18613
19181
6593
1841
10135
24877
77901
31548
24002
85037
60482
56788
85924
57006
45421
35131
19894
42866
67614
18867
81322
87262
15157
38067
44745
75297
77862
5366
18064
65446
70228
76394
62858
86980
21858
26351
21483
59458
5865
61131
80004
74758
55641
8726
85557
35897
86136
41042
13702
98575
67182
78312
96977
11288
14926
41870
26863
15199
76225
71488
28601
15783
60931
9503
61273
74409
37754
15921
18631
59993
49380
62467
29177
92367
81213
26733
18191
22383
59997
4295
35059
87502
31077
76912
80437
507
18580
94359
79301
48199
94380
18646
48837
11947
79498
42788
4840
14203
957
46332
59534
84141
58716
94069
74777
61858
87360
12837
17051
12360
32101
92058
6915
73330
28286
7152
46364
62837
29272
94108
58576
51908
66020
62412
47066
46610
69072
32065
1081
84166
2751
15275
19414
20499
88682
14160
63708
4475
93813
43459
29049
89058
77454
91280
27746
42162
32052
6007
55322
68775
31958
10891
10158
23649
67373
42648
68471
4598
35437
1694
95551
17663
63564
39468
14204
82848
26906
40098
32636
3484
82940
85286
48926
62922
54936
52695
35246
88742
88331
71378
87928
14883
53767
72923
65155
10387
76102
98640
16932
36107
46764
4267
21335
88093
85969
83886
11764
73688
9748
9854
69836
69712
67653
78861
14605
57189
20029
19979
35627
29724
50659
71311
14888
92287
39428
83040
6332
54087
26081
93015
95544
4414
1006
84558
26546
1380
17961
62528
31392
92029
87174
67443
13561
49806
62170
92565
71918
88923
48416
12733
75692
36301
61747
25817
77451
15186
16252
49605
63962
19483
42942
9561
6239
87014
39851
11925
33067
32615
43809
74094
15902
81782
73792
16306
89368
88951
59086
32960
53446
67208
31362
93303
3604
96700
66087
68323
99178
8927
9018
17930
82881
40997
90266
37378
9448
83913
94945
87933
40299
86164
34553
42429
68625
28408
80273
65937
43022
31116
66091
67993
74389
60367
78852
95885
12056
85714
39980
17222
4470
87062
55037
63013
56770
55773
51726
76770
75922
42656
33937
48432
6885
2428
94787
50297
45614
59053
44540
4061
94487
95509
418
66175
18987
69843
54836
85392
17417
27035
14340
62018
37696
4931
38267
83928
8254
79760
64024
3804
43971
20666
9648
52990
2561
45534
98506
33187
5726
29570
68953
64185
61411
17367
40289
58490
95018
70606
89809
67494
13855
36543
68178
30525
36280
52807
21475
72618
52183
26625
61407
6692
16384
28575
70181
51190
80420
46092
40624
55513
85399
47787
81494
24504
62303
30600
39162
31500
28989
88993
99617
94944
84216
87005
71686
67440
18871
60555
33103
48869
62772
84834
44805
29900
23960
85137
75293
1635
52521
90869
40815
63858
85380
68660
22789
14533
63080
95441
38430
2883
93311
99207
48820
43374
92925
86082
91120
40360
47543
62371
28540
89040
67224
91093
71627
5651
71499
97696
9412
86708
75873
19926
91355
88465
36548
75547
67677
93184
76513
77506
73077
59488
45169
62457
56724
71270
63512
20698
36867
22710
77554
24882
26919
28454
43891
42267
8384
98375
78640
30437
43506
90225
46047
8569
3090
23820
53242
69546
90622
98183
18294
19653
72776
4738
77316
81025
60391
43997
61463
4407
10870
2425
29066
84304
47497
97916
89259
62064
12845
30827
3221
2114
54600
86499
29071
90079
48386
25193
45387
30339
66548
15441
17550
31869
972
34527
8838
29062
93714
9677
908
50232
81657
12664
91422
88292
48455
86482
69250
23408
81540
47759
57231
75299
41812
29986
38528
74917
62191
56852
88933
77713
65217
12569
86567
93830
25863
92432
11265
70637
44284
76421
4626
52426
91606
89683
4853
1021
10136
30832
9832
16111
55610
94039
60662
67643
93993
66211
75787
13651
78367
92535
86866
65422
16836
61094
98900
81238
23594
13403
18906
96066
36092
54373
24301
76339
82443
53728
91565
28278
15087
1426
66223
95057
41750
29294
99869
17696
32562
71971
34905
84286
10502
49272
92076
91506
94768
76510
61869
43026
51029
76478
67531
5934
26802
5124
13847
31218
95456
32104
91781
85425
96081
27390
18433
83777
11782
13916
96591
39671
71728
96304
6739
34812
25987
9395
96852
36352
25051
71952
9346
13768
24944
14001
45621
29730
57819
56916
85767
71636
96606
58222
57549
90338
93228
34341
47649
26194
27010
42799
44132
38832
11742
92130
43493
44280
91778
71631
82792
51957
45029
27115
61887
71272
13486
33356
93447
17618
67322
22918
65904
49876
92488
89555
91146
77720
36419
34563
39422
8888
6414
82119
41260
4975
38747
67855
61228
39313
79343
26216
53146
37753
49789
19534
5064
56997
87261
33139
33376
37236
81598
18366
9601
68462
96036
29692
59819
87580
61541
28717
12418
58450
89711
25978
73735
64095
78855
5543
5215
34172
78480
37556
76876
67165
56736
47245
51168
69028
73640
98138
20143
21728
25241
29564
10402
24554
99973
8504
96497
57611
75881
23547
24731
92738
15165
29818
42131
45914
13425
26367
33742
83019
81170
84651
6426
66285
94333
39910
85161
21173
31197
74739
40909
58028
60474
96515
79532
60678
36554
33865
54625
75443
11198
85553
50012
49553
12895
97593
55185
16995
28376
16788
77151
94850
59047
56292
71222
3294
67708
47326
17781
54171
76782
66486
87626
30668
31811
15278
66946
61861
17404
84125
16020
25269
21596
74182
23190
69061
69749
42188
26131
28517
75437
94193
28240
93377
21261
10451
11898
99441
92096
30771
21255
26965
59446
36209
53526
79337
97648
22031
88454
3220
56757
9333
61969
52443
44954
18371
43310
54399
20235
21185
20321
19815
16448
74575
61055
64842
75659
19265
27652
69384
49982
58430
2113
33246
78399
20819
25999
85385
24024
61332
81422
51777
7694
602
12689
64140
58230
8590
41319
29576
29891
61122
73351
51319
93834
61893
83273
69355
27045
30200
39372
55405
10395
2360
95000
32542
48125
6847
80835
27446
14369
60762
19132
5762
72448
80492
51348
71511
35239
18875
45226
39393
82740
14576
72443
8233
1839
58626
45078
79561
46441
30716
15539
71755
79994
20508
15356
82391
2679
89866
33783
22586
84433
90536
68628
50059
25891
67864
68171
55134
90044
34737
4588
95748
45658
28288
66405
12867
32561
72639
9670
5898
84789
8616
62259
53008
4725
94955
71991
5495
13317
79932
93358
30855
15291
3680
67505
27644
42838
5802
93549
10588
3896
60394
18797
12600
4278
11606
20078
56776
54693
80502
89745
86505
73142
43851
27500
72379
80328
60821
92427
75832
81180
36781
66166
41973
29797
30568
41882
89666
20032
1386
480
51178
67638
90055
70754
58107
32336
64998
85409
23993
25709
19343
92023
89470
19219
90063
22295
50184
73509
6995
79177
89622
46834
40844
8919
76666
15093
18626
62915
22278
26560
78474
46959
90323
46027
49401
22796
79844
70393
36285
69651
42521
94691
40160
80808
62049
58103
65608
81224
73578
77278
2469
23667
46376
68972
93273
75634
57489
65860
18450
90788
98764
35825
66048
22545
82004
62232
18
87157
56891
12137
71295
29474
53672
17066
32475
48689
9286
17849
3882
69488
37811
26816
43036
40990
44617
47525
36555
93583
18795
6320
46781
30885
51543
47714
2918
26789
64357
1391
28951
70446
30721
75606
99212
38633
32700
12852
9946
76714
29662
42124
62380
45268
65560
3100
55561
29212
61157
57342
6396
98156
51961
53721
38346
64719
25525
98291
99175
14733
49597
2627
82061
85785
87455
71227
29939
84
86599
83790
14206
97182
34406
26126
81625
89369
67668
95542
62058
89657
65042
34071
98227
75018
1842
41366
11374
81553
64662
68420
46383
845
15859
45506
73187
3564
1409
24240
27579
51430
37372
7188
61500
82105
11655
82335
68872
31287
39788
26481
71935
36268
65304
98025
446
42419
57585
54127
26726
99386
59638
10805
23074
14778
47457
9740
96534
33798
16901
53994
28855
94723
28429
51853
27779
20284
31900
5369
29418
95985
6543
73234
1601
56913
26429
35228
68144
962
10334
93370
64914
797
93930
2494
4550
47948
73403
43604
33538
53947
25442
90695
55846
45753
55616
65916
3707
8702
83606
5397
20000
96282
63138
52301
24176
64748
24578
71056
74442
14564
97448
12397
22921
57914
95518
66394
89321
585
79753
26536
92884
63205
16982
2765
9942
61350
57495
55959
96378
42925
67461
42203
72088
43305
84866
55789
14333
24817
23899
91103
87881
19254
73097
30752
55009
85019
79727
89783
70215
41069
52424
40021
53991
49067
72030
4168
59738
88562
8824
48539
53
995
49332
42551
90665
87449
65870
50522
73374
25645
10315
37079
31231
53983
33363
8709
6503
61274
58320
38258
57781
6603
29436
83097
73519
45558
60968
78094
25417
81516
85226
71167
13407
54142
90608
84372
48895
58667
5195
137
48032
34561
81007
3558
35652
62725
67469
14391
43033
1178
86839
32089
17163
55374
74635
15473
77741
36561
9475
22301
40942
37311
87645
55972
74562
58691
9719
42646
44409
37360
77230
22628
53476
76533
73285
68561
72557
11773
27378
84526
41732
10736
43810
49409
66864
60396
77610
35353
68396
21481
92963
19179
79080
74776
89196
75744
247
88684
40275
19673
95485
17398
81176
86549
80995
27432
16920
78232
60277
72673
84320
52581
62151
14477
32043
16905
76638
28872
12348
96995
27766
58456
22693
88587
53776
43186
83326
14604
14786
55786
59465
45231
55825
77429
1014
99920
71492
78538
58553
75917
60838
958
25761
14561
34814
10488
22873
16128
76500
15378
26208
29906
75550
60926
44666
90040
4331
50677
78259
82892
61612
95486
27493
77171
82298
47612
79181
24138
37601
14670
55867
5940
29206
16903
52219
35738
1953
31408
47752
54469
31824
54102
75700
61492
68509
46983
43475
61472
58781
92860
33601
86116
24546
95863
22543
61803
95497
27655
99595
38546
91841
82878
61531
85726
71372
98677
45611
18241
85991
25542
6400
23404
56965
90371
69521
42502
25141
16665
1049
78073
74574
94731
19861
1134
53979
76733
96651
49851
32781
63417
96941
88107
88608
80618
31903
40646
18246
27569
60333
89215
41101
60872
11295
25119
11048
25116
59302
35925
22426
25592
2523
83547
67308
40057
30972
50175
96092
58167
94175
7024
64424
19634
57936
61422
7774
21491
41281
51
51942
34637
24636
45836
39389
63586
28733
3291
12769
51547
45107
42004
49232
49432
65018
35308
39955
8571
15041
59659
54335
85915
48577
62057
43942
34286
64240
41153
40449
98977
2274
19451
24827
94355
83776
40742
51427
20385
64953
34224
72667
67034
8166
38667
2055
36646
12991
14851
48456
70246
88984
5326
26828
49956
5260
23511
43478
46669
66954
84470
10235
48610
87742
4861
65811
12568
14364
40278
2900
82563
29790
70809
50303
29936
57479
38652
58555
63571
84203
92787
24357
10998
35706
24192
76272
65593
49570
8923
6959
25529
60529
1592
55917
29007
18186
87091
4455
45553
33284
49773
56216
65348
81978
37886
2219
43621
11992
11643
29659
91282
74084
37345
91360
80389
62786
36281
81723
17949
54156
1580
83458
78748
2996
87774
83329
13465
68019
18657
96827
54006
36511
50827
54384
30269
82736
90664
47283
99115
80415
61578
49247
34787
28126
45927
36913
28326
12953
83726
78396
71125
2124
47221
93104
77755
9812
71746
93454
61498
77037
26020
10637
95069
18996
34344
45242
59929
80358
6282
3285
59584
21390
51314
69279
48342
95852
65219
80916
21271
66724
68265
89386
9876
71299
70320
17228
69872
20902
90697
66645
53634
61256
26607
85589
25469
73831
73007
52161
13734
64487
86062
5562
35931
56605
14285
4709
11589
79724
82507
98167
61554
89472
26785
21725
27382
16013
19726
39328
640
11384
17084
45422
15871
32276
54074
2875
93440
56256
3562
21143
66327
9440
25338
86886
25191
17226
388
60774
47835
28320
73577
62294
93722
46143
4878
39556
36645
5442
36188
19611
64027
30894
10403
79750
65823
81300
93528
48910
60048
39373
84106
56537
28019
47313
18863
65892
2876
37700
47662
37332
42197
47039
35956
21546
15287
16749
35936
61136
73673
81727
44734
19613
36588
51834
15863
88152
19773
80773
59962
34036
66463
70958
24707
11382
64297
54688
40739
52229
87147
26033
62127
44360
44255
72143
33734
76469
153
26416
65508
97955
75853
95410
28040
80322
73385
45275
61326
79355
55421
8430
28448
83111
64971
77330
66753
39257
49549
85013
84939
88156
32746
70040
5156
85634
55161
31414
15501
13968
6521
71773
25066
92207
59188
61043
9667
76794
36615
74132
64552
51714
45318
46831
986
33301
48028
59673
94845
91584
17867
25478
79230
54510
10332
5621
10787
79495
22418
78787
92878
76311
62508
80231
43736
20468
71307
76857
86308
8009
24043
74153
40962
54442
71256
90198
76879
87846
87326
25292
79958
70756
21337
14107
89263
2760
62112
40257
21046
96428
99181
48042
95945
21072
95275
44117
70138
6991
89982
31375
26370
55452
89842
91260
3468
73490
25144
36815
38558
3115
24830
82959
12029
82794
88809
55089
3891
42051
74630
62692
29968
99784
74564
7337
75124
34878
58552
92833
7924
36343
50847
31182
60752
25031
61369
85117
1612
10351
90463
29248
49795
33875
80228
64578
52804
3282
61995
18952
69097
84888
14631
29186
26687
71466
38880
6986
32038
89137
76436
88330
89901
25845
34868
85418
6928
89008
94372
51090
70477
2868
25065
11930
65547
43271
33492
45930
23304
65938
23234
80209
68617
20484
41686
58481
90844
48905
62266
83204
47054
91610
22576
31786
11248
26024
67460
92555
80680
75830
80569
74963
3209
31763
51937
5184
18157
81353
5963
71038
58401
18633
71197
74358
79786
49996
9421
42147
48128
59246
95594
29854
31922
19795
96105
91632
31449
51851
63946
77558
3435
71795
55675
35008
3466
95225
52417
92185
90676
56987
57483
25086
59170
71200
72947
21988
47536
79048
13115
78556
26649
58432
55761
69947
3052
2096
71148
26074
66229
26597
54389
67567
79599
85737
31760
81920
62678
24415
42265
27616
94576
45280
64673
58398
50591
14050
12010
56316
85276
93803
87684
18598
39516
65802
58182
55218
69483
77632
15475
99540
5757
5445
13773
90780
70592
20369
98056
95255
89449
44207
49056
93230
38726
92275
86526
1003
88168
19756
21877
31405
54852
27176
85731
44706
89178
50933
36599
15837
46357
76007
75338
58559
82023
1584
275
75492
74601
18571
7582
7622
35777
50603
7195
38854
78101
79506
79171
58145
5158
89047
1447
27592
43148
56395
69193
83137
65948
76050
63135
17069
50742
66948
83657
45096
57868
98719
54031
97329
95449
26933
56247
44648
60732
60287
15357
43414
11160
5095
85307
66313
44202
6378
1128
81866
97950
38885
4282
34044
70508
8594
47100
66634
16685
16763
49612
64458
84682
53623
47367
28395
47430
12583
24690
86108
83932
32668
598
90312
82376
85574
34716
61311
92065
53184
2530
14842
83530
27185
32783
63521
87489
64910
59358
97575
31514
59653
65534
23115
45990
69723
49241
98887
71120
4855
35304
63829
19216
28604
74180
19663
42158
87026
8010
3258
44774
47750
26993
64382
12891
51793
13531
59955
29315
10892
81179
89446
80366
2251
75715
6538
39656
43916
82516
32760
67597
49002
24569
84936
22525
13888
26371
56581
2456
80902
33972
33043
81734
89535
99596
78790
53793
30494
30856
1441
68137
94291
46471
71483
45212
71623
94378
11031
34914
30809
10268
89189
15385
86538
9844
24927
40140
9339
79646
73376
86400
48017
56905
3789
37339
53188
25420
95756
18978
14927
2743
61233
16991
70012
93172
39369
31319
85482
87231
50706
33523
30382
97934
92233
17498
98527
69135
44898
62496
15020
61537
92775
62637
45290
90096
85412
11225
46725
82295
47664
64472
71087
13160
60023
74056
98269
21720
55852
24221
12059
66113
37782
86773
62025
10381
47888
84361
85583
24820
33295
13667
97110
52591
52894
65788
30156
64059
67805
84486
4940
7880
2989
58442
81839
76880
42178
35753
90074
17770
7659
46929
94396
91286
49151
23723
96794
87522
11263
2747
5983
29901
60192
814
73593
30310
32178
2803
6566
84601
34303
77488
24647
18917
13735
60987
64506
36901
56376
94002
1438
91903
98129
73149
25102
32572
60243
232
17249
93430
58567
32429
9661
80536
28538
26924
65956
12706
12938
32485
51935
73704
30191
63744
4162
91656
61629
32377
9187
62616
12775
7724
64075
26996
20323
73480
40260
4000
4133
84767
46719
15430
78459
65231
42949
97802
29172
86238
91709
58449
95187
17239
44603
40029
55084
87276
99872
61268
13801
71423
5399
70359
97794
71110
74686
32851
11422
63481
18400
70055
11707
68074
28904
51344
60777
90722
88263
24801
72933
98253
59958
47719
92579
46636
81669
47353
66602
66348
51730
40572
66392
47923
41612
31617
91971
86234
70135
19744
51370
66429
59522
55492
24128
53020
39203
79552
39687
43716
85586
4102
33753
1547
73328
2168
49742
27250
23330
98095
58807
12270
77497
68941
59163
2842
57956
41383
68914
34875
25628
82668
8794
56738
51967
89995
67936
29214
8883
68568
96450
81575
52576
34516
5175
34409
93387
92373
45860
55991
73152
15044
75833
45895
42654
4846
46420
39526
94505
96786
97393
8638
40731
96707
20981
12122
94324
11487
504
89824
43235
19059
16055
96154
11456
84214
78276
50805
5573
51769
4111
68680
25763
87192
81430
9325
40505
93606
4830
78194
67809
49904
30021
26307
71156
75217
5300
46396
88449
58513
57934
73680
62579
57850
3262
63645
65332
16527
38088
92021
67426
67909
24406
12213
82088
16405
26372
5935
12207
80131
95525
91489
51119
76376
30422
13537
60769
69841
80651
96962
86903
14269
96499
26537
14071
37682
47972
55883
3350
93646
1436
2843
8686
21175
92489
80750
88890
17393
68650
27858
49305
64658
36470
21916
90727
41456
63354
38982
71933
57778
56100
93438
77499
3025
22832
78315
90403
65549
80447
88167
65865
14087
86703
95064
97133
11307
61527
95448
41965
43387
96408
91899
78435
57766
19098
85842
50497
401
1348
40158
92877
43725
83083
21120
60047
16506
4759
45628
14347
52262
25273
68101
77960
10591
66431
17746
12662
52304
4065
33692
98894
86629
1642
63609
15911
33095
89923
61029
58947
64064
83819
61323
56343
55988
5580
13395
11021
54062
84688
95973
28551
4959
66978
99003
67185
53142
77940
50076
85725
44818
23973
36592
57366
47534
8650
71296
72725
75074
3335
1687
89081
59564
50507
64041
43860
77233
4919
15983
44012
2487
9388
60773
29111
68402
30593
19696
59154
16726
69073
69581
32751
72827
48077
62428
87532
47951
12143
37086
47943
44067
44030
70915
55484
94794
95418
7909
97189
81857
22403
11546
83817
64717
37957
32021
6951
85745
65915
64822
35724
15313
13794
13180
2459
20021
58560
57508
41961
91208
55443
43309
46187
47079
64556
82855
8267
72920
56096
62385
82710
61187
78658
55221
22457
86761
47111
10433
41898
47824
56168
39105
83906
46728
78996
14713
29396
39276
37456
55343
8679
46524
60180
47677
76116
55025
89455
74412
55671
63416
83129
86036
6845
94059
94403
15592
8180
65646
24004
91281
12936
21296
58338
59553
53483
26211
35923
79434
53351
3833
64266
27726
88584
92814
88202
50607
53056
23673
18508
24473
95258
77533
51203
59342
99960
20454
48350
22997
34461
10026
77995
65185
1562
16305
47473
74322
52087
77434
31384
75180
47264
62276
58957
10967
35553
84285
57235
16024
15140
18688
86916
56682
81000
48903
27484
25884
66067
78997
15355
9261
67899
35226
82033
80334
20233
72592
80136
5784
92209
93037
55113
40463
19484
14175
72905
775
44103
18179
93193
89611
63199
76806
15714
35473
14756
26592
45581
44494
90392
14502
54902
44282
57360
47417
6833
96835
15590
66082
47630
43423
35445
69814
4144
57705
79083
75092
85043
28768
99223
30605
36340
45162
330
21591
12789
39641
36857
7819
38447
39658
27914
99893
69881
53849
30003
92970
86651
5600
4036
99403
39108
18264
46060
33152
27584
42947
95207
95440
852
79603
32418
40917
57912
76678
13051
75554
91892
61144
73805
44292
9054
64008
19197
43071
96418
16258
31614
12247
28890
24634
3914
41349
87266
11683
30207
21222
21758
73517
74581
25830
38542
2959
91434
47548
64559
30755
85716
76728
60693
25556
49906
30821
79634
46374
18533
26290
10345
34626
13102
60714
73898
24032
19747
91356
7232
9729
82877
64419
28548
33195
41167
33578
15810
65070
56052
97983
13373
25942
123
18535
73863
77178
7326
68455
98889
94014
43934
13919
74816
81802
47657
35630
14974
10412
70686
46739
25725
39865
33750
60163
61855
65257
92288
50958
97591
34595
24804
39005
44130
17548
79396
68143
77707
42587
12868
54934
76455
26666
8056
60182
98868
89258
75351
1288
57722
32507
72141
663
85831
15598
44970
96459
41432
38285
69679
60189
17087
30724
44790
93130
15898
55762
99439
61761
78028
68698
34352
51642
86848
46362
420
11176
64298
37749
49980
7871
69545
58520
84590
19112
45054
43206
79221
36975
44579
64615
95523
781
99492
40623
85514
58342
16600
58749
48722
53240
67713
2746
779
1674
74210
58448
2832
1576
62251
96513
41685
55308
32242
43216
30604
26746
10523
55886
78036
96001
75567
42319
11469
42672
95620
81993
44120
96944
11527
50832
26595
51873
78732
79050
28400
240
29887
96080
67082
2671
40864
20361
3257
52423
6620
57217
13538
31428
34485
36455
29561
96565
56884
5290
53433
27781
57252
74253
92251
61775
66448
96614
75997
241
67433
13554
88354
74906
41420
83338
24768
99814
96836
78235
23259
25326
23499
85208
14144
29491
47223
66509
98943
20044
71675
88506
21575
47302
87113
12120
76064
81418
40835
38533
87717
33035
15932
58367
70145
6903
90867
64465
10816
32842
73713
57939
27560
35853
45233
70123
76312
46821
70392
32808
76987
21857
75409
30928
79861
40070
37100
16359
81476
42350
80723
54350
88032
56183
68629
6910
14501
21155
81996
65689
95624
47812
46313
16628
82186
50282
37047
42790
64992
61755
28142
61589
20493
12910
45360
38814
90659
21831
79214
81314
13329
79052
38102
22546
44259
47464
7112
89173
47213
78873
90487
51867
15582
44444
54211
28557
38425
96120
10392
33405
19520
42490
6953
76020
59870
47164
14343
57943
55522
24257
9730
23817
94675
80686
4639
87080
13402
98877
42210
28662
54395
42689
11749
81061
82773
65099
42631
47407
25565
41438
78769
43669
47064
25879
54253
69695
1415
38414
58025
38755
85491
14967
39244
51828
20827
61840
30520
18265
85981
41310
46779
3451
30654
18430
45721
61421
43178
33966
72580
47616
80477
60157
85822
39625
99338
79362
7713
91874
91547
303
89294
34280
83327
787
98085
67351
20357
3827
21279
28805
87343
10873
45003
96299
42731
84230
28482
22139
74969
20737
82089
42807
30767
54905
17546
67744
2008
37220
95121
34889
38058
93693
74568
58985
17998
54191
95883
39549
42493
83938
53471
91113
52855
23319
69860
19365
31371
84220
9586
6031
56430
81295
4695
1311
38789
68049
53631
67749
20877
24540
92882
50864
16786
36601
29765
77600
67263
3619
93910
59806
35747
64022
69124
42482
25665
59064
59823
88936
31584
13717
46498
77572
90556
13435
45228
81189
95669
37446
87905
23371
23562
87714
94860
41488
16358
31517
86758
55125
43333
34845
90810
13162
29354
91956
768
62854
74663
42386
72345
87863
27478
76023
81991
78738
8486
70715
52982
70669
59466
76246
64062
59276
82667
25307
14402
97123
37543
66102
95560
50663
10630
63290
12223
80581
4965
30930
34410
31490
78608
76898
48713
34837
44602
56119
1159
80818
15589
33846
91244
13957
69818
97400
67626
21875
95903
61090
98736
93792
99187
35837
85944
14353
620
42198
8539
99114
86401
76463
46244
58506
35409
68543
25570
58554
43392
92161
24083
60106
75810
2705
57220
95179
42431
64106
17882
85544
63573
65058
49041
19775
52505
57973
36540
78113
86208
35034
25713
72289
72466
23203
64371
75292
45412
61767
84387
98071
80260
97857
10367
66744
36604
72504
47300
54647
7423
29799
70176
36996
62470
53817
74340
23182
79135
54349
69202
98451
58670
38406
73290
1740
26326
57242
51660
43378
20299
47810
18223
60206
63094
6324
75460
33144
25995
93651
8715
83732
47976
38045
16074
11579
39113
26379
8947
70840
77007
8813
72753
86196
30401
20137
35101
23027
90679
88731
49710
31288
30152
64804
35037
48439
9362
23172
18351
23228
77181
89022
30448
49022
59561
37286
53809
27724
36023
64619
24660
65199
52154
30369
23777
47200
19352
16185
9165
34213
1895
13982
37367
48535
52536
16783
83649
62210
23121
43312
12406
88355
48281
89466
36233
27245
31445
89468
94086
32972
66399
53810
82627
75196
92252
67593
37149
45124
46620
5401
44167
53726
18782
42583
15166
79096
95404
97817
42781
81080
42968
31106
68576
76153
68222
92127
80058
2943
88620
48492
46433
42254
18154
20277
37802
42503
57144
75005
83272
11721
7124
7984
12814
49985
68043
31579
63155
58251
46508
50128
22478
12598
69133
80313
97114
49489
13908
6467
38457
51355
90682
78628
44245
5734
42677
36959
6774
48576
36718
84581
45587
13889
54820
1935
9418
19392
75245
62907
91844
50123
38844
46444
89306
16146
84984
64800
57738
38192
57421
28169
97096
38410
58768
31498
55743
14231
73380
93397
30314
12892
87051
82158
8305
86374
33785
87992
6961
16611
84323
34768
7860
187
37226
34784
35219
84643
16177
52548
77482
26624
50622
55961
79473
9517
91155
67109
89624
33571
41154
39081
89035
29051
579
84524
41938
78060
53874
74079
44034
52291
94222
89212
16999
57554
70862
75476
12713
26066
85621
5308
59935
68214
24861
49713
91251
63067
74543
94846
12698
66767
11371
93717
62488
36519
20387
46565
2899
61128
84333
31559
67358
51785
47729
56013
49469
47142
14623
30161
83986
36024
21621
19238
30081
8000
12268
44119
79325
62422
29963
19303
21387
15042
98464
6802
51409
14036
6719
19289
40992
86354
30663
644
49743
78839
23181
11979
6493
51266
86984
43918
99237
27337
90736
62377
46642
6093
49775
98023
24428
66411
31262
77185
26492
53217
92642
74112
17986
9132
68744
59049
6198
58622
98002
30671
32410
91372
88696
7679
38961
50667
76435
20728
82427
90039
62465
14518
75778
70437
97314
1761
66830
82368
98582
6883
98973
8914
51940
65218
29709
65812
83001
88972
458
45515
95224
87779
29319
19327
94272
68116
81957
15018
42189
86524
22266
57327
96681
58060
23656
30572
38951
76760
71178
82782
98149
56521
7050
17054
44093
6640
26272
31649
95930
67690
87660
24288
73700
67835
17757
4728
12835
21468
69557
77020
67471
9278
44576
37011
31553
73806
69274
14009
81377
66680
86463
63189
58271
64527
68908
89448
41084
22968
40773
27011
52005
51553
30878
43935
36476
91787
61601
42120
2162
18109
48585
46147
88915
62859
60247
60556
20470
3984
97992
68089
21237
67094
501
21687
24672
97706
23923
23497
3774
72273
61443
6446
56937
4270
34755
21581
19361
8286
25833
84886
31479
60056
83442
92924
99008
23022
79963
4425
97120
26442
71179
47233
28009
21103
59942
31861
70949
10698
72956
15626
45274
40503
35347
39881
56246
36259
2992
93005
46707
51541
98824
59920
35564
62141
30072
39900
15427
94765
4614
10212
37373
47871
7529
52485
2830
5538
46324
99812
83795
98884
90240
20193
93526
77669
35892
24121
30904
38841
31800
8819
45074
83997
59066
49408
45431
57315
50777
29121
25444
18162
59471
8229
29855
74835
53857
81331
32893
32018
92881
70064
68638
86266
65898
42111
60066
99847
83242
3924
53708
52650
3987
52938
31775
9788
60815
27170
11172
7833
79678
69942
59323
88549
99550
67283
52609
66949
54007
48447
77526
81536
72290
82001
93741
14720
20823
40183
1490
2524
93533
43907
90951
5509
43597
7397
11565
92364
98652
24429
96178
90355
34206
63569
43727
150
37770
20614
13272
12903
36785
50942
25906
12984
80505
80644
8040
66716
2660
69888
65884
55643
98602
18058
44086
18592
29377
16945
6590
93531
83057
26680
46632
85690
37113
71587
77437
47334
97978
34983
34197
9292
73790
11715
11452
35838
41718
89528
77562
22994
39397
78953
42132
96528
48462
68999
99446
97849
15500
13821
58395
87601
35421
46306
30775
86973
66153
39914
39859
72409
3471
54996
21459
6393
72257
95695
28793
33921
46755
21380
94739
23453
15556
16847
81908
1925
16483
80356
53764
13172
49961
16494
59165
96833
53016
54846
59575
38384
67523
40573
28205
72844
78255
96485
81757
83695
50999
28696
50160
26250
59360
9635
24781
37230
53390
65711
77848
76163
86267
63817
50866
89784
58545
15421
23231
55132
17389
24137
99182
33218
70037
46852
14236
35594
29171
97551
3613
10771
59164
25894
26548
67097
27209
99397
32094
51810
43589
5037
67292
14527
88522
37850
48069
61879
89772
96292
5413
87224
47131
68707
4416
799
13653
56558
93098
24802
23409
34125
63436
45817
15603
38941
7789
1644
20782
63223
98972
54920
52693
36690
93324
63583
51688
48493
31891
29076
78117
32063
54375
18235
50850
45892
2200
99985
32353
85549
1099
33027
44708
95871
17503
57702
44659
94923
41259
35351
91627
30512
26850
96582
46048
11315
30180
56955
18910
64825
84114
13081
60849
67666
94965
94232
18926
49483
11230
29843
49779
7335
34788
23325
12489
71173
32695
23288
84606
25608
31897
85091
10846
54233
31536
98616
91821
31354
468
61506
70236
67541
36765
71103
60490
56745
74990
59319
73022
7470
42033
89298
23443
51752
3620
60422
18128
89336
1256
1958
37073
62850
9705
96536
91439
36782
53563
38348
62833
43118
4131
98157
62347
13925
84032
53950
91527
11950
33886
54552
95526
3154
90882
33722
33237
23525
10000
68113
36369
66458
14221
3408
27309
90192
44123
69544
52685
12906
39733
22067
28873
47988
95195
91502
82214
64946
74769
34734
64675
37140
34853
72972
76028
36658
13292
91266
77687
84426
89856
8935
29857
26252
22016
1704
31016
77285
51294
50867
19833
32793
13676
65846
74876
89352
60746
83694
28748
90747
22574
23132
84650
72179
12078
99295
9116
30970
33947
27561
99817
14081
42570
87968
29999
56777
89331
88309
17691
11679
18762
58397
28959
58078
38296
67002
29029
48876
5563
82835
98621
70169
19952
26903
36935
37370
1060
23215
58116
23835
66255
63850
94684
17890
26321
61508
58720
51601
8720
82297
45992
82055
37810
95412
17017
29823
97056
52824
25614
83626
6382
30399
73505
27870
84595
67606
10109
42426
74047
90955
85256
7256
91231
13094
95089
63838
58154
50782
86797
2319
28420
61184
74986
84096
25975
5846
21896
59190
64623
95573
39466
90353
5517
96187
10319
66748
63628
62650
80801
28111
80932
20167
84575
38019
40184
92650
80045
44995
36998
98090
60160
89153
68889
74977
886
53605
36356
78359
81090
58301
52075
68907
36434
27519
38281
67409
40647
7863
34934
63326
8477
61334
40686
66820
42367
85235
61881
64881
36775
50896
6766
36556
71579
47325
2942
86437
78984
46551
37958
46445
87607
42496
69754
84490
70895
93755
42777
22197
58192
88129
40569
13878
40827
71780
16244
54487
81649
16854
9657
52527
34792
52839
12425
40675
48838
83200
22143
17528
79069
16764
51259
94519
89778
15524
41175
30650
14849
85906
2839
72904
15010
28721
59311
48641
53755
66501
60235
88977
9774
84740
78503
69724
8574
88053
35708
35932
44672
56195
946
97010
5493
46219
16879
84556
30587
56464
92313
15804
1549
48068
36499
90875
8857
52402
8526
65251
75002
65741
27330
41880
24055
39239
92192
94168
95965
84205
24299
70922
52158
86184
13028
83912
88470
50118
35395
39941
42618
46945
26495
45876
48840
53616
9891
14185
59487
29250
46418
71910
69277
52335
25330
53271
96610
42839
50727
12558
40582
68690
18944
74693
56548
70543
54605
64905
38460
95902
63640
8482
86658
63451
52339
96913
72723
51468
67177
53717
3551
79380
70247
59021
84956
4013
83497
80652
47495
77435
9059
80199
19149
45307
48501
85175
20957
92538
32614
82315
54768
44507
49898
68821
98289
18099
49088
85227
72390
3517
1527
68017
19209
6478
23707
18546
19010
84818
21705
4811
50013
9639
63146
53461
86240
34809
23209
89939
94781
90759
69867
1479
29182
47029
1071
99305
82333
46131
67067
81674
8008
46085
27850
57904
93457
90229
53883
42585
81547
83469
21638
10394
83310
59907
36538
59663
7836
85306
48060
32328
37383
15633
89704
29316
12955
19662
37612
10611
85658
89474
88962
41104
64812
26724
80500
84354
67205
90372
83620
28147
66646
59884
58521
15137
92531
28958
36185
75979
16865
9516
37692
63228
44665
49555
56180
57527
5779
24455
48305
31753
42361
35667
87662
75532
56442
33792
82804
33938
42535
28455
98449
91428
31277
93614
59308
77696
5512
13634
11107
87441
28170
81939
28158
42008
81391
79957
10927
82433
30023
86088
32073
62429
74228
67062
89096
54832
89630
41295
84768
83528
12230
93229
5311
42774
18531
27022
41707
18256
7383
96373
94593
48875
89453
57581
85823
97871
51408
28032
47250
22333
59769
20864
17725
43331
27777
52231
93030
21648
7441
57469
34166
28503
12765
9175
50825
70078
9619
98376
1121
6456
62360
61363
18040
92191
85326
82332
85288
34869
59095
91178
89570
75327
67942
77739
95400
37503
52077
57370
48070
37981
26918
13530
45947
32360
19133
62118
91071
41772
51260
55398
27558
91951
5754
74393
78089
36728
1328
79878
85042
1361
29969
41467
97430
27683
30426
62689
35636
34976
73312
49911
81301
7578
37818
18565
3386
1926
89122
66206
28055
92087
21253
42346
10879
56218
15546
26087
15758
20066
33607
53370
68938
96425
68996
14925
96019
89534
88237
67366
85072
74433
68126
85027
92887
18043
95994
70339
21170
65238
97745
47722
69628
69518
61880
70652
20874
63217
38357
26757
46997
29343
85929
38505
48026
27490
53302
57566
94808
23670
14826
33183
40941
70179
827
6270
43481
62800
65954
45467
10414
89692
64337
24501
25724
10383
15977
82839
12546
31482
95963
33554
22566
57747
14105
56952
15570
16986
42940
85626
53729
75420
92976
82540
23470
52926
68869
55107
99968
120
53575
67566
99320
51758
41560
15686
64174
62147
27905
80398
47496
73832
39188
25314
6352
86930
78156
49078
41904
86814
96708
48651
42192
81856
22730
34108
18976
94332
87160
25930
19110
23595
23751
74477
32803
76712
45674
32100
47727
41654
61941
21734
89088
18077
33345
78978
78105
89605
6052
70301
88367
35922
84799
64407
32351
74431
93749
12536
46556
29073
32802
16538
63745
59656
27924
79687
76346
39190
70935
79626
91003
20043
59159
42047
61005
78055
54601
66014
87896
83549
43477
71047
37812
80646
86937
81236
92067
12827
53276
25145
36244
74606
6006
63997
36222
99776
72824
96398
93017
4671
69287
60927
23987
35559
1468
39221
62404
62306
24185
50757
4820
65182
47912
14960
44967
34247
86803
26847
10303
5263
56427
96696
49228
92796
29623
16656
97681
80607
76687
81838
29844
68289
94278
96715
16053
76581
37116
33547
90045
63934
81930
7491
87317
48986
89381
91482
99691
90893
25409
27562
31909
39974
1627
57488
5936
84415
3945
447
40506
71029
58788
67956
32544
35154
48504
35966
43903
18543
61284
20160
44667
87767
80655
87140
8204
44435
30890
13148
7125
15919
23560
29742
10615
73597
25148
11190
70726
95819
57018
14512
77492
55036
35659
27160
30124
59679
18901
64826
20925
66510
86600
26600
92557
50763
47483
54735
50373
23939
27710
52081
84911
50626
96306
66240
98507
36235
10473
23195
41183
84491
10602
83594
34035
51526
53977
80020
45128
11942
25310
87085
19162
72916
4212
72763
45831
79525
8954
26770
78671
6128
36202
74874
38572
24198
23976
44367
79313
75847
88026
44179
61919
16190
96094
49618
70712
41242
35756
18981
51131
18453
32344
88402
34968
26808
5481
55820
94320
67199
65462
46481
4377
9088
16127
57924
58242
87486
92294
1848
56150
51454
713
37293
9464
48889
63151
22198
97316
13572
90787
95294
41830
48568
90166
70619
86725
33091
85653
29237
72745
70528
59548
54041
17737
89847
20275
74441
98124
56827
57980
13189
76559
15343
45477
93235
88624
61772
62998
72427
37869
63938
48841
59647
19810
61264
14006
70096
49951
70006
75516
94552
54938
88649
35241
12666
65066
27188
61282
97418
85190
65772
12178
96623
80079
94990
35571
17220
78463
9787
78369
73579
22857
45811
24867
90975
99241
36562
6605
88815
93574
54094
73423
48283
36896
26758
47332
55532
40985
70599
11206
66848
2582
14896
63599
39348
42026
6091
32971
75305
93932
9574
17687
46849
85659
44944
97325
16952
75465
40912
23540
50925
91582
21808
99123
72490
68488
52084
74796
71775
59866
60641
91068
16472
31244
66609
37917
28298
86669
58715
64114
56133
53519
99624
42877
92608
76336
51015
71089
11244
11772
84735
30444
21961
15340
65111
46965
27162
35380
4972
37645
59346
1152
54254
31496
45763
24812
48033
60883
99770
59605
10704
66351
54230
89235
41085
8150
31693
37018
25799
98453
65409
75397
79280
84611
77376
56695
80637
62317
52477
91925
34421
77349
28982
79041
19543
37276
37203
12136
69246
10613
25240
75333
96062
66209
22395
14876
30232
86268
25250
67045
80157
90930
42683
13134
95309
19758
17874
42310
20211
96891
55707
89163
57724
32527
88704
96969
30468
16784
96990
37280
11919
13426
20969
64406
42902
13215
59858
31187
56366
43797
55380
72872
13246
73913
47181
78786
84508
44947
76826
61056
23433
6501
85303
86318
86856
67418
39829
1558
94709
72973
24020
60091
61101
12877
6722
97052
89665
36771
36660
75685
14852
45693
69845
33088
92923
31151
32755
93617
96933
32157
8107
91008
44052
86897
95074
87643
51414
44244
54563
75580
11523
49515
55967
20605
67554
2973
47896
10737
31489
73737
63594
39020
32702
95406
13938
49074
92507
70549
3854
53134
25716
4487
73522
84504
49660
85708
32919
64505
31623
46176
74413
96873
31327
78891
24409
49028
82902
30956
70983
16709
81652
64415
44536
70623
85876
98519
84379
10552
23264
34721
93403
4353
72936
88305
85919
81806
84268
80148
24718
60800
68848
3481
28494
91147
63396
19191
77723
39527
24108
53869
81495
20536
96869
97396
58984
63063
28830
22970
8734
85437
81611
44768
56969
47196
38959
82100
14468
28641
19937
60221
9988
94360
98944
52079
60753
12027
16630
10012
92941
87129
26852
91326
50664
29617
49903
60336
83738
49962
38463
40908
83214
85487
35079
71563
70805
41629
12314
12471
99381
32393
1172
20431
52259
66516
81672
6850
84228
25443
84626
24018
55957
92552
72974
34909
30683
46974
87028
64803
48970
210
20785
77629
65239
39602
71876
95971
4625
35265
36811
14538
75381
49868
43062
489
92895
43172
68856
22775
82441
3638
32409
75022
70102
23474
91573
95555
49722
12456
96955
17519
36026
20085
64761
95165
88889
77742
21844
6966
47597
51053
87694
63379
25270
43608
53305
15673
6367
6715
78000
90888
67916
95907
86760
7319
68073
51077
89559
38372
2997
63036
95821
40711
23883
18454
53879
32282
36466
97491
84853
71530
65740
90334
94963
3254
14425
83941
91358
43376
14296
55007
99279
91661
61905
99619
58139
63547
27689
64632
48772
43969
83689
1709
5330
49070
44302
54883
50853
60868
143
70851
75986
98010
95725
24611
48766
99275
12239
71948
74454
97421
96510
29134
86541
8524
85289
73535
53884
27171
879
4719
98700
32403
3752
27087
54700
1293
11429
38451
62517
31264
37557
23938
12148
52344
39145
10415
26725
3654
680
33819
82277
96807
65981
61672
10145
9978
28148
7706
47392
6865
84064
61582
71817
63222
57367
90181
85198
23419
6451
91199
90114
89054
6657
65820
29813
31566
51353
61366
9835
68659
35764
19004
28120
97573
24575
87373
45777
51590
14476
20556
59661
50837
86250
84213
42872
36376
36518
79663
19962
30366
93742
17347
52708
90340
17475
19702
45600
59655
99399
54047
99669
57659
32319
2256
76359
75905
51830
49479
66174
45805
56432
52428
27117
88804
29263
64267
99507
19989
10333
30732
51765
24823
86801
64567
33392
58929
88086
94988
65969
90571
17197
53170
51606
25711
71583
42268
74870
95287
45984
84713
90461
16895
42182
8756
64270
9880
29055
54662
3996
85675
39026
39612
28078
75407
53748
32069
53723
28522
57992
99161
32582
84945
93798
87359
8924
43127
69588
89332
99468
24112
65518
12477
29953
1177
67106
33090
65889
85628
47432
80797
34277
54444
20968
79252
69529
59988
39521
15839
39273
42382
46783
78341
56945
10642
93283
30986
7238
10115
25509
77390
77519
7008
8299
56053
16368
30523
45059
98801
70785
35476
8142
99027
10029
93164
37250
29655
75221
12509
24158
40605
37821
1638
52955
15873
99301
28228
79962
5627
3527
45050
92111
91137
65014
61277
70188
67447
45620
15387
51198
11617
48519
2440
59495
77000
8455
48131
83108
6537
875
63453
83569
39679
40452
78157
91865
87982
6240
3875
62052
32969
51452
12277
97761
29322
67561
76166
12322
24037
57316
11931
8738
70925
51362
73492
75323
15216
40972
94433
96678
12369
1602
48335
36045
46167
57625
29085
92696
32624
23489
87460
64991
46448
75774
39802
56087
8294
36122
51084
62778
73849
66299
28888
79062
13877
47893
69863
7912
70509
10517
52214
65902
24476
31493
56332
9250
52547
8390
71726
23738
68493
68727
55790
86622
41492
29616
4040
24201
90618
70875
76792
57309
7621
73670
41363
75972
19295
27072
4642
10380
78682
82709
82930
67504
16082
11489
88513
34815
11339
12625
70271
9665
53260
55784
5094
44516
92098
52552
79526
79319
35
42598
93404
89857
77719
90465
87115
68845
82003
76179
29842
36001
72366
85253
97038
1805
24236
12805
84132
63164
31560
239
25615
63766
21602
76553
2934
70773
16733
98212
8190
37948
57729
16307
90730
57743
14225
15066
59073
56923
87370
7257
42817
73190
20389
77345
84107
2095
9595
77556
34070
35472
58241
11401
52918
86828
61752
47842
73506
91473
96574
30513
92889
19704
27767
20245
51173
4514
86380
37390
87395
99687
2510
32460
18563
42868
16794
62999
76194
36198
32477
16507
14103
14076
50793
17152
95375
67828
24834
88680
19384
31814
76762
33726
84302
43927
69192
91765
81174
47783
53892
95830
50275
28589
77487
62684
25218
25896
84656
48968
71758
94516
55725
14138
63193
8753
21539
99797
13930
66917
69711
34114
46384
29285
87658
99465
50062
2178
77385
37686
97043
94653
88242
49527
40242
55071
32787
6718
59540
50652
63641
73298
67862
70912
58141
65569
53073
12790
60455
18343
22993
69180
74931
12048
66710
25120
6264
59619
1581
21150
81489
6178
69506
16792
12304
45670
95373
48725
45690
83506
59501
43034
88870
72053
20372
88885
52455
60090
12400
8706
66208
84862
28160
42747
36806
52867
17158
86005
72095
58276
39642
27055
77865
5955
87202
2010
39759
45651
97870
98811
13617
71043
59015
51143
15711
29201
21414
95789
84445
26513
26147
20771
17382
85897
24736
82515
95546
54122
22607
34622
77360
13408
78888
77155
2371
71983
82917
65610
6819
66974
66730
79203
29157
3333
55304
41678
33471
3469
60040
81321
96368
3829
12659
59490
60813
2696
32563
81910
85237
90308
33149
33656
5294
84310
20353
35198
93895
18559
82176
22868
15244
98166
93775
7522
16933
22156
45189
298
40750
6531
90262
53002
51239
70700
57799
5377
22645
25243
46288
98629
83316
67231
53773
11215
17928
39195
95450
32770
70450
60365
63959
92229
95321
44355
49100
41674
74345
60059
14466
84546
11020
39057
61468
41441
55342
55964
93963
41150
59730
87541
41775
17524
25781
59088
70996
83824
6598
64608
95240
5349
47261
25387
53683
80734
65773
37187
56789
462
38510
26667
74619
99382
81015
22229
80958
60869
36230
96471
4827
12039
62135
35393
29555
40989
72182
93142
84077
12808
77500
35318
49733
536
45428
15961
17904
12528
44106
73040
1223
58853
12060
12880
55169
72093
16799
29069
72642
22236
80572
5889
33498
63558
18042
83294
47666
80693
60531
99288
92660
3512
61826
5907
3941
98835
99498
55266
1838
8893
97501
29596
18429
3005
17853
61933
52975
63105
47177
97682
57561
45656
8866
93036
88838
92399
30796
16501
16453
77356
81855
3826
54450
83053
3232
21158
8944
70761
32845
21704
86724
85804
67167
98958
77491
99077
14866
54714
73370
48524
5
45987
17866
52628
32999
50426
9967
32873
65939
17117
10346
44336
12507
55962
62780
72268
69380
18469
11999
58090
13777
39258
8821
16767
45472
81203
52022
79016
42578
72477
82759
27273
9348
63880
27835
28797
75084
55703
20116
3506
50369
70917
51664
61344
55280
29937
23769
46262
52188
62034
32854
30923
70600
25948
53155
83718
83088
95507
491
47844
42137
77505
8103
96550
52643
8865
98991
29012
47956
31530
17478
61200
54505
51149
32374
86251
53775
81873
10880
40858
33051
50393
72552
47952
55667
56771
60362
34203
66447
3197
41589
39255
22451
12899
93715
97776
4257
21851
86809
42364
84675
51608
89240
3170
47879
36114
60061
38823
56400
92073
62086
10494
80948
97863
44855
96074
40191
96980
23808
68249
61928
68359
54941
62857
44932
14530
51463
71447
7120
47032
9508
63685
54229
4710
41655
28659
17611
65052
24691
89490
45273
99885
37075
96636
46408
50073
48239
80370
37020
12162
24267
88577
87739
24771
82803
53919
47627
47041
168
80332
11460
76038
32505
95231
88090
78489
82926
2771
43741
89424
86127
82450
12915
62231
78390
79959
59067
3853
48279
9715
33141
77856
67815
82279
49338
4771
9158
4633
18622
90037
14694
46188
54397
68739
83541
46443
37874
42616
19807
30989
43411
39578
25015
67103
50770
20670
99063
71143
60107
60715
50629
22762
69861
2204
64575
53380
24615
74386
95494
42999
58061
62091
4380
69774
65431
19435
72919
34827
41782
37125
46724
22495
8810
35133
88374
86398
8940
7888
17880
96222
1273
96813
18545
5755
45725
24776
62261
8119
89129
72469
48676
30412
98174
12722
91329
34377
20786
93113
96063
31921
23384
36275
31118
20503
63670
74911
6258
83225
34122
34365
30058
85983
16355
58955
59876
13502
84476
24573
3700
27624
45635
25316
42827
44641
83802
91929
70926
74251
59869
97568
19164
16559
59267
4119
6079
61890
1653
25263
27769
83874
82813
39064
51689
34642
13422
35537
94130
26648
51649
10250
72406
65439
52760
54725
76848
91058
90400
46180
33830
73079
46144
82146
44876
75960
46191
34412
20364
89002
56831
67736
3650
29644
20620
8442
91026
80462
49267
53293
42339
98697
79953
38619
73080
50191
39627
47419
23051
97424
13032
57629
99702
81775
7038
18566
70535
90013
83957
81217
64593
478
79792
54059
90049
22662
95803
12828
93181
97927
42561
19460
76642
73358
76697
1632
22297
61736
85857
33007
45686
43584
71442
46681
87688
58989
66393
84796
40495
31615
44669
65666
93636
68702
42830
71101
35240
57043
61626
47490
38830
43441
66795
95630
99631
46468
51583
45712
65463
70724
4667
69902
26970
98988
57031
31069
6893
4110
96171
29736
2861
33184
76660
60134
3510
18296
7494
13853
44856
58344
49760
76653
172
98300
20298
62161
96163
19422
10570
35221
1949
13098
57759
8801
57092
19425
14000
20371
8065
71945
75388
85848
19593
49048
95755
8941
64845
64740
21943
12859
91096
86129
99163
58424
85220
32911
13583
7049
92847
69525
23952
1358
73361
98093
26936
68331
60329
12452
39581
72890
72070
18131
83199
9816
85257
73137
4986
31421
24188
90190
19277
12183
51897
64824
45309
55012
89379
93641
23688
13285
83127
74287
13156
56098
26424
31995
63611
22234
88083
3112
72989
96909
37706
283
35486
16914
47226
58810
68190
19721
79668
18579
31196
36984
29753
45565
23243
46380
41839
15046
64470
94885
6555
47090
4025
2881
87344
75088
85463
6022
56255
84804
16825
99793
5099
79683
33638
53168
77303
18970
5689
91166
12019
24402
39320
86493
54751
89411
36485
84757
67679
70104
78938
79029
65494
14948
64153
32959
69985
62007
68088
42867
35901
42887
70347
50212
34627
60816
43618
26880
46368
91608
4184
3496
1867
53444
80097
27061
80855
52749
4230
11856
33109
54772
66657
77126
10134
93546
80363
28132
18222
52425
24016
71420
25662
69127
40622
11669
42255
76967
16076
49224
19806
26876
13779
62055
80774
756
18233
98410
10717
72067
41703
29734
61401
24918
91885
82901
93673
66687
88483
20723
38402
10910
92363
86075
71015
57928
71375
37500
92158
90236
73094
83291
91134
5275
97272
84583
38033
66707
369
19785
97830
76390
45702
95737
55379
26223
10783
57741
54785
7498
47596
98982
95267
81047
35903
49466
7681
63356
46024
14396
28398
11847
27586
96957
29696
47554
38781
70947
82432
66245
63975
22715
6334
41651
32442
60574
60491
21629
19440
82544
2935
11030
20396
95621
75190
5458
4949
5433
97006
76296
37933
10464
62765
90189
95705
40994
39847
89659
7041
75611
38600
82074
88835
64950
11377
11268
6827
11924
94589
83846
51978
59046
43616
44421
97809
558
97301
22222
39758
32394
37875
24692
92081
21813
81330
25936
50662
64691
64723
94514
36140
75563
7839
11763
49190
58416
59581
34491
68054
87860
55227
23964
67243
55919
98491
52679
79055
12564
73222
9984
2727
85926
36711
76627
79481
43214
95673
58127
49658
71555
20097
86045
27233
11759
6375
64094
11795
24737
69117
3876
87170
31720
71689
81608
21055
18291
64651
73164
29938
78722
56239
90087
9237
34773
37122
56356
61010
59526
21096
71600
77423
75515
93145
5679
33389
82538
68165
10953
63100
40308
70771
72979
51934
89481
98458
45609
8388
36856
22062
3225
20937
22480
4636
97254
58550
35321
44587
94206
38503
32375
13620
44209
45323
65355
58654
20439
81718
27076
50308
19587
66455
44678
19647
9257
58155
12530
34237
94663
9695
18100
42938
71050
87812
58249
37777
40163
32819
28736
2923
10987
6164
5714
66452
31836
76214
69270
51767
53761
1267
87826
23824
46722
7320
96287
75688
15818
78506
34508
64052
53654
37185
37885
67204
47071
25670
60344
97311
31804
98109
77144
74328
40796
79834
95382
1408
79542
83673
93418
48862
12622
27410
39492
82195
28738
71421
36894
23962
38318
99895
74438
22988
12485
83821
1259
83833
70530
90638
42532
60450
55233
86586
72995
50273
70413
82952
22475
88088
50399
57113
19203
11918
58917
6220
46776
31717
93639
83607
98168
62984
33967
39464
31185
57435
56091
10157
59226
24110
49345
19701
74430
74598
63625
15991
19334
10044
71899
2356
74027
99442
88092
2262
44448
53490
24454
81327
62723
17474
7834
51273
99961
54038
23623
52571
69263
45110
62408
18671
1750
46488
93279
13235
65008
90411
65791
1787
23417
99854
83321
40413
42176
60653
29253
5089
87487
80716
79505
77900
17661
43436
64164
81506
23931
22979
78731
1920
43179
9239
76442
75632
26480
60947
91914
6286
49433
94598
32675
57607
89287
37009
62884
52296
29802
84972
98539
40952
94979
15629
66518
74049
66257
9375
2236
88724
83736
95795
31282
96653
83146
10556
52130
8346
49995
66031
39316
99962
58235
75647
9606
24668
66559
83221
77467
17579
58980
35887
90615
2361
87552
77234
94592
53077
27152
1731
41907
45460
30497
5365
67803
97531
88178
68874
50698
32657
79285
9338
69716
40439
93757
22674
9351
34613
57701
90345
67265
87420
12981
88767
79649
76779
77158
37040
28202
25579
7742
13937
58607
55287
90255
17081
18971
53192
67166
37174
39750
44758
46456
75017
41068
7615
52655
7214
32501
76715
87094
96719
90337
57465
33285
36338
76327
23825
38130
50362
95398
53600
38070
65276
16116
24568
58336
89475
44447
12823
27823
2437
74144
20655
86529
35565
37945
52784
5344
56586
79044
81704
12407
43114
92195
92435
10052
13046
45870
60971
96067
48321
40631
21248
19466
68566
60471
30603
87284
61974
81942
88650
79198
15045
73421
31204
63832
32215
85452
11517
51155
67628
15456
92810
44741
8453
23516
49512
55111
91583
36532
75039
34797
87591
84121
51092
1351
86328
43103
78491
74426
47598
5813
62041
18096
76689
56753
11467
55905
45120
4050
23307
33535
64606
51900
29108
47426
41061
73179
88301
96592
9727
75743
89172
78394
91817
36165
3272
88791
86519
74791
2782
39467
72176
85629
97449
8739
79865
95416
26026
23916
84741
27303
23437
4145
35327
5882
39021
31044
52270
21340
20909
46633
85877
62862
26768
67904
62177
75374
40243
84055
33274
88423
36153
80714
15096
51565
97200
96256
65383
10785
51797
41552
72107
14951
38227
87216
66032
31598
36070
94985
80025
93812
85414
35714
32665
10187
20686
10218
75203
34850
31129
2539
57726
44111
71560
26981
34353
76022
48259
7800
21832
37058
54128
91920
84628
73590
19648
3344
85007
25983
60021
93979
29360
64818
26291
57898
87975
23416
44091
78578
21283
91999
58280
89408
692
39479
35972
78622
63025
99350
1162
81753
16585
50725
7297
354
61791
84509
87991
32003
39884
4565
15821
54255
71937
65592
32122
90562
2960
31577
59667
64393
64811
60228
18723
50991
60173
46350
18912
51776
97135
48473
25152
24480
94319
19679
88989
1277
90031
95070
74511
87664
17733
59861
18647
61355
84995
31227
16147
49459
95833
52295
50908
45406
19309
70603
45073
31591
46356
58111
33455
62929
57079
46030
74610
1855
52690
83656
4775
89483
46662
18139
49356
71234
32829
12861
28669
1996
96214
74090
74993
11127
47546
71326
37070
76151
76686
37299
64906
97705
88075
80660
28664
67969
61923
34141
99125
20045
84548
46521
99840
26418
66569
63639
76171
26436
28231
41000
75508
40499
47350
20883
41601
70833
68383
94928
20777
7306
48625
48496
89429
88621
45806
9255
61748
90204
98845
28994
48559
93133
9900
96110
25779
8093
73418
51080
40836
63108
11147
58176
35427
31460
45202
38280
28204
65302
65019
60934
87213
79554
39680
27841
72977
65803
66700
29620
39529
87182
80323
23186
71515
84479
80364
72036
71485
33249
79736
77993
28857
1165
48495
34634
2027
75551
5310
34320
95995
58026
69205
37083
69638
31721
39485
6454
63884
18323
34064
64138
73439
16800
19382
49640
82192
74126
38356
43014
95293
30943
37251
52062
6720
61975
26398
12363
49656
19145
3376
44583
78656
54562
36096
10946
20038
31462
5660
1843
33732
85320
43914
3492
63266
69796
94773
35180
56108
34294
31473
6549
75553
25036
99245
97240
27543
92397
98619
99224
55700
48943
31402
68726
67369
30592
18237
86414
76607
87841
73657
73162
355
33112
2275
21452
99073
71533
79543
4359
8620
80383
95041
96010
98223
90640
59082
87079
47629
34030
52302
40920
96058
33802
3916
70052
19882
50822
79737
16354
59800
37473
35146
69035
9323
93488
74483
37052
41928
883
74772
39297
48381
13083
98832
89476
25641
32922
27017
97431
61778
90673
75184
71524
80525
98467
17508
72254
73608
81008
69275
17162
22287
71531
81400
10069
96431
27142
38499
32588
36582
65122
23501
84292
92605
68688
72680
77733
67741
24312
83030
36041
21622
45208
17465
97353
22793
64933
14723
60804
88822
50405
57170
55403
36820
21505
95541
12438
4916
94504
23610
82442
54494
67024
23683
77085
40848
90048
61911
27625
27451
483
98084
56696
8220
43066
30680
29144
76479
11397
75859
17326
69614
81011
94003
30648
71789
88102
44412
94669
99865
6649
56542
25544
67389
2714
59831
71051
53586
53319
19278
88629
26490
90070
41251
85951
85818
34081
1808
27344
72491
95862
372
39055
46590
53405
19239
68003
79142
65154
960
1974
73785
27824
16035
59232
19439
65499
62878
32744
43291
28293
39294
36349
46100
11074
83648
41428
53571
1370
3239
55414
20704
9299
44362
84642
19160
49586
69949
54435
66691
64921
66739
83852
37346
92743
1878
43908
94975
71972
50051
65668
37412
13669
67549
17589
12035
83155
34741
20095
56926
38474
88826
82810
2784
97580
84026
36105
77527
25210
12141
29405
21847
82396
4249
98865
8925
34284
72754
22653
73714
70020
27252
69535
7608
43724
86272
83693
72414
98305
73151
62644
76160
75160
43529
42013
5070
85372
78050
89028
34610
6403
50966
83911
95615
87009
38849
95925
52788
6111
44133
69247
11776
83989
39815
81095
46576
60988
81890
53300
32167
26773
26188
52341
47126
58219
40217
95372
75514
6461
22394
63311
67860
71031
17103
30773
51100
66244
54783
50660
1097
49595
28115
66738
36618
80645
77643
85423
9763
76775
73906
78541
72074
92544
12180
50266
87535
61687
15409
78045
82722
68347
11915
71816
1876
14510
35501
96742
20903
52653
63444
93173
57842
12216
29311
13107
34856
22334
22622
82162
80668
76865
60008
64652
1055
17354
964
26579
34088
63087
70751
16329
57974
97439
70193
35165
45861
4431
54345
16708
2407
96073
42554
94777
11829
85241
75178
80317
5585
82969
52669
29014
24506
58566
3590
90448
62138
14021
27952
62990
87672
3196
49877
78652
21520
49461
27854
77925
21839
64877
62617
39019
4476
54449
70371
11442
18153
51907
79872
79618
51538
10860
40868
77440
4308
44146
91860
36229
50236
47379
6004
26072
25097
19505
92371
196
81246
72560
17361
80887
54360
41286
74982
2657
1009
27818
79435
27852
51788
93401
96421
35060
49326
71026
18653
16892
2585
20641
27497
82204
86727
82494
47129
75089
97326
53328
6762
98078
12016
88701
49456
82073
54577
72627
3807
59940
43871
59032
11907
20018
14836
38048
11510
64669
22262
26104
92279
3193
66693
73350
41050
71241
79383
40154
63034
15181
81781
22133
60269
7204
80736
81398
53945
32088
43151
96866
35614
19740
83340
37701
70618
2806
69391
29540
52561
74735
73698
24423
34608
50299
65392
59220
75274
29395
96802
68395
8523
98265
74694
61796
56941
83034
5603
69196
66812
18067
7851
20808
93353
26608
42822
26280
79179
1954
37799
43546
48531
9600
92586
19314
33943
88979
80168
54148
46504
44291
93738
71162
96296
59211
4268
88048
85677
72462
95228
31747
35983
24042
91523
26535
50370
37317
90813
76595
44049
97907
43825
59607
33881
65095
17595
93383
13903
26586
92246
27946
9983
23016
7697
94642
69082
51707
91181
69478
22494
49499
9031
17280
98559
84948
50447
67383
7353
81304
65576
94322
13887
51050
66628
41462
34885
3648
72638
26260
36145
96340
18227
82932
15304
83929
82776
70746
22323
11125
83300
74329
11698
80550
84449
92400
9904
67878
34419
9456
22231
90961
61410
53896
38930
64686
38482
92402
99721
25838
85568
92163
46282
13140
66592
78874
21444
33174
17201
71393
78966
78373
26935
61161
24345
85176
30634
2186
20611
49807
41682
8227
48550
59461
41912
83920
15277
2244
47084
51837
55463
53470
28196
95991
67169
16027
29404
50084
1282
4190
70381
83011
3062
50316
34223
91475
91936
80547
86607
7875
33015
71170
83864
33991
2085
92886
78344
47571
42035
84325
80077
59845
13987
76323
65993
59983
6263
45910
2944
49955
21881
25928
43448
33230
85181
50109
95186
85479
77820
26152
98699
89751
66428
90602
44928
94678
91518
69652
12324
50061
30195
55916
41815
25568
33160
61900
82490
82953
34375
68904
89439
45490
28471
43089
83678
78679
55586
18591
14567
54587
53880
11394
65438
99369
32395
92307
4505
92542
83161
66920
51740
7088
89859
91471
81545
91853
40570
46450
46631
71048
56364
44684
98414
77833
922
17319
14159
75159
88361
50289
41080
27722
58741
4530
63147
83425
55940
13997
65780
42225
83281
20705
53584
82807
6390
23631
19632
58403
63513
22711
74391
54381
88434
50935
74193
98534
85720
30846
99236
24666
42259
11301
52167
65776
46260
65806
20227
73168
80262
83043
25328
99715
3423
3315
30657
8975
44896
90809
70200
39729
82579
83534
78737
29472
25920
9563
94786
85753
70870
71957
51246
124
1167
1245
73903
2802
90208
21537
13200
57710
13826
18278
15388
45901
49488
69206
17848
49025
19629
28366
26129
21180
5409
93213
28356
18276
21479
73008
35787
46476
79980
34739
70687
78416
60588
74539
4149
82182
5371
13301
70918
24754
33429
82455
86432
69849
19983
56191
44846
82321
88499
75066
98033
58305
58400
45019
26697
87844
84309
97295
20466
3947
58502
95906
91198
68866
68280
31026
50702
782
30378
93631
97667
82451
64229
15870
67417
44531
48931
78353
41356
91279
82660
40509
89198
71079
85086
63020
43941
50531
5800
90689
19516
95202
10821
63607
60801
26107
3331
57981
22790
10919
41957
42288
36813
91614
73463
2023
20346
38722
85979
28636
25598
51692
46236
54858
61970
19564
42381
68944
72330
95528
70046
88590
17014
67508
3969
97478
30602
25087
57352
34851
72884
46194
9794
17576
65153
41210
58418
22242
14102
21566
54599
99709
83140
49791
49687
45700
66090
55394
99010
63796
16089
248
20822
86815
79066
22883
55170
880
95143
91167
25704
48207
76132
69653
83785
26420
47174
69157
99273
62798
35968
15190
81342
8340
72594
40230
44885
97567
35047
71810
27923
76397
78299
48565
33190
69005
75855
2287
1585
84072
33136
7121
87007
94347
34822
42921
99925
78883
54485
533
48290
49681
36181
27943
3683
97022
99359
1666
29412
92645
75790
32185
9836
32865
63482
59830
54213
1202
52350
46436
24701
5728
46763
60096
84069
37540
43754
29500
67599
89304
87875
16041
83804
42589
82323
43652
2357
53937
47740
56399
24160
2040
89138
17864
601
4316
3290
15262
55041
33550
65532
83082
81904
76731
2846
92664
90237
33247
2339
49176
65906
49765
54486
76232
14860
23758
26771
81303
43939
5178
45841
23008
33911
48237
23551
86144
92326
99561
74794
67470
20754
39498
85935
94344
41747
74021
65347
45308
69055
70631
62367
17684
36845
49632
30893
53847
2159
21801
43131
29647
60140
58540
88871
18035
59980
40621
84478
12572
82506
58058
58064
8183
64048
83038
73928
69978
32267
74812
38648
81345
73431
14522
88944
69741
30300
16589
11293
69516
55324
16647
10968
56103
65992
96903
81361
32580
45306
24499
66740
67591
76921
35404
72463
47795
4716
87973
84916
94067
76449
63756
38139
82760
80062
62368
94460
1921
36228
27588
75405
70765
53427
11753
58310
51116
84723
58731
29224
38544
91359
37854
93558
35658
36706
85956
27141
92490
14699
86385
36021
14708
27476
32261
73308
60997
49919
62403
34133
79601
34655
95884
53247
89563
35593
96207
34040
97653
5298
32932
91763
75576
69844
37704
44416
64947
47966
62973
53069
39767
94474
86143
90881
42071
28304
69222
61097
78653
70005
63404
89925
31917
99752
38028
32591
51991
54098
67464
62599
74844
23247
20997
42886
5567
80846
15672
22460
36263
54203
55853
42214
29140
6561
60876
22382
13427
86845
52457
47152
81795
43345
71004
60345
27596
86476
1403
97668
9684
96278
71598
6894
25221
19354
65098
43171
69996
34433
38315
76456
65213
46035
40420
64281
62541
69906
41981
58462
26135
14901
74120
18015
66214
99713
41465
46563
54515
46730
87561
96353
73812
41749
10210
72184
14239
64810
91098
12741
14330
3968
47878
52716
83015
15159
62016
20408
44743
87565
64684
21554
26320
71383
80179
45185
82220
82922
97218
55329
93916
60266
44278
96531
14606
32213
49730
85528
88368
86646
43119
93319
11612
74770
35216
41351
14290
68123
284
64279
55202
34616
83290
39115
82435
192
90390
97674
34129
27039
22581
42049
48755
8167
39681
77121
12069
58350
31939
17297
91481
11454
54214
44368
95346
19280
41062
63023
79204
66750
58827
13381
7944
33731
85316
94279
37416
89517
85082
22602
24858
56665
78708
34625
79249
92798
47444
80704
50995
56348
78919
20699
16090
48946
61488
9097
48198
12457
8458
42387
15753
90009
63052
50344
10008
88303
32238
52294
27089
49664
90610
73960
79791
19204
564
64711
1312
68436
90619
75315
93072
82594
49805
67912
19341
69410
50401
37918
66656
71865
22516
1564
54633
46153
96126
47330
66787
12997
93690
91820
22298
75666
82744
24015
86000
90486
46749
24528
92698
16791
57100
37771
89544
89881
66023
98709
46478
75957
90035
41731
45555
39165
24373
27541
80866
81468
65997
47663
61579
71895
91312
21836
39570
16256
67778
35876
2424
92308
4928
59538
11864
20458
77039
72326
82860
48214
12134
61744
87754
24094
59643
79381
58372
48029
67311
68192
69282
1378
34828
58047
97717
25539
20539
7271
12783
16288
18765
31651
31943
66173
31851
74604
65300
81841
5373
41019
51118
25500
2419
35289
10406
8874
7535
11306
20452
48781
43943
41144
42728
94171
76800
62017
40542
82539
408
90580
15022
52603
71785
37243
62286
38970
69243
9640
26564
79036
19315
3852
93868
22148
55302
64610
45190
7796
99894
40078
10747
72384
85357
33118
42898
6984
16955
4567
36431
89929
62130
33188
79085
3269
51634
90604
26368
11503
61438
47969
3859
65020
32571
83743
98512
171
63802
45634
35821
21117
55899
96035
1205
74070
18814
27828
96906
74166
13772
6222
14056
53689
64054
4635
75906
11324
2065
52048
860
12977
70252
53175
7926
98737
9003
19897
16221
88761
88463
26845
55903
53235
11978
21108
6155
98369
39737
47030
50655
35402
9415
84918
80524
47465
90819
81568
65319
35042
21284
1817
79245
41263
59798
36505
55596
93051
8637
72816
25873
53024
76433
98715
39125
45942
57128
86876
7519
65642
95142
39413
55294
36649
27110
18390
54068
10088
15835
53724
99307
64087
6318
8312
12999
67800
4836
20347
73890
76319
10672
79642
77344
52201
5860
35462
58874
99607
79720
12780
31860
54137
74200
93918
13261
66601
55539
72831
64622
89854
49184
79652
6026
74664
8701
46767
46765
88306
53801
58695
19689
3663
52480
25973
22869
34671
72111
32520
6459
27331
93701
30474
29084
1711
15846
15315
17578
88777
46617
64099
35919
20210
23412
84560
72643
89752
31351
86995
39849
8721
79332
65459
36994
59865
81254
26641
30693
42343
42223
66162
63265
96307
29544
13732
48010
24089
76820
58967
34385
31726
48049
54347
68506
63712
20924
34843
72912
60223
97106
69840
6473
59479
95540
47063
65496
69505
14450
87772
75561
78381
84990
87984
56378
34332
7848
38027
48393
20749
91907
67831
3393
96145
4188
34767
22774
71494
76711
30249
34566
20869
35392
25355
49901
51184
26448
30621
2772
80879
81297
78495
85122
29516
44931
56259
31848
11664
44108
88631
52067
72850
93201
91180
55214
2776
67192
43302
25029
83631
9344
30203
41006
28574
95217
52412
20585
43945
25859
72383
62693
14304
74807
91621
14509
69734
57739
46661
19992
55158
26009
47584
36493
15566
8993
76009
31425
78968
44059
24742
10273
68589
56705
67110
64544
42733
82286
88975
33245
1700
96914
98927
52954
4221
8582
38717
17331
84840
28283
87185
88564
24587
84511
73956
21804
89875
45484
5747
36575
71545
47080
82032
88749
36442
9796
27702
14726
50733
81498
77298
30034
38487
65381
91349
4784
87887
36663
42975
21013
47057
89159
57847
77480
84501
59438
81245
72748
28627
21397
30443
30144
19988
7680
19708
44538
88247
63821
80568
98874
95707
20409
79589
37562
41781
31780
63117
2141
66320
82967
67529
97672
63853
88888
78468
80950
76555
16668
53822
7075
35754
2884
57197
30409
46782
97364
94441
72264
55970
45298
50845
72894
78325
25378
33518
71480
97445
19465
26540
36593
64685
75584
56863
98438
96448
47035
19415
41648
66117
89050
887
5708
15713
15955
10446
44140
80617
81432
40811
79240
69733
77683
44682
21710
72474
73326
42705
66401
60366
41181
7425
44630
10647
36156
40797
48588
47900
47686
84797
24193
75147
2707
85538
89365
67852
47045
60093
96460
98338
78024
8929
3790
42661
83405
24057
87536
27576
53231
23533
14226
907
19535
61973
66388
16921
43801
12261
18583
28462
95338
91305
88517
52636
47072
86256
78665
2936
98543
86429
76384
74956
55861
85902
89194
36064
94535
47343
60610
27468
94150
58142
53558
28667
7892
86694
83056
78957
67481
37695
34395
652
2327
4225
7549
31639
90901
60034
79007
39230
31831
67919
48965
81799
52221
67029
46611
66278
87336
79394
34552
8031
93356
953
77892
3632
81829
36635
38195
20456
8273
88630
41875
13161
50803
66042
17252
61146
45744
573
6515
62904
94262
72419
1610
63926
10142
76754
84095
13584
14945
9188
74633
34261
85361
11476
4743
86914
77282
44854
93879
94734
14446
69948
29833
30862
87515
95226
52859
88459
83299
41279
27366
54593
31686
10838
28273
55514
71290
31251
84744
50557
80290
70571
63653
18359
25913
96253
63188
67405
37804
15531
60198
14063
63788
23951
65647
30294
15254
9435
34480
51265
39710
31777
76804
72621
74240
46293
84577
60085
93449
53384
5712
56478
97290
71209
33269
62779
20118
58402
47263
50341
3970
76295
3973
42623
30579
19562
1907
22314
78840
92811
48297
48749
79758
61309
39279
33709
55356
61112
20391
84988
75933
20627
76795
31529
19212
30442
48646
49334
98617
38459
10294
39333
32663
35119
75900
54653
93545
7927
63242
74105
45538
23105
72262
70889
55663
42180
60567
98057
38780
97115
30303
91106
39103
14482
90702
18991
32814
23686
86548
20989
53160
49289
58583
54000
28151
40846
2314
70353
50735
15613
75025
28841
46933
63576
13901
23537
74243
59637
12493
99881
96727
34514
9332
7156
61653
19675
90731
4446
17838
82802
67345
26977
30446
13966
37585
14556
31698
29979
218
65434
47636
90050
53007
13182
89312
63458
15720
37707
85632
31788
6769
64646
99117
32272
79292
2527
11713
53472
24435
85955
27144
42247
15314
49571
50483
62375
49758
3878
26606
34648
84369
26035
30719
37862
81262
6632
91407
96923
13310
73987
6862
8321
98657
17901
3571
20254
80486
66906
38884
95483
14585
51633
55742
87817
2057
23831
88534
94325
47599
80230
51704
57634
59002
12201
25377
67551
3686
8741
93499
57451
83854
37279
33809
53882
92873
80899
32226
93601
36458
84578
25382
82213
59911
10459
29426
6250
82844
3664
45626
50114
97455
19088
80051
16768
28787
42358
20281
24258
42091
395
56439
57703
72806
79023
5251
16108
53227
79333
38302
54910
88665
25092
52518
11747
17301
62342
63848
13604
96986
40611
14791
92441
34196
7248
63600
15823
87821
31326
27959
34182
73550
39503
79176
9099
53025
33493
71386
29748
13558
36740
99936
50621
19968
43521
11831
63154
67227
75382
78120
83066
84696
35053
16896
58371
72217
35523
93141
18302
6038
49671
57380
54231
17111
91641
93053
45752
97111
14614
60763
61921
12395
86642
89094
75466
2466
22069
54483
35842
61191
63455
13565
17403
38579
66685
93971
34568
3759
85145
10758
73449
64481
50392
81801
58526
20377
61313
50192
2840
32046
82998
8385
33679
4923
63294
72527
21760
30714
68298
51798
96959
50494
96281
92673
86298
9297
15782
39167
69455
2768
73368
54417
74124
40523
27643
96023
62885
45518
86003
79688
57209
38889
37414
74928
34718
10344
56885
84664
8258
3211
1945
92297
47394
53876
31508
56847
10262
29985
76048
30367
6742
4664
82704
76224
69591
51064
84182
42193
86022
48516
70106
18320
98662
67664
23013
53090
50129
16194
930
80560
95148
45237
7906
88453
29910
50249
5212
95762
12126
23024
29721
51129
59941
50304
45520
76077
2871
12523
33370
86291
69373
76774
97868
14172
87022
12628
35168
78515
83720
14917
79890
97292
63900
74814
73197
64463
52107
68358
74061
91141
45532
23662
49009
19260
55555
76415
87659
30665
23988
4831
80841
71339
68753
17094
19931
54119
4652
25827
20700
60557
54089
71346
74150
18203
63694
53970
18085
79169
11554
20853
19538
64935
43747
2284
90293
50287
30385
8219
48289
59918
90231
16719
55360
46109
27773
569
14587
16280
24475
65105
75995
5879
59756
81416
10505
42863
87778
82918
87611
18023
40955
72671
95229
9291
3123
20706
62356
69278
31475
34975
21119
89389
88023
52256
17189
56440
64273
83630
62229
94365
84827
86676
13569
36176
75342
2872
33444
712
20460
40179
14890
82912
34993
77594
7734
91900
1654
41889
61792
26804
65260
90342
68729
13521
17138
70230
6356
46814
10945
29488
60494
28571
62578
31285
84467
5061
82273
61085
56848
71922
54596
50748
53327
45108
47339
72324
36796
13781
6204
92972
70494
30644
4126
52665
77047
29889
10436
79110
30350
17082
71655
32956
17283
19467
2904
94104
20747
59222
71077
43704
30206
14141
91202
27184
92611
37201
74621
65821
86480
72829
36708
72106
57968
54073
73834
10951
35814
4615
2438
19530
97897
32568
54424
57130
11801
51140
65021
58033
45989
16729
80484
20826
11104
10086
22949
93033
16153
4210
75725
39592
96598
28573
54586
71189
49047
31585
44139
11152
73064
22695
79855
5448
22697
15529
6622
93427
37659
2608
10393
93487
6822
84337
5170
75011
97344
98712
60171
1751
50330
57054
34933
12013
35021
24567
34980
82095
21913
80037
71537
74299
21719
77676
55313
90877
47077
67537
48819
98049
72472
45462
37234
1144
32341
5876
15321
61447
37129
66475
32982
89653
35797
1567
3949
45181
36387
70936
59110
36673
28514
90599
28284
40209
81087
94390
19492
16828
95490
88158
42537
78138
47478
87293
88799
32322
63517
46009
22149
57304
50961
66790
44356
830
35373
38701
3327
49587
82640
62115
72902
39693
69580
4234
1625
3288
8230
62562
96916
57630
43840
35619
67975
10674
78972
94470
47593
23278
2453
55523
43386
88787
89061
54418
81626
74285
15196
60945
95082
44247
10537
18670
52195
31758
24551
26523
20083
87676
77139
58492
83123
73773
87462
71915
59266
71067
98934
71458
29216
72415
45839
37881
49746
91213
33549
49379
25006
13740
60594
71504
30851
89270
25209
95729
58455
76459
13652
38217
53205
53928
66238
83502
28672
71250
18672
66957
47695
22620
62310
54535
567
93953
92337
94657
70857
41142
32868
13503
98196
89513
71263
73799
72757
2613
18071
4484
48980
88941
62794
4952
18204
97209
14027
66391
16819
68070
39451
11935
7662
31344
68346
55794
90732
18041
86134
99686
95986
61127
74246
5965
13699
71147
53747
76371
7516
32779
1984
86816
16231
66292
91130
95323
18212
20507
3410
34977
50686
58845
99821
68096
83951
27014
17479
12135
61177
35164
75454
25313
4844
97824
14472
90295
11624
44555
18931
37089
72044
18489
10746
86467
34795
80756
8160
54387
60515
1276
57601
87701
19498
85092
23628
25653
5043
14028
24789
53643
61348
27062
96153
91283
31253
34351
49214
75434
75365
41247
27148
37924
38989
35549
40709
105
58507
89367
34190
70084
2343
70741
69449
73749
44109
28764
37059
86728
52066
88269
88619
9786
6468
33857
63968
50848
19767
97206
8785
56307
20743
51836
96922
84572
99573
25998
70206
75548
72075
19940
49598
5006
29996
46377
83143
21275
72054
26717
74860
20324
39708
68132
5953
27413
92632
12061
60438
8681
42574
48768
42229
17379
78962
87930
1600
2013
70804
54245
74113
71577
2197
18092
98032
35306
15594
25323
93257
88225
81196
27972
9244
51780
93845
10483
29804
60363
95047
58641
32955
56995
49392
72168
68502
93719
28881
18725
86949
14805
15814
51848
43372
36558
68670
54071
25640
7664
59038
40699
44981
69381
34092
12002
87756
5607
34165
39318
69675
63986
39868
63366
94703
28539
35483
98215
11814
45081
31986
51662
90912
21757
66060
43614
14636
49638
26995
29694
41561
44881
18595
56220
51196
12263
60734
9345
89510
13988
75742
27504
98119
19130
31630
98814
81551
70088
42895
71979
60442
80073
63501
40884
28263
3252
62453
90940
23193
51171
33905
37316
51743
67746
94304
39144
25327
6716
29280
91054
81634
27686
30975
54129
46846
97962
86942
89039
73229
13754
16449
23927
49917
76681
31919
91192
50032
27731
73840
66741
79324
99659
27782
85957
38263
71961
81150
89326
64902
83372
93309
9445
41804
74749
18756
16281
56647
59948
21300
18692
21567
27941
83926
37211
8481
77948
93513
73348
38060
18232
86569
83992
78613
13615
58019
1217
89317
25938
34999
64976
69386
93381
21368
54447
76590
15779
8434
65519
35823
78939
30116
73889
71873
30258
60237
73012
70259
11822
91484
58913
6235
44652
71693
71377
27132
60203
42674
52232
92452
46496
45172
96055
52116
35160
53201
3142
769
81749
97268
89567
56672
36341
65717
16014
90837
75887
24951
25235
81967
83981
95276
31067
36946
23292
53083
4321
30449
53891
34506
32497
21797
46114
82761
59454
3902
39937
27893
5853
25215
11016
9013
21516
12557
51137
86776
84237
59208
84935
17873
89942
46319
77564
51861
93750
7339
4240
63166
42415
6665
65076
90047
51435
84189
73437
98216
70786
18188
49418
71798
5042
34591
15299
51257
92921
22630
94038
26057
78254
84792
39684
64456
68946
77573
18743
56611
22853
28635
18484
59846
36409
746
44397
20551
95333
7903
54462
68513
682
15
11686
76337
35288
23334
68001
9671
36695
85078
25455
91555
51557
60698
82306
86029
87690
30263
70718
58573
10243
76701
97493
34117
82064
34513
63971
62572
19006
73224
92682
99208
28554
42619
56015
93906
94839
51852
70758
61225
83121
39854
63068
70401
84978
90531
51947
82572
79888
22733
90317
37905
95825
53591
92838
43234
27249
34801
2153
81719
313
90273
46794
6146
5060
44517
31849
53045
28804
7365
63073
31944
22905
4574
77744
65919
58259
4984
70025
25032
26911
28360
3148
86452
69454
44873
99276
56419
73644
55602
63990
42437
82052
96400
12818
41458
3917
43202
50843
84414
95234
71717
32778
58484
60676
67863
64843
55418
94624
31410
77712
48729
80250
66384
37303
42977
35526
82157
1227
50792
57871
85433
69971
32315
75067
72204
30439
49503
19344
88126
85891
99314
88883
64788
16243
96487
19659
49582
82869
42773
977
54298
98211
69739
24597
37433
44110
55354
4350
93781
49524
50521
17860
39814
37103
33383
95120
37341
99190
22818
60220
80173
10125
7107
26079
79513
69715
76258
44738
13354
19612
56739
10199
53963
34452
51475
69882
17021
30358
79089
13536
4090
53508
53604
84400
57150
15691
90743
14811
26574
28561
33927
6796
24741
87873
11097
4323
20086
19031
15225
50008
18403
77040
33688
13347
19849
80512
55269
62715
21314
16442
22058
74781
5125
90784
29550
7396
75680
37074
48561
49139
79862
96162
67359
87305
57667
95446
69083
2102
1676
89610
47404
4447
52093
90914
47145
51240
48693
13730
88632
13999
92270
51112
68501
74696
14291
42500
59589
7897
65416
96164
41924
55184
9263
92938
23790
50151
80338
55375
51457
34093
97784
39196
10965
9934
56224
39524
58213
27320
46770
97770
10823
78246
38785
63183
4141
24919
44318
62383
57404
47153
55617
64295
81954
52976
15261
27408
93159
37740
40968
4413
53414
64278
6340
26702
81003
18787
32436
62400
64299
46679
20
47197
9266
88736
74311
9990
22202
14320
72599
92648
3388
60071
72058
91797
72907
66494
13095
29548
94135
65197
73894
88224
68303
31859
48362
21628
8195
59880
41861
72644
63232
3955
26518
18405
98667
13943
7822
73954
8207
61231
92995
45535
40141
63804
22768
86078
9935
14654
94614
25414
66538
54228
2535
53650
91302
53811
43314
97447
43947
26756
50902
13743
17736
49920
73710
19473
96800
95730
65077
17879
79572
42629
96680
10211
89431
13320
49442
86242
9321
4388
54257
15989
39453
91214
81517
27572
15420
53316
49621
39380
34823
98951
69003
30142
63141
51858
70579
93459
33573
84654
31757
31547
1997
47144
79335
77843
41344
18959
68873
99552
96932
14228
37130
37381
5818
29295
93282
26636
24637
54354
35430
32231
33041
80593
80247
93205
90524
85453
71491
65162
41036
30859
12379
53581
80897
62008
73511
19071
68410
91258
25228
19606
82018
99949
88706
93644
22431
71455
90111
38697
97673
87538
6825
464
43342
36546
24826
40708
22957
31552
9943
83768
20386
5917
22324
68444
56346
90454
12752
28567
60530
91705
15370
18679
88548
4289
99990
84858
87926
78602
31224
97689
70770
17712
71956
46884
14675
50047
30690
86535
23492
99136
82910
39041
77540
60977
24334
57116
50240
27373
6443
24458
79812
76425
24766
219
36397
27380
20269
53771
38057
81586
25886
80674
51280
91663
33332
29194
26037
94621
60670
75320
78208
40090
95034
30925
59315
20088
80895
30183
40906
3689
7198
91625
60739
8212
89843
72086
80662
97291
2067
90818
59672
45808
60539
68085
47652
44097
37969
23015
52345
59690
64066
48740
75967
47472
76671
91906
40857
58612
52051
82274
44658
70395
9
49286
57241
91460
68989
38494
7950
86650
32241
83427
643
85762
45283
17664
37010
14282
39608
83279
39911
92069
93442
52358
71921
48847
81249
8894
96075
30450
53975
49352
97530
7605
77058
35105
50998
73662
24485
29984
81571
61459
95949
57285
27296
41817
77817
49172
69448
65225
49866
48706
19236
31567
95128
99987
36042
71832
53337
33827
20936
64316
86743
5501
74517
18510
16043
11186
50716
6624
20923
65633
9932
37380
5771
46871
57439
482
79992
37985
22671
56523
90579
17597
212
61927
26638
68779
68675
56732
44982
67328
50554
7051
28807
64978
86270
66302
32888
30675
23609
33439
77811
286
96312
3338
1013
8211
39892
9525
26910
9217
15877
59790
3306
83078
65585
38904
31357
90006
63337
37798
34315
45726
20349
94093
62676
44987
89818
23222
702
80214
24190
13708
83382
98363
62654
1381
89355
59717
91596
79267
37177
97450
81161
53841
73797
36324
95493
31205
60115
21211
36747
60814
76838
9783
29464
36839
78471
96751
20111
78173
2397
41463
29701
52659
87753
41563
50313
59702
39816
66969
82513
13326
12330
32742
81062
76793
24744
98921
97145
34979
11673
82444
14762
65564
35611
68777
29452
63391
2062
26779
60444
96211
48273
48228
88138
40110
90687
63886
23405
44677
40170
74407
24585
65086
93156
74356
71799
98328
15809
52608
1428
55181
85640
60014
32024
90235
40500
37649
73609
99911
2295
55446
56864
46600
77489
64011
4235
53907
85500
65936
58916
60477
51281
21565
69807
10586
9011
49396
4440
71721
40518
12730
61679
39079
50294
52933
58038
74927
75575
1012
14473
24897
93912
83759
66402
34248
52876
22428
50747
67632
9641
57185
30099
46586
90222
87167
25121
47092
27932
89539
9230
74033
58458
4524
17980
93073
77394
88878
71369
81773
55083
18866
62188
68250
55074
79947
4496
79583
49285
36236
88729
15376
40555
64672
10279
64494
16321
58772
8134
88343
55106
51017
67625
98588
55705
26569
87785
26451
38376
48366
47337
7087
24561
4471
87604
54275
73774
78659
15102
90920
20049
43510
56460
41969
32660
33262
88442
88018
67897
69655
80163
82199
7937
51838
30113
51742
35025
23472
60842
98448
85949
84339
35010
18625
2410
85457
39463
60975
95026
32181
75150
97939
20773
21901
97178
47941
64061
47765
45881
19396
2511
82116
86759
72606
83755
40082
50683
95469
14902
98628
4193
54150
51516
53133
50444
43880
82584
90399
84689
29105
42701
35428
13242
72935
85847
93182
96529
67194
34337
75558
7612
48122
29231
27996
34989
86423
47595
90318
51840
51278
76729
52478
503
85261
10490
68700
51401
56698
6216
58864
97387
82853
651
77534
92638
87259
62311
94210
18769
28997
14461
3814
18784
15946
81296
54115
51425
43417
51287
3158
58227
8284
30030
96119
38475
82044
71001
90800
90171
17041
75998
97277
3300
59835
16404
41937
75845
86516
2605
40357
64791
53157
4480
88801
78038
38731
69753
35252
85201
4176
3850
15252
7856
76005
49600
39496
92706
5583
17456
96622
63390
53221
35904
4393
34013
97319
57448
44940
54432
11740
95639
1296
3264
10944
62839
50852
87298
79349
63973
95844
14688
67671
70080
91877
23650
86278
81864
29265
97297
87786
71788
24441
41604
44266
13725
2920
36752
90474
45737
91985
17177
84624
81771
97454
15215
21498
7251
32103
22159
26044
32014
63842
10899
91755
90201
61202
90127
87105
84321
65483
74766
81758
76467
54637
8921
35497
40055
33697
31711
86297
35944
76738
39289
43862
71277
96414
90972
54924
93972
17308
167
98189
78611
73106
39538
46706
71301
85191
83876
30528
26181
44289
43259
41425
5948
25118
71707
3708
16095
85763
50064
87902
18925
52991
67429
68671
19282
3561
34532
25575
83611
51081
691
21919
44843
15707
38559
8053
83037
20047
30308
36887
54479
45384
58723
4579
9228
91268
75309
74921
72442
66964
74826
2462
6781
55275
84607
65502
77852
16389
14844
41264
35094
68169
75233
21579
44090
27001
12656
5230
79556
75045
33533
31646
26437
75676
44490
57734
97597
90567
64880
3125
89541
856
91868
53026
16993
90352
20952
23826
79459
11009
89488
81064
51076
37321
26168
37145
98679
96579
69151
57949
27394
3472
99189
14891
33888
81566
44393
89282
26881
41996
43580
81207
67533
53082
55687
85750
94836
7236
45087
62070
18442
49738
44865
38072
26851
58918
45798
73932
69992
92526
82084
17418
38945
29361
86445
58051
71859
9134
62995
62889
72160
94364
65074
31229
99951
97676
25406
98497
82672
24743
50193
42032
86805
25129
49859
44590
75218
49472
21658
81764
4132
51747
98480
52144
69450
94976
14740
40092
71091
20790
79255
5945
3079
18428
85017
90541
86099
6877
78511
5473
5641
9560
32080
88978
5586
79056
75614
88785
35350
80357
14345
15915
57406
3555
22527
8627
21112
80872
36055
69302
30080
13366
65885
73288
28504
32785
11775
95455
20268
96532
80451
4821
5171
19324
36969
5126
78755
12806
59017
99564
57542
57664
84846
91099
49405
17829
72022
15840
7318
52798
74881
33404
62281
77977
61152
85605
60453
53867
30128
99280
86438
62346
12695
13609
4850
30473
97618
29487
30132
18007
87145
74214
79175
97988
55655
37839
72338
16075
59397
29977
65723
80539
77838
12911
65303
8407
76633
50644
2430
93183
5524
28933
16712
68697
78638
83390
7139
6585
6815
27776
9848
73119
10716
29399
1005
49370
22228
22935
2655
10905
1069
37453
9893
74042
24559
49451
20360
89141
94980
64920
91948
6421
3021
6433
26154
59240
57840
38549
28386
69926
96740
28972
72018
66886
6655
89062
26012
43742
73262
29357
64807
40881
49686
19720
13998
95403
38643
90046
45116
14992
83700
90660
12728
17596
26958
8930
49539
60512
12355
30797
55564
71632
50351
82790
39992
74065
17993
69161
3019
61997
82560
76043
48944
16682
3323
66907
45494
14652
3351
16674
32170
49196
44045
71924
1030
69569
19040
11256
30051
3944
75815
97258
71171
53488
32253
58629
13365
10259
51016
3658
2725
99051
69218
84552
16057
98107
23933
88417
57424
62222
46858
55976
73824
30216
69041
9033
42163
24550
90259
5988
3971
25883
71620
47645
75013
67564
87307
72361
94410
83608
2826
30135
44539
11078
77068
12041
95422
55155
30800
58352
26392
28089
13659
77346
69617
93366
90455
3834
33781
60841
94515
86938
95437
17701
97007
50773
92553
66815
55249
87424
59796
51644
34541
71605
50378
56187
76743
80565
6897
95772
61329
53485
28476
38333
10077
38752
37599
9551
10124
69541
96097
70733
55321
44223
9210
56677
16627
25300
66498
37984
35847
4666
66751
56645
74172
65367
19990
55163
15015
57577
78069
75406
86430
18639
75961
91786
5577
73170
70205
46353
8298
34694
94012
99974
84942
27259
73072
98954
95699
58934
96939
68131
44313
15089
20730
56764
43329
80142
80425
45697
70539
84447
81824
8454
14022
29093
66138
57583
52944
2246
84668
37888
2964
98177
85784
14222
42097
96228
49680
38386
30987
6405
8214
29218
76628
20288
36306
59191
17956
58774
11733
25257
552
38772
13857
59108
84384
72893
81779
82942
21402
42409
41022
28146
30548
86424
55289
46889
54357
20675
68477
57114
96609
76948
9172
21156
24960
68485
90705
67363
99452
84163
86411
76641
54111
14
11117
54247
22367
59524
87990
49077
58739
12267
86496
92888
81367
59864
49052
81599
91362
92206
37849
82492
24330
94260
19041
6761
44102
85167
56425
20501
35768
65718
22210
44709
97586
45053
10693
7374
99844
38683
46231
15384
54291
44001
84922
14426
7276
80001
18845
19279
6319
31822
61577
55927
18515
92977
49271
93266
20444
17033
49453
32326
58063
60374
68011
16122
49291
72344
21560
6645
69515
47492
11704
299
55647
47385
80198
98244
33352
17935
40720
82486
98322
32140
82239
79630
93362
14368
72513
94601
85732
27875
13101
81188
52503
69910
54502
1795
95264
62037
34619
68806
12437
54736
95662
70701
15979
66250
69088
57430
77515
75199
16206
14256
53486
14166
47796
12878
50975
73936
96480
63996
20467
6568
11272
50670
65093
1803
54095
93638
19287
46520
77574
49261
3507
25937
5944
77470
47356
59092
66647
54995
98259
80938
18073
59118
78054
97172
54219
92770
10886
80080
52903
68831
14857
866
6152
3047
54606
98304
39277
99202
34799
13341
89869
46078
33804
64917
53348
39470
85375
49685
41613
11836
94750
20186
42375
6906
13841
88520
62273
32757
42758
83289
66617
65447
708
35522
59537
57434
1824
44454
45894
41508
24087
48690
50121
59476
88855
35328
38870
73729
99900
40186
45220
47581
59325
16572
60727
45999
75839
70133
62985
52500
19812
12390
29139
1072
34255
19656
80467
48712
96586
51764
36986
33093
33131
49767
72781
57453
92295
43566
16780
68519
26473
13247
41379
30805
41951
13914
81503
86568
9393
61896
79097
94689
62194
62298
69597
24309
82017
77215
55987
31429
14701
68180
75129
20768
90821
70458
17973
4779
7392
60725
55509
65878
43160
5523
5736
87752
82200
84763
39562
31911
71132
11157
42076
77724
69240
60392
77217
45
30376
22572
82739
16166
51189
59216
33603
26603
86214
23081
62669
62624
41587
8510
74266
48066
18288
6476
52380
81647
17648
27071
87864
60559
56806
73208
12076
25890
84999
75955
556
58068
44303
15488
76621
43857
76570
30799
62287
61628
68075
79281
67168
24224
19311
11426
81197
66213
92411
82987
3548
50624
74886
22732
31750
64379
22343
74119
64271
86891
98633
26136
1579
47641
50985
42543
60735
83627
27662
6800
39189
91813
51656
5675
51224
71008
56314
22825
23189
40477
48506
19477
98142
63978
39168
16803
34024
5861
76068
85366
40814
64227
35727
91296
1822
65637
70648
95557
27917
71984
89815
12160
13882
60959
82377
29824
43819
13002
23402
14583
20979
50376
27713
2565
20939
50489
97434
54403
62606
45740
9747
19035
97336
34831
98748
82145
61269
75272
14070
44190
12907
1104
705
53014
34134
71791
35930
49915
43380
70880
38540
74730
27989
48664
25396
34029
38563
21106
69432
43513
86371
76340
56229
96683
89978
46277
26444
49948
44480
9194
62185
25551
48759
89277
77272
52902
96369
34066
16418
40139
89634
46033
59217
40803
92312
48904
3426
54672
66893
56024
46414
9562
99902
14672
4891
23512
68228
34158
57715
56805
88234
27666
99978
40349
73732
70564
29719
87922
98233
77049
6483
51802
56943
54058
39731
84002
31932
37147
37218
93474
64003
92821
50892
39799
6982
57782
48613
91599
85946
39978
52908
88474
55799
61180
73572
94740
99831
13890
43703
93103
81470
96399
45066
7604
92600
10190
22504
47167
28898
163
41837
50878
30177
46510
30613
45374
31540
8909
64725
10872
56526
30370
93117
31657
40084
94687
8502
2136
42591
66879
2501
67189
72656
13543
92747
10606
51950
55216
88072
47735
5507
75185
54333
95875
78773
44500
89879
40842
55019
23846
48790
29874
37166
42498
78368
72576
47779
285
31413
29397
79320
76938
81350
89401
32738
10877
47239
2048
7637
37494
93389
25312
38641
30598
40517
58547
11996
38044
24060
3908
46269
96316
30712
96234
33935
69696
70594
32358
91976
17108
30968
53377
59778
33695
94227
41013
99905
45501
16590
95451
92583
97446
85147
46454
77192
54053
22045
39172
24025
26526
27690
81421
38453
73798
82648
98180
8535
44248
19221
41451
79340
56861
96526
69693
36687
22547
84110
79159
26663
45474
40948
15583
80221
28313
27646
13688
56102
84053
79151
63279
50300
35843
48650
46127
14390
67488
47306
73518
63317
84060
2163
60002
5673
47237
78662
87652
18772
14158
78518
94056
66770
16631
6243
27688
50994
41608
60242
350
35467
22170
390
442
39712
19409
92473
79008
55207
86928
53644
61656
62821
21945
12830
87656
78189
75118
52661
46419
82701
18407
84019
178
72145
51708
48022
14156
77167
29829
69767
87302
48171
30483
10935
41147
89414
3803
20976
28389
13022
96051
32012
99081
81644
11402
94381
48123
89993
79508
94444
89766
88240
739
92225
67091
96861
27956
14016
59857
91727
83301
62393
24202
32151
51579
19262
32397
96822
82961
65437
79521
33106
96076
12873
88256
28585
24913
14121
86831
62272
52156
65924
96494
45071
10778
54878
72965
43047
63646
16497
68843
33826
79946
91776
43515
82755
47604
62255
60929
11914
49365
57199
73758
56810
80448
87180
25826
96744
93793
99260
38484
82545
12062
65520
59239
35729
65118
54603
58048
64060
70097
15129
12987
7560
63560
34180
41985
22532
98517
34862
4517
10105
44543
48708
74532
92429
73964
30056
19036
56783
68967
82456
62948
96984
81131
52995
39350
74133
55632
93831
37241
19829
36072
96107
32444
30340
64907
27775
36322
45203
59392
32843
54014
7062
31590
57841
76586
12436
18984
93106
20935
20416
84229
42281
57106
82243
76040
84825
66963
39036
72066
20944
41588
38079
71805
84884
39416
37368
69437
61948
64617
97432
89810
70238
15149
16514
57832
3143
59898
17023
21085
35995
76189
78184
98463
42786
60032
81102
77035
27362
42936
76054
36915
34603
49010
46098
20089
43252
85592
80499
4518
62544
8029
19261
54192
16593
40626
22535
36028
57337
19722
92892
19472
80465
55441
63048
72917
66259
48365
15755
91139
93210
94888
21563
7209
59579
45842
78519
31910
14697
22294
72105
80343
92845
20048
88215
15506
19546
86054
61343
19058
15690
74789
51025
96407
28003
40721
60554
57918
38405
20591
50415
96367
79079
20946
4007
15543
78800
42260
21023
29113
39644
47935
8172
34649
18836
72856
21738
36911
17268
12949
44747
55660
96173
38675
79210
59688
47199
23521
1896
75371
92121
31380
64211
14555
16772
34238
49023
40080
96768
22344
52709
40725
62307
5532
90982
66676
66993
54092
95769
26885
6930
59891
53484
3075
99658
30897
85814
68479
62000
96694
55239
49532
33546
52230
25384
64903
89376
93226
41151
78274
51581
3628
3685
16626
10724
33276
79276
73472
72906
70855
67408
77753
35217
85110
95426
25953
61073
49142
19741
7419
74937
37962
78175
14254
64246
46178
43769
93123
61654
63935
74444
36074
37296
83851
96660
53095
92366
71630
20578
49346
50108
27879
34536
69152
71653
46415
69681
64757
80611
4897
3831
96359
97704
40899
57324
78167
95570
84085
9666
78176
99109
51997
25880
17293
79028
54413
38924
36710
77395
40215
70304
69126
31497
80943
28931
88824
58760
5100
10511
11154
10512
15744
60825
67552
59977
41121
34335
78174
97210
21849
27629
71397
51488
83703
36077
26000
50649
5513
16699
71325
87119
89383
2572
95870
96858
38156
89416
59739
9072
56278
28921
33525
99802
50851
75510
66106
73347
95134
60808
10324
35382
21980
31854
87038
19494
9611
11121
5487
98136
19335
10390
65614
78836
57030
60538
18112
6644
20398
16301
63423
81658
28871
41070
72487
67188
12829
13203
97842
75557
88934
3347
42889
73721
71460
40971
7092
30854
4461
65928
88635
28948
64324
357
54186
61475
98201
27086
4838
29187
63288
6606
62376
173
53392
13990
50984
73284
7899
17272
70256
91631
78814
84265
98372
77387
11029
62203
7711
46113
23413
86342
29340
32502
33754
9846
91320
83896
99504
74653
31619
95478
93432
31597
9366
79546
99516
55413
54175
49336
67352
52440
97016
52622
86553
15727
28118
11794
94832
89655
66677
21543
26985
66164
16888
15293
60879
41464
55810
88372
26893
76932
11004
16178
5115
58744
18754
32415
38180
91867
74209
91138
7893
35574
41787
64212
28956
47386
31952
89358
66190
78687
79371
71661
74422
22891
16224
75668
73560
27921
40203
41024
56178
15681
77672
55300
75808
52450
72881
15065
76583
66540
69761
87446
88390
34394
35730
80491
88360
37
79377
34594
71012
57277
72325
98786
64918
11693
35388
89255
83457
14440
67252
57345
59899
42232
87825
90564
66958
37344
74173
76358
64336
60505
40548
97743
40223
31513
96410
34168
3557
51638
14459
60760
12383
31558
21241
72950
95306
34333
878
42079
6497
7018
28579
53802
74323
18355
19351
88142
32694
24208
32247
78552
85101
48992
69565
29011
36251
3670
82425
79974
39435
56488
7356
38749
55814
22488
38746
1456
33602
34311
7201
51697
57415
79868
95708
89663
7911
57859
25644
18741
75546
62546
7229
7165
485
13001
50462
80137
73782
42286
69944
78582
19111
87981
17629
2011
86726
8179
68290
66979
73305
31383
27542
62038
93029
35247
42119
60167
70787
2490
90574
26095
99453
34101
58613
89789
99414
58013
91236
96380
47399
94348
88409
65583
619
46067
96897
28438
95510
55653
89708
1999
63615
84710
83414
66038
63764
15893
29176
62724
57616
85179
4031
30738
59440
14176
85426
17605
70588
70210
10438
59773
88333
89565
35687
5984
84322
63041
75144
21500
39039
1928
80166
57966
31865
64704
28129
75402
47767
56132
16416
56365
11187
18610
38859
18347
12644
87728
83459
27739
19342
28515
91630
23756
35263
17989
30571
76846
88489
63839
99355
83489
59881
19837
65651
62439
39462
18870
9326
793
68593
67278
98666
87808
27506
9102
90857
33941
63974
76599
92985
74028
76370
93359
24522
75125
69001
473
77709
64071
10605
66054
94612
15435
54617
17730
83939
28012
93192
36973
98981
77914
10162
8764
32593
89012
42246
24881
59805
62384
17554
7687
10729
19637
68839
70628
55386
44783
55740
21486
22665
66775
24039
42652
27049
12424
8760
68884
62537
22515
12173
60694
50016
99062
91795
74023
70859
63869
97969
96446
15358
45694
74307
10708
69500
43483
14493
7600
6423
36506
73202
22615
54146
74761
22731
55551
3432
77786
79616
5786
89540
17207
64488
74206
86555
83918
92825
84130
59406
36689
36007
6874
13118
45215
3675
93071
28236
9469
58616
92043
83351
16968
86124
36308
4244
90883
28488
56326
56043
55592
39795
99235
36425
3361
11620
65688
75058
47907
65055
45023
13252
91043
15778
24362
24687
42939
37468
45266
80263
77247
41822
5863
82554
94073
64150
82606
96596
55070
63368
69788
87539
86683
5664
41930
90497
38906
529
16489
82036
55434
91301
72029
6500
41599
43774
74379
34251
44417
19545
5039
40232
89406
5826
47532
6272
34437
23346
77323
26182
70422
48614
70784
6150
21260
10981
54741
7476
16093
37305
50979
36537
32053
38325
87479
64068
50223
46630
46300
81067
5792
4999
20712
56721
82873
92378
93434
64733
66755
35366
34254
99576
84609
34405
46121
82177
24487
50001
92227
39147
94536
3863
96276
93888
63301
98089
96915
60323
74813
11219
68160
16229
47195
7261
32438
6139
23926
47210
49112
42528
68446
62116
60521
15353
63688
54958
7686
65404
60992
68481
88953
87631
79883
69873
93882
4605
97466
43195
59734
17194
22118
89430
41446
8402
99957
46424
43708
9770
46622
31608
99253
87617
21601
79754
73992
55165
95653
13441
52813
38090
1829
38092
5331
90167
10360
85552
58858
83797
37266
73900
91695
46406
94274
44689
28468
7787
84716
44206
17628
8270
69769
55458
8820
51236
89914
12948
66059
99153
84291
41770
23811
54727
57328
65309
39996
39689
6996
11843
69908
33506
53023
3133
41342
9914
666
33098
67200
16885
81447
39183
9901
19470
90480
68478
83333
82172
31972
34517
63260
43315
19635
55072
15273
53330
11728
6278
62153
85565
3487
95847
15130
69933
49242
74098
6455
35645
34218
67544
60608
60787
90909
82276
60238
15085
89970
7432
22313
52966
83954
73694
79321
34761
67743
77358
58091
77583
68898
2321
81072
51643
42445
8370
67016
81685
64145
10018
46634
60384
37102
82000
70190
64080
80804
62675
73302
95713
72958
57334
74660
4211
76535
88311
40934
48714
78564
57709
99816
24035
6236
62887
60748
17599
71246
10174
19980
82708
76981
58658
98143
96395
25156
71843
15786
56047
70583
70128
40280
24676
39913
70823
93695
86027
33619
17383
27029
27265
99332
53527
79469
46201
44979
62284
57633
62656
27532
78210
84729
29885
9834
42448
47297
79038
69301
70629
29112
60817
88995
58040
83714
87312
20661
34986
29192
26628
21420
67355
79254
15664
94044
95895
54671
86836
92114
87807
32939
73156
553
6447
74107
4624
28750
36169
46264
57548
35072
66182
56531
49936
8659
45687
76013
93100
7873
15815
15733
56083
89327
44548
24181
80904
59125
77550
62238
41034
92115
3202
15182
8859
40355
48347
75876
87154
70334
29135
43435
25010
52031
17670
54517
15446
63815
84119
17298
79418
37259
31308
72654
83514
98127
65297
3671
80684
41759
56853
5647
20990
86167
77988
21295
80291
25042
64780
16317
63773
29338
93946
58890
86280
17887
88005
16261
30999
21736
52854
876
2212
1439
97246
74613
72444
46032
28224
11005
58896
26676
78140
24118
56637
40781
81347
23519
83959
41320
34920
57223
26835
58486
95561
39934
66512
5584
31744
87843
6245
42338
24132
51985
40804
11897
43915
17031
59963
39715
81135
4006
49450
98702
15842
82601
39770
20756
61121
35273
12412
6065
31604
50207
88668
43894
78502
28658
37722
7501
5514
84734
98777
9159
70755
21028
48388
21859
100000
77976
40079
66124
38508
90089
6099
28215
88702
66778
21747
61608
82254
85021
14741
66022
22122
57622
24673
37120
39420
60928
76286
70056
72555
11258
91262
24733
86947
9293
68321
54402
44534
98494
52950
34738
30506
49505
2816
29141
55574
54188
37894
93945
93581
13765
1582
1382
15303
73540
68521
86015
42442
40274
84380
60870
17000
44626
61502
56159
3698
51668
58617
54719
54930
49008
49944
21669
99226
71207
11609
21822
41722
65249
53011
40202
3725
18629
48894
43053
12341
87031
45364
12579
51863
42121
45513
5794
44690
12615
47234
65400
7823
2764
19823
43909
44055
36496
71855
80780
95149
50503
93992
66365
370
513
54135
49508
26146
80558
65195
41792
6077
9112
17619
96853
45714
22871
47192
50028
93007
15214
27665
68324
89658
52298
46208
70905
74899
96635
95710
99856
90445
11335
40516
85398
81584
33807
6229
30179
26984
61603
18290
88983
32329
76079
50291
311
99416
6813
73172
79615
88299
83953
45035
8074
48960
22327
94062
89720
3809
28811
84101
75856
88756
8748
25149
38899
76695
15587
15567
14300
92272
91895
16766
64175
33234
55133
59162
73065
87907
34903
19291
45995
60895
61943
54055
18330
6297
53256
29605
12927
21361
54408
12887
72598
91931
65996
76167
24486
77055
34937
31879
15906
19463
13375
48705
83556
12588
77184
58696
82411
26613
58897
87555
41271
72280
69647
17148
81382
683
71835
15311
53413
75234
85611
23538
86299
97946
93076
47609
95444
6807
40174
20694
74424
30864
19385
52236
27317
3559
61017
80458
97800
9136
4004
13599
9101
29158
72694
9173
42751
94173
29758
25708
72766
24593
36270
38294
45639
66816
65430
15072
1132
24955
10092
66201
24651
49119
28507
43640
29675
62318
28693
98791
68237
83099
39555
14804
92370
53478
59502
25340
78458
61598
20943
46908
12340
82865
58421
31198
22661
19347
22761
73622
20257
41196
86721
6999
45862
75573
60399
71090
80414
97827
57464
58030
75536
63302
67781
51998
55876
68708
97460
44148
30329
36227
32723
64239
47113
39353
69907
27334
44976
11267
95181
11283
48232
47850
5772
50849
57156
58405
70408
34899
97243
30143
59874
3667
95996
52317
59630
95337
2293
90125
96548
2859
96417
84665
51182
67604
21313
20621
51283
73830
75851
86074
44176
12822
71293
2461
70467
28917
81501
50238
99674
64821
74625
79582
51963
13897
91918
33495
17902
60643
64122
20757
36578
63549
70225
17008
48286
57678
9108
88683
21982
27203
91659
67081
73055
2290
41292
9181
80286
17939
47310
25381
52235
25122
37219
29235
25285
25298
49907
32357
74697
82051
35376
63345
24396
6034
53750
51800
56067
56877
97914
88876
16155
66766
56192
56065
94482
29070
44264
72052
32709
62718
80443
39351
62729
74624
26331
56466
78982
40205
97083
24796
37936
90703
35890
32905
10220
5643
13505
61641
83455
71356
46309
47119
23593
52407
18111
47409
62143
85304
49101
49079
84924
90393
69585
49057
71289
78196
12931
44455
47274
31456
9494
46389
18404
66763
69079
71809
60152
88424
54769
43921
47963
89562
96711
22146
3500
73227
9307
36501
19154
10514
14534
47758
69671
24405
84555
88800
27163
82120
20238
3851
27888
15498
65894
64621
54106
76940
24589
82995
89360
78388
57299
36158
45902
51329
18170
18720
94000
59353
86829
70929
96679
35924
40268
94763
34936
93079
49494
61003
6896
86173
77368
61242
75741
75457
39550
66576
58130
26739
9224
38665
25849
24315
36879
63500
71115
16400
19390
82190
6821
74731
80455
94735
84025
21131
45403
154
94451
48170
84211
23219
32509
58801
57325
92345
8444
43168
35994
50011
40911
44754
67096
33470
52297
12109
31951
63092
39299
17826
88258
65764
99982
58104
25491
31682
27228
70956
30198
86372
98331
27608
84507
8149
24244
83970
32766
9336
53657
55210
84914
6464
93115
19867
77740
67288
80640
87958
44498
43165
53535
20885
73983
70277
57459
47329
51796
13682
50790
10462
14080
84788
41057
21528
52065
11975
15784
93702
10152
75403
48482
92101
91124
47637
4767
31094
56486
37988
16232
16385
62003
3063
66927
35633
70748
25282
19268
13055
84440
13834
40764
65978
9685
64301
90910
72957
91207
65568
2220
36743
79837
64389
57146
97995
18623
68936
45356
86711
61155
6776
42414
22385
88606
19646
34445
73672
16094
97310
85588
13664
15080
58362
98557
10531
73260
27844
44267
48230
88136
24778
41987
9808
67047
25788
91665
99510
97801
80254
25317
47825
44585
22687
36836
35973
32443
67390
50891
67985
58795
81050
36640
63696
72948
76836
46876
55826
53564
89413
40117
57507
27751
3612
92244
14711
33308
43415
82642
64787
40470
98161
27693
72110
71124
13047
73705
88783
62340
11695
68740
49871
65709
59166
98587
59153
82526
52872
92299
77870
21970
34056
59143
35255
63857
23706
96788
9009
55749
75944
50400
62196
14135
52557
83741
55990
1525
43108
23788
14955
56074
56911
47370
70641
785
32539
68604
82816
73943
33025
38576
76830
36852
98325
4076
70178
43735
7496
46044
99876
31785
33341
58423
88149
87497
26163
15610
32806
17773
30002
17
72765
26794
49814
45312
78403
66491
97494
52600
38761
47522
58297
13280
41433
54118
38496
97452
78296
81145
56818
4885
70668
53416
42102
90137
74729
42995
52271
9970
5049
83342
38760
711
78504
90090
87384
35286
25075
13196
53733
13511
56992
57808
66427
60627
14031
92379
99052
44963
67947
67088
93929
87743
80639
93987
61885
89445
49375
20524
72087
90514
41884
2684
31031
99031
92594
83513
49484
70100
43901
19539
1360
41866
37188
65106
85590
81635
33590
78126
5910
11954
96309
41952
79045
74790
79643
30701
11545
61504
57817
57461
57947
14969
49330
10966
96355
2431
4386
10538
61072
36889
64000
93893
77947
61440
30455
91385
59243
15460
14436
62867
67277
66597
29944
49264
92649
73192
36033
89863
48155
76088
44315
90639
9570
93198
17646
88009
93978
35743
76348
6683
33824
37175
40130
85251
54149
20848
2183
95999
18918
29451
42742
21529
22795
43091
65466
71613
13380
64250
5550
82700
49255
16623
48008
48238
55186
4236
5336
80983
4084
99361
13401
51821
5050
62431
59074
1909
52845
31361
51878
39107
5838
72020
54054
33055
43930
31892
78976
33553
36481
84221
72065
96523
34793
64858
50437
19490
59665
74415
92618
49653
59320
86007
69611
73407
46652
23475
56584
47932
17925
30562
11960
98530
57476
72946
20154
14753
33592
52008
50947
34404
74087
52285
67565
69789
3387
28605
53135
5192
39601
99230
17254
82401
30669
85872
61022
58615
98686
38413
75480
33064
22849
22534
14281
30431
71688
97646
93848
16251
44398
86955
12343
7936
17916
66482
62951
74793
75722
10404
46083
29213
8232
34494
26551
51389
39197
13336
75488
25126
67568
57657
33994
21411
73323
25480
58066
92515
65426
89184
44037
68573
2116
8577
76030
58435
9802
31360
71264
68554
48083
73440
63566
54565
68009
44020
452
50110
80898
74999
36111
58782
17869
78349
21817
56428
5101
32583
34264
66834
2532
28993
27679
72737
97343
84487
56568
23033
36488
46322
51245
5325
3198
30040
63810
74913
57484
33257
89507
22102
33012
80087
91478
80053
68733
96741
57319
53345
44593
69345
57110
89007
86557
41248
32610
55361
808
55599
25201
71822
90892
52175
84024
33062
9474
54151
32697
70398
21012
18220
58353
13469
74775
47279
67939
87379
49360
69810
23965
74346
89954
41935
82019
87448
45292
87163
25964
30802
91408
27406
85394
93466
34293
15105
20394
32050
83322
54305
12562
11951
17255
32733
53125
79486
32011
71763
3775
50346
5118
2325
28525
72885
36475
24142
84635
62988
30944
41737
95056
81721
99774
36731
63933
62211
76252
31754
22453
86750
57196
31395
59372
92106
64021
71018
82185
26861
95998
98276
66794
13456
65703
30193
76275
60642
73314
50312
19981
13576
76996
71698
60028
93293
64847
75482
14732
17139
35818
24898
78517
61825
88382
63954
42732
71446
60000
63574
6333
31798
4907
67439
67813
70469
20213
59218
45174
15023
4576
26556
69349
64655
73025
79644
41953
39142
22548
34012
16891
23977
10401
1530
19379
92054
93275
32687
91333
15230
40023
7315
34105
35710
36125
41269
95726
23014
28198
92493
35898
19457
59968
75249
24576
2720
24038
90507
49947
55726
77801
8417
94961
31236
95085
73259
42994
29934
94650
49878
64146
38166
4255
87882
10797
74292
69292
82702
62348
76852
82216
19509
59676
43088
29392
10534
78077
61870
60935
78746
35913
21662
58770
20020
40194
32768
54441
13173
42009
80043
42842
65044
40845
79464
94307
5207
84298
92929
77218
57149
67314
12777
64372
29989
86148
3784
82436
37104
46259
16607
92142
60001
73817
14488
57496
61050
5309
19416
57351
68371
7417
71691
45247
48465
27806
22007
91513
77201
33176
92180
70502
88192
96224
84355
1092
14570
86738
43288
67972
77860
87407
60466
38295
38620
32894
80906
71319
7520
14261
19805
87505
70456
80442
73466
90196
92018
56495
39930
35370
39889
48248
39110
95307
31572
61542
41860
45455
66922
29747
19499
75300
4329
91701
52233
16084
48824
81894
41201
11087
69395
98595
44657
17591
24541
99037
30293
86469
98206
5919
51845
61851
85577
34708
89718
45070
23711
96600
10901
97045
95633
97160
29618
96814
43040
75438
81482
27282
65867
84584
20494
98857
59921
62106
53036
52054
86388
486
98810
17372
40323
26226
20941
6937
59301
46487
5996
83384
85895
90382
71741
27405
70073
2180
84824
89661
27013
59013
33032
32918
53499
34418
95807
10376
35089
38650
90535
1980
70590
56232
33844
17804
46953
59473
24603
47406
4186
36003
23589
61041
99609
73534
91893
77490
44565
44238
19486
88931
55073
37210
65233
86898
93417
11495
71244
1820
71479
37048
4354
23961
70109
32664
4883
27266
94891
65832
40774
25739
36993
38126
14338
75487
37887
20333
96908
27291
65963
4826
12975
34462
34691
62860
84919
11234
92644
8566
38259
75870
31042
54652
92641
44763
42980
43807
79124
79074
53474
68036
91014
73649
85430
39433
72545
41942
75126
71851
11774
77466
96329
40456
5203
64528
37217
69648
14244
48647
73753
23744
36110
56666
72332
57805
10042
43567
60743
29859
71893
27275
4515
78727
74698
54855
74888
74226
33889
35190
19874
8576
5465
19557
45803
14212
95390
27367
38592
73252
9883
98141
55978
81139
87240
44797
48127
61620
94313
27944
35716
43174
72661
31075
12721
52879
9468
71787
40367
87219
40384
32179
7760
80304
83274
34886
69251
68149
41535
7504
11249
69682
75145
18569
24276
68338
91294
40949
26472
98916
3136
35191
51996
19817
54353
25922
89753
7409
92532
18052
45682
60064
64450
10205
68970
13053
29353
67104
87184
52419
16439
68151
45873
81845
26531
14460
90331
80478
69390
62620
94590
92675
4494
49183
17931
71210
39072
31654
36925
55345
91526
77816
82867
888
42966
70762
78945
2229
5975
22913
4057
85651
37156
76907
19786
42511
47462
92893
92962
75929
3480
21301
46168
34873
50020
97382
74875
79042
36346
16397
61595
10388
5767
99534
29507
94542
68332
93274
13418
39315
15791
97109
85963
75176
70557
57173
24748
96391
3977
2337
3577
20548
71639
22274
85378
84000
921
90830
83306
33151
32469
33551
78169
90194
27469
53479
48924
54630
85839
72925
8877
38030
54706
16067
15995
6376
40830
68797
35779
39000
53850
51816
28090
95408
73461
47449
83280
86752
66982
27925
48631
98936
55028
97490
36722
30013
97889
96197
47026
28427
13668
76322
31967
58218
47116
17740
60299
73019
74894
34547
46169
38297
32056
21709
66000
69744
98385
21755
45385
21766
93067
75499
26621
94094
97789
66158
24153
66058
33282
66053
50996
17590
38871
37112
73178
37702
6932
27002
65692
56404
66923
45405
68868
5112
68985
99575
58832
48984
58076
55946
96427
23842
50092
41447
14400
66801
15335
37016
79162
11861
56333
22575
25202
95911
26093
87227
45912
27319
67808
40416
96789
57740
31677
17732
3241
15999
47926
88833
27136
79386
41615
43955
38639
20588
52187
2255
38554
70834
31594
30286
75086
68979
97869
16408
4674
41225
43433
70466
54086
22609
89951
79467
56714
17463
47331
9434
1252
35070
2632
25989
77679
9146
73248
62242
85948
8429
78001
84743
96846
48682
95670
80252
56825
43039
82346
37827
27846
11657
42679
37860
7226
9997
86146
46538
1882
47121
20204
18080
94878
14257
78047
70160
126
13491
84330
64767
35479
56912
90221
82623
7486
45002
4832
17321
82383
86141
36786
73986
22939
48192
41372
72711
91851
58962
50234
82743
86712
89910
10568
61931
4152
52986
39933
81357
74743
16059
39071
7007
81736
14491
52333
42405
93773
8199
38981
77693
39932
13632
1973
56623
66572
6422
96691
66736
14406
37415
61071
43775
89077
7777
22151
7471
88746
82658
77172
85680
27149
27985
27849
76927
60415
85290
76495
27230
50230
19176
5396
15607
60616
43249
52837
44193
64715
90625
65840
17397
24787
38590
59410
49963
79846
27401
21828
70412
82037
75801
56253
16475
19069
73802
23274
16928
43739
83811
91796
46931
23075
22618
50761
27790
86227
47413
29890
32032
80239
76200
40819
59492
44594
43086
38865
88477
94283
46105
36282
55508
38498
65933
8771
9518
87610
17918
84353
21572
24732
12768
17253
44085
66532
15128
56418
60576
44116
31113
31638
61777
93272
81315
587
17974
52710
50780
36498
53153
40697
75886
49471
28354
9437
45998
30112
42845
4075
53507
77091
69010
25990
34639
88766
27926
39391
73537
87823
66783
23561
14514
75140
6449
45847
43591
34043
10955
40973
98018
14642
67112
93568
65959
47799
5947
8251
67757
13414
94309
28859
47165
78593
87322
23183
52239
51293
88563
45603
40188
80129
36491
72278
4150
50894
31509
61569
36249
78131
60836
32812
70708
79924
53888
85838
39806
68365
16785
35848
8196
11433
93922
58250
42856
30815
38567
21493
14690
67586
93625
7655
70438
26434
17271
83843
44446
55519
88249
74499
14873
8310
62369
74359
60435
17244
83253
47425
1300
65455
60776
7332
46247
62205
10354
7375
3843
16805
48197
45049
90865
90419
90106
58721
23364
36691
39121
46991
82754
8088
76095
655
22078
99558
28798
79895
93264
50923
82884
88353
14874
38860
69935
58299
4439
57111
25508
64634
78481
59736
82944
23676
3095
56193
86288
23403
78461
58007
18021
74965
63632
3570
33620
97380
30816
64308
15580
94973
44882
83832
95652
98103
46007
41693
15813
95754
97787
53509
85666
31988
13171
17217
61658
80754
10385
97426
57844
62218
88265
43224
93613
64897
12066
90963
40678
33382
89885
25465
13139
21388
31221
35609
55187
58239
85159
78689
38489
38176
334
60113
55271
44605
43720
80176
56059
78277
42784
38973
66853
89705
95308
40865
82924
82416
36983
16730
32737
54853
69528
46439
31043
82366
33820
71874
17699
17543
3608
80663
98631
69936
18014
32494
79629
55376
57450
39606
65960
13810
60618
44405
93590
86638
30130
27429
91725
98318
49457
49187
26348
99103
21352
1661
5880
85576
19099
81851
47009
8547
77493
49436
51292
12758
83752
20744
69145
95502
59555
6905
28757
22387
26339
70336
31335
3184
93936
55871
46224
91595
59175
53501
41896
3485
92681
50639
16760
21441
30594
2139
71687
4052
55468
92309
95938
5412
44273
53009
22472
74617
23932
36627
96877
53087
87416
49386
90720
38036
85015
23644
5332
80528
44233
54921
63284
18357
1369
77883
38980
48453
22388
96981
90172
66797
48611
51860
87655
94572
60645
64752
48360
66894
45988
54032
43183
4527
36444
77227
35048
16929
93092
55859
76277
88743
93169
14936
71154
42567
52431
64939
8462
82747
5265
33324
57767
10769
63031
94838
11692
61016
14419
93997
41800
4046
128
52928
69057
27950
4489
46340
4847
22402
51527
42614
30829
37319
22755
59119
81491
76786
74798
87047
3383
61584
58438
5613
64778
21506
89123
96931
44487
30532
75285
67191
54974
20072
38659
29195
44586
16979
33981
83748
75433
84401
14295
9689
39922
28392
2286
1707
3656
34427
24444
32937
6580
1387
65321
59748
74237
269
88840
86774
71920
82750
38216
95712
22481
32656
86178
77868
57454
9036
72335
68212
22038
55333
65715
70990
51424
60145
89654
42797
15431
62717
11044
61345
58970
90165
69234
24631
66019
54475
79275
46125
48027
41900
34487
98827
14335
73122
90316
24164
29884
85216
62075
11797
349
59215
77685
26754
60186
60440
91498
21984
8509
75334
35881
38428
98330
91589
15777
11630
53144
66235
64103
36602
2650
86177
60117
82617
38829
16746
16309
12266
28668
69514
49846
18183
90282
64452
24935
41407
96775
15643
34719
65926
18377
9815
32062
65768
8544
89660
21264
11211
18474
90559
41855
25058
36396
42963
61113
46363
47082
67184
8516
7709
93952
53062
68786
5277
83636
66
27768
42251
4383
80650
43352
9082
31289
72276
84252
53961
93369
2857
99531
7267
88589
65480
20028
5368
13690
157
69563
92733
69943
2610
36473
64455
4973
13155
36183
10417
20344
70699
67108
67578
67900
94268
44452
23406
59521
33628
19386
73256
69434
97245
83388
26439
50209
27161
62009
67851
33871
82854
48474
8678
60980
62257
65464
1779
82232
90478
39382
57161
81992
95658
1073
84899
85740
6714
74453
97191
61442
24342
94674
86826
55135
25206
83659
83354
66242
70736
6207
63102
7939
77727
93857
94496
49155
50423
84909
99787
81941
45052
15074
93108
31471
39097
7941
29052
79597
47277
67077
40478
37388
42218
90246
32284
52476
85102
43897
99460
24610
15853
59425
61523
61819
46877
55381
9335
83295
92138
31102
16480
82496
22237
34069
2738
45589
99150
45418
88986
66504
41925
78283
83809
11891
2540
52254
51512
73573
35033
36514
22063
66931
56591
38733
88661
80745
37151
75954
61530
9621
36773
36
93075
97080
51774
73281
37968
84397
18143
89721
95384
31329
51820
29389
11515
97001
71285
3900
91702
50784
27057
83847
35244
20469
74540
50720
41223
5271
74352
53259
21304
23708
95910
3662
5219
82613
57851
48255
51121
85149
20649
93795
51580
27601
28314
81618
31416
24735
50541
77675
58110
46489
96642
18252
61499
4384
61102
46019
59117
91552
12305
55802
56329
85401
51629
84348
76357
91658
19118
84829
72411
67413
28911
51746
73035
24770
19749
44324
53030
74258
78486
46740
66804
62872
92408
72139
97193
39321
63983
1065
21091
45154
97855
36808
50922
12924
36683
25950
47701
21630
19022
49973
3449
82211
74682
98079
64680
82732
73953
30194
69329
45767
8916
21045
91961
25183
77637
52688
53744
39787
74152
17216
47238
29669
26633
86035
98537
79891
40344
48005
7178
52840
30713
45060
21168
10256
26172
9203
906
90843
11735
95133
16877
59042
98511
68486
12786
92455
90420
63492
21685
19328
48324
19158
48385
14759
66788
27355
14442
74351
18528
98836
72704
90928
92328
19250
42175
27472
65138
95691
94385
84613
51251
92920
21210
74336
81147
11240
4721
29398
53655
2093
44577
91412
15462
9546
71106
56673
2179
13132
11808
87850
47453
11133
6362
59936
74475
64694
84505
66062
45238
22682
61958
68065
64113
28310
55676
82749
43763
2352
37653
85614
39437
89797
57520
21398
34163
41643
11239
2211
91232
91298
60265
23523
69772
55603
32000
35447
40101
62490
13477
13391
6371
26010
93165
34372
22100
34791
43671
14853
32626
74469
24489
46401
25427
9736
5722
83687
94421
36951
40424
65005
12139
67261
4857
48887
91660
66378
46746
67976
16524
68896
41158
86345
87281
64996
88439
32363
17153
21183
33588
46710
17820
65475
61322
32175
94191
67952
63763
67575
43101
17047
97634
35551
47902
90108
81286
62600
21325
5180
92534
65084
58024
73602
34031
58841
51698
87521
95156
67596
39184
1922
65101
79093
58288
32495
20131
79867
40454
58930
20191
43295
9602
34382
86689
59995
66126
89291
24641
39271
97528
97453
33137
94117
27234
88319
15712
37931
92126
60609
79522
78586
75314
28383
35575
20171
22559
19779
33209
14880
78146
189
65563
14549
3931
59836
6803
29820
97338
22591
2338
40688
46477
72913
10855
50269
10047
16335
25604
18961
32258
93735
46082
21922
34242
57649
97570
22329
12605
61380
49496
22784
73677
37254
9142
98833
50019
78604
1962
5141
12113
44293
97296
9926
29320
73223
77457
32141
60528
27889
22068
2611
15352
43761
58895
93713
4254
54594
61795
52241
43001
5868
25105
36560
29882
48145
73699
41626
71391
36814
20166
17652
12067
33534
36051
6098
90428
15125
83477
32589
50492
90212
46754
74607
84785
1050
82101
39505
58314
78809
43348
49203
53576
59960
19419
62638
62700
78796
24950
81097
34006
6523
61229
28121
21823
8961
39346
74859
42795
3540
10296
2907
39702
89354
52816
86012
65984
3940
3691
71753
9965
60188
57541
51358
17287
68287
74394
16858
37200
10925
30261
9023
84300
71321
66232
99299
62812
70622
43157
68115
68377
67011
16208
18680
66505
42843
670
93768
64198
6888
37718
37624
93538
69718
59043
79458
24229
84370
62609
8964
57418
40537
32776
37207
52115
80771
19863
22275
80256
250
68409
36637
58885
43296
89552
21448
93698
66679
88864
4504
95824
13076
903
56018
34982
47720
14207
22365
90931
94133
44608
22613
52993
45451
18800
22070
81070
14768
67885
7309
29923
59698
78119
88391
95947
9975
59077
16957
92763
18896
92879
58932
66626
74954
62525
87137
83350
63399
79908
38518
35317
55907
66971
65215
50948
69890
86210
97565
49240
20565
21798
76891
84576
59201
69032
82080
96812
86593
72017
19540
76314
69367
54750
8497
51870
91020
43233
21269
96305
67692
30695
56272
25217
14705
93562
71663
63224
39163
43012
44890
84843
83645
72993
71181
81021
96144
54940
52772
95603
62213
87854
10577
16458
24622
13961
70798
96205
2845
18335
75895
49841
59424
67610
4372
59415
92731
99036
84817
55448
82355
71201
36414
81225
47149
39634
85419
83543
6458
2578
4182
34434
26623
86324
19387
55578
69513
98231
46810
63261
41802
25619
73469
94111
93170
6562
77658
26962
3171
83266
26230
59299
34148
87146
9626
7474
35586
90488
58207
53304
79227
76735
48090
35783
8707
87916
14739
11956
24605
45800
88197
51521
89583
27723
42401
91027
89643
83709
7109
73455
81670
96978
45906
60246
9509
76492
51258
88004
37559
7350
16824
65116
4932
30487
69498
4125
87832
15035
27220
65277
66780
90739
13769
64977
85214
60614
56659
41020
45365
12776
63988
25479
45450
63428
66822
31675
91650
68172
62791
1737
56629
3324
11485
91917
33019
52467
16278
33615
41220
76485
42472
67793
78285
63956
29800
9514
79602
91108
87851
79216
6330
7072
14311
14379
75444
3409
1084
18345
79995
3547
35292
62697
99101
74032
68840
95432
17677
71251
27012
65363
60317
48730
89318
76935
60889
27489
52293
68672
61544
11514
74890
10305
5208
62663
59573
18553
59611
40684
3737
90284
7666
14646
38863
99800
33711
45917
11404
54215
63823
7755
19748
95160
18499
70861
3894
44078
51493
98077
76256
30628
49006
9686
46602
23692
21370
28918
14361
2947
57094
83617
20355
66661
47830
16518
7406
80735
13721
65554
54952
39160
23094
59645
38076
65312
17668
73821
37816
52311
92044
90281
13631
29015
42525
54792
47312
52647
2413
77913
3141
99215
70683
41841
41328
22650
83483
90632
81926
23329
26336
25721
1570
85155
73520
92967
74418
68202
26304
80348
26521
74382
77784
24860
10128
5559
49245
44463
6708
58551
97936
51405
1692
15718
26253
75503
27585
19706
64853
16338
41844
47229
12294
38013
31993
44910
34047
82230
65953
49017
39574
4451
78597
28253
3307
40998
27135
39169
80019
69402
12350
9868
61986
85003
94338
85631
49098
37733
24054
50349
83393
37795
413
11430
79278
48349
30101
48999
52157
20122
2773
14834
8067
6604
43686
67890
80326
43964
58579
59696
5147
15555
19322
76750
78580
18168
42709
78894
53130
69469
24393
35106
20951
15572
8058
66857
9298
80400
4017
596
38138
48940
78669
18106
98552
40524
93896
73857
25341
41519
36004
75698
76021
52324
93787
70058
75892
17760
68759
64699
68020
16912
45916
85593
23655
98551
85360
27340
34438
43967
93839
85854
60154
67012
39672
22788
38262
16793
96219
88987
14722
11944
86723
59610
15833
84324
20034
85131
32838
62083
19438
34607
22536
5823
52498
28782
41187
97079
25907
28823
16423
92033
49896
1187
44327
97476
89861
36955
42393
42142
32202
56749
63203
87914
37287
2076
76677
2793
41795
46684
79648
32872
30445
52520
6613
14949
58080
12643
58775
70287
72813
2439
27866
88512
35946
747
32902
63304
32338
20123
31447
7955
73446
14900
61230
78064
94977
39775
20058
81270
78215
71080
22529
88491
70260
9959
15622
92078
19051
89827
8907
80761
32457
11444
65737
55911
11535
82288
10051
57182
5259
79004
18833
6364
75302
32002
56141
4335
91694
34310
72233
23279
9527
50100
42602
84917
43982
67339
2111
10457
82210
41200
91812
48989
98850
68293
50216
29313
30666
36968
60404
48097
38020
74740
97559
67767
16160
62874
50509
6616
62699
57125
54939
14489
86764
91811
91771
27760
96643
80460
22919
54105
60249
95175
29846
53122
41297
41452
23921
99080
39650
84933
59403
86350
80309
68380
71905
19474
79496
94887
82706
86341
26605
57852
21562
96280
78217
37794
77567
60015
35450
14737
78137
45890
97028
33706
64809
20450
40561
7113
95415
11552
13434
71344
12449
89104
59853
77092
53890
37427
12904
86846
9148
22992
69242
9993
89243
33733
59364
76708
29868
56298
49977
36573
36445
68037
67118
56557
37974
69785
21294
12933
4468
32907
16960
33965
77789
97348
20283
53918
27216
60976
82591
94646
25002
32372
13965
6976
62510
97492
91897
31181
44558
39760
71619
11638
1684
52359
82197
41598
46720
59284
74053
85141
55776
15459
65387
85824
15696
50517
46570
48667
75244
60341
90498
63758
92218
39314
5452
63718
4996
18936
8472
68710
43163
19173
22922
14884
17285
27335
59674
63131
87805
40706
93635
42919
12658
8542
95521
22474
69458
55038
60244
10710
65248
90174
56708
2451
44126
79398
61648
41690
58434
32759
99577
26200
41389
52678
12091
40137
51011
94507
44852
61406
19504
52383
83615
18286
44217
62823
23600
44479
54708
18790
94170
52683
47262
3951
49470
74160
49492
22076
59294
6041
96267
38395
44850
64078
74267
23956
21751
73143
15016
74264
32239
9506
49322
26203
24543
36497
79446
61002
35732
18980
10890
8021
90688
22948
70525
41490
52493
24231
73058
23350
64367
2477
11451
94754
85625
19007
42512
5224
43191
76831
62962
5864
6611
43124
73194
22484
78012
2788
28075
59890
70093
14249
69102
37633
55152
85802
31427
57916
63738
4072
20079
83888
12647
20824
89115
19300
67562
35800
28345
66771
85332
33993
65152
57070
63516
14645
88054
54627
44407
48258
51596
98741
76278
70448
56835
5483
68297
91013
10596
2105
80805
14366
27520
13900
91804
68552
7513
11792
47520
20609
11166
49144
51431
34322
82329
92461
32291
71484
16312
59504
9981
3526
6977
28024
29856
64607
73377
4673
73470
48031
49945
70068
17095
61614
2702
43975
82712
93821
41125
37093
53624
71781
4479
62124
94343
73576
52090
17958
65869
96258
67903
98397
93607
90250
1685
41079
46410
79641
8409
12505
6558
21929
34515
9717
38743
52633
7060
31950
68780
16118
43445
35634
95881
95355
44329
87678
9756
47974
70878
18658
48832
62963
20050
16528
12800
16421
77842
30341
91972
60850
58201
7157
10384
61559
97511
50651
96752
72521
35761
15763
11639
66339
77486
97670
41299
76426
56679
38595
62226
84810
38997
36478
46957
69491
23463
25798
50183
25917
22022
8597
81889
30847
57134
9629
66581
86163
79887
87858
94737
12604
42653
16645
72796
37691
87440
12392
7314
6317
41327
38493
25271
51197
33728
73434
70817
55139
18049
94934
57333
93352
22412
66155
86577
92030
4865
41209
83595
87136
84542
55420
90326
74620
38369
25877
75408
1058
42103
44554
32644
3927
66137
21605
36982
88552
2088
58015
64475
21230
44623
75768
96970
39882
16484
32236
90667
73504
69129
7971
31809
51467
19329
97831
69952
59089
20978
3283
82319
76790
97503
19563
48463
65697
58983
32990
66846
46005
87685
9944
84944
71259
8173
36381
14513
27018
90380
22845
87918
11367
4458
87710
74197
69456
39972
66799
99824
61871
33741
51459
97756
15805
31510
79911
20532
94809
71699
7958
50941
97102
71194
71767
4171
65476
36272
61728
3783
1226
8105
37570
97150
56914
7663
44957
16599
29301
63687
93938
205
92365
49563
81700
93328
59361
33500
33882
69704
9501
84461
11928
30700
81825
29421
75391
911
94538
34525
19225
99735
61246
77009
46242
37327
33232
74414
42896
4325
70881
20844
73744
35791
95310
35649
37550
33950
99914
78813
53208
16948
36353
92575
42935
11584
88929
15552
92406
59658
4860
68818
3067
80248
77196
31888
5353
98905
96746
50022
13662
42514
2827
2818
53685
14933
61649
82583
18504
83387
20435
53006
12228
75347
40218
91958
1611
59149
84305
60153
87301
47660
64988
59787
66197
77375
18253
18002
56287
81693
37737
62869
80993
1735
85240
98106
76438
27454
80930
55587
71912
57802
7790
58307
93327
84076
98224
88643
86486
36759
57906
5883
16693
46853
46648
96772
27416
43854
66973
53964
33787
53854
24011
84465
54368
79480
73028
13642
16759
34128
26791
68375
76725
25707
74926
23767
17085
11365
94685
58848
62524
51717
48209
91612
47959
58011
29323
5906
76259
89315
47270
27597
82534
89034
20169
38244
48545
80690
16330
40886
82596
16843
88818
91243
53971
86892
37198
95757
76610
34304
3913
96087
23684
57259
29785
81952
96576
19738
47668
85311
14871
29402
87437
31158
53301
68018
1498
82752
99168
726
96336
64422
6307
98589
30782
3588
67425
80631
9151
16552
67039
44171
44125
83051
2121
94453
93517
1075
98358
43069
42566
24934
45167
76700
89545
13478
13947
97207
23465
94724
44772
99972
30381
97852
91330
67202
90435
24664
66734
591
59951
78726
73502
70321
33696
71023
74313
47911
30129
83515
31734
6039
3565
74230
52844
24887
94350
7367
43961
99410
96322
12518
68927
2016
72689
77919
59491
51274
60794
6385
6213
11594
9478
72652
71102
88976
17650
46844
79385
46077
17741
24211
92149
59974
87283
21814
3367
75636
75641
61403
85717
66849
15735
55485
89357
8854
77271
52735
86768
26931
86187
60684
12442
84357
25452
37470
28822
2249
96231
99499
19012
94574
97161
56058
85250
80457
56086
18181
51229
39359
16639
67870
89547
52313
67696
80445
14521
47122
90083
17378
96285
60285
46195
68012
92071
75046
52517
91586
85343
50210
78253
51404
76185
37313
38548
91623
308
51441
87708
37310
8799
35610
72815
62062
91432
53981
76145
84967
61292
99667
26760
26956
26122
95591
68254
12986
85493
29163
28607
96754
96808
83582
56740
50251
2504
97538
51106
86994
29723
99958
41341
58457
96078
86310
72541
14273
45541
56671
53222
5797
71443
10871
57909
15636
84592
57004
78707
1614
73875
29391
10391
22186
64536
54922
79232
67484
52815
82677
64644
37797
30765
68130
16508
15560
90983
12058
23888
43778
66480
35998
66225
29773
94131
36607
89801
71472
84245
58158
48807
12926
50839
71268
96127
31680
58531
839
8432
78798
62722
3771
65181
87513
60920
60143
30344
82484
40291
87602
81358
11436
17150
51510
75624
29162
99530
24969
47792
55384
24294
95850
3579
84530
53794
3233
92839
79695
83174
80204
24763
21002
89419
40732
11083
25669
94668
47388
53566
64793
91140
3915
56545
88954
99289
61209
39403
29466
7227
48135
91704
54998
67306
14754
7241
51335
333
80702
75670
18495
10721
65850
64292
19299
31202
53399
68437
5985
43144
90008
91954
33561
99930
82090
23293
86311
38580
45706
41002
69489
51548
51458
2446
76801
38634
3341
19128
11646
70573
28536
53245
97937
84362
65334
63460
39192
81212
25251
65842
78293
40656
25898
55986
20616
18066
78990
92689
26661
86175
15479
55006
61586
42262
12883
23583
34416
65043
33165
54039
30679
75758
51941
66649
3437
52671
55349
55276
61116
84828
9780
21047
65831
5093
54322
86224
53765
87195
92529
310
73582
5165
64102
76502
70609
70639
53533
86225
3399
58902
81769
19973
26550
32480
51899
14784
9549
28232
14717
8693
53639
92319
76899
48126
54281
87353
88656
50643
6516
97686
6040
22090
51876
87300
79441
38465
23639
90714
19363
77780
79246
63493
509
64069
4023
37943
18650
81065
51966
61780
21610
24371
75296
90
63112
71879
19622
33033
50002
16282
78150
41138
78634
19895
84969
36047
13165
75265
99933
39421
176
85958
78684
77219
53151
54166
90214
14350
20692
17978
71654
33084
16451
25853
73412
55734
26786
73451
44872
98476
84778
36988
90817
66283
25386
87467
64029
75241
15317
51508
1168
87385
30735
60347
50689
50432
10959
72749
37579
72242
45057
51594
59704
26264
15751
32596
29940
38287
99634
42322
8913
97697
28596
52479
75589
10730
97419
63939
96247
65048
33944
24163
88041
58494
9687
38938
64343
4595
37239
65818
58556
69987
97377
2520
21429
58348
10093
79091
96777
75193
36970
46327
67170
16079
17098
31100
48878
40438
38836
16068
6399
90466
7255
60311
35183
17142
48865
23793
7928
34893
30345
33583
81069
64945
33684
9612
56136
65336
97482
11498
47843
98754
59902
74058
73835
25760
43537
63309
42040
51483
30042
87120
51296
77198
6851
96033
27548
88735
33629
44320
24762
36529
67007
80481
95319
90710
50809
296
75750
71673
57073
24225
38396
19121
24270
61020
53266
77011
22157
51671
411
2389
31844
27709
91452
79439
70950
70155
24013
32859
85170
26468
53546
39238
88795
41993
36385
13820
97622
70175
32592
43429
94930
37603
39575
48144
61821
8625
44702
72729
20417
84808
23832
77841
76655
84396
629
94818
28591
1103
66718
74481
65065
75607
42052
29383
2382
22248
5891
27727
23078
34177
75500
21544
80789
81178
85749
64671
52660
61367
50512
69708
89523
92676
6918
17343
19654
68326
98870
69832
14840
88245
36050
68858
56773
29001
30493
19061
36410
55951
53821
75023
71883
16804
96114
76012
69085
93935
997
40717
30282
46771
76080
20319
18728
78472
45334
81426
74125
90889
78712
72843
51089
72533
99437
95916
28104
78925
74051
37699
76611
28923
6047
146
7186
8099
52303
45762
11424
39546
85754
83667
60874
53013
73980
27557
16050
77818
42422
3721
13628
65298
94868
98550
53670
23084
57034
11346
26915
5111
41803
43221
88614
50328
97535
28902
69875
22116
21615
80416
6578
75711
70420
30085
57576
30573
82638
40316
41683
22614
49218
89678
68277
84820
18289
54870
58246
73478
90472
73939
37809
26334
11570
9283
63143
91524
46402
7584
44396
61061
61713
54284
78805
71784
96193
36620
73533
72423
53321
96718
79852
43846
80691
98703
46063
35510
94690
77631
6844
7728
27285
96099
63699
40365
33639
32112
18986
44589
26823
22226
69781
46430
9234
65440
63913
14547
92705
99105
93351
44214
39248
38490
18027
89896
13824
60796
13122
7412
76549
21590
95409
9057
53118
44877
33323
21951
20481
18860
21593
30039
64604
52890
22296
74295
96676
36160
98531
66561
34359
89834
89092
87724
39811
29016
74973
85254
93661
52109
57609
66861
68055
80331
21360
91394
49818
46055
3467
50965
39774
48629
41617
81389
6210
26951
25722
34267
24582
68951
70140
29739
79859
63021
14920
6942
17168
78380
62981
6824
41606
22956
68301
5313
52534
85959
79831
8600
65621
86431
69144
41374
59062
21078
16000
23479
90840
88050
37085
41927
37196
90583
8295
31167
53525
20410
11353
28004
27312
26736
54162
81684
19569
80057
17468
4922
12641
61639
85127
58549
15766
27901
88545
75903
89177
70782
39339
29625
9248
44827
64388
38373
48733
89305
32731
3701
56109
16765
73888
80988
93468
41228
8605
14620
74282
15541
72603
86578
3419
9741
73557
11718
60791
52802
155
39553
11982
45832
39873
41562
4474
46646
79297
40583
93054
22902
76803
68897
54324
24095
38638
48460
1368
96452
13585
25336
64747
63426
19074
71286
80384
94305
2210
86790
66547
50478
66823
3263
84712
18995
17784
55117
29227
52210
78384
75780
48163
26357
18412
19586
72425
55034
54297
67068
33445
16294
13035
31581
46409
4291
69271
97093
32405
90277
14734
73854
106
20037
48643
7330
55505
36791
3463
86186
58031
82726
87183
36090
87423
75052
37792
72659
74809
12727
61058
59225
52774
98880
49631
47728
24998
52361
61872
87177
35519
94082
8816
69285
52662
70598
96422
66346
74950
28784
95358
15308
36596
95094
85187
57902
23344
29161
49444
69474
38968
49081
9521
89337
1649
56480
97222
55563
90021
91636
3777
55885
4879
65419
90879
42253
53381
83264
49446
63268
97300
50112
2241
49099
75108
12208
19185
17662
52625
82338
40204
26660
99862
40095
69576
38257
72486
59716
86195
78753
17118
42690
92387
50808
801
76289
51326
62239
58649
97846
12308
73236
7039
54755
48461
45583
26196
45641
74830
97248
23755
2489
61605
2867
74163
57443
73375
3794
95454
66497
59114
37098
4118
19661
67467
23508
59025
63689
75766
77359
31795
99030
54675
29762
80411
87763
21816
93524
94796
27682
76414
43936
77024
61751
32782
1446
621
49573
52363
35300
40254
95616
49933
51413
98131
96607
74135
31304
70464
89170
8102
13555
65980
31964
84350
74265
10969
9746
24594
5895
90561
16031
76719
93122
5181
49382
66972
21245
4403
21256
20487
40953
54986
96230
34142
14946
61402
46318
38334
73138
90302
91827
33300
47746
44943
75637
92404
57354
60042
48911
4702
20738
7523
43628
55195
20751
39436
11255
37990
11676
76684
50464
38786
85350
10822
69186
59391
45511
98995
59395
11613
35578
43842
84430
541
46999
60790
42062
56060
53934
64437
52782
43270
86243
8412
22008
24880
73528
48719
18369
97843
63362
21680
30017
92256
1505
47549
86899
6186
48091
52897
95433
41421
81971
37666
61193
49313
88691
96134
37127
96561
21229
3856
37324
89497
39275
89072
44606
48843
30079
43516
58093
51141
34972
92857
3349
74515
19306
2066
98199
21328
72154
53103
87004
37389
49566
91449
5163
81961
83730
45955
13603
26488
49407
7616
79256
73742
17411
54654
64972
24599
67826
35775
9958
47625
10524
82960
39951
67491
6936
19286
75470
71333
99791
44814
24803
4284
42410
91823
60858
86996
92511
59171
60793
39304
73468
87442
45332
96213
60207
42601
97250
22060
38834
59335
7040
94570
4343
3744
68467
98098
8234
93753
6895
53901
32821
50039
6705
59849
32454
96308
95651
77743
15143
29674
82422
19485
89561
78988
4486
59926
24348
87063
7827
58075
49576
54507
1235
71146
18807
58354
2732
59775
19246
30304
65029
47040
98151
69633
86571
83577
4976
44272
38094
31401
22652
25560
57239
55307
51023
40551
91622
86710
83681
87201
14761
39962
38527
30038
31396
76874
53044
57108
96415
76351
39396
80183
28808
9411
19491
25840
31778
22594
32040
57789
95417
62659
76929
68442
18801
12431
14428
59242
36703
33612
53161
70166
90483
25166
3990
12378
17322
14411
15038
3982
95806
67740
75736
88538
37583
20220
71215
21570
82947
65817
60938
33631
21442
62410
18003
84279
28550
80311
39441
61280
51886
75708
17764
96868
9349
53942
6391
76966
18494
23415
99418
12836
4107
77517
37356
30134
45665
2080
30529
43667
54521
13612
61590
95898
96148
802
88900
70814
39129
52530
25892
84574
8543
91317
32257
5343
68926
99846
24875
15003
25969
83231
66461
56683
18854
78141
1730
71294
65940
26814
7782
26824
77800
31293
56966
78223
38145
38129
64724
85550
19574
2945
2329
69094
5153
18471
37067
91290
48661
83484
68686
93150
46548
95814
79692
78245
37880
13624
4763
9477
53974
24650
45357
51412
81360
15014
75186
17954
71749
26793
364
858
89716
63881
17490
93657
81905
45925
49438
63411
94125
70987
2194
2171
15222
69726
89830
61173
70811
89301
66616
30182
97395
76626
93592
50547
66279
22077
64042
32748
54473
60460
71300
41658
98404
24697
45624
94732
32037
42362
95421
75235
51204
76608
27118
1470
65472
22302
79558
79148
1123
90713
48859
60449
93380
10683
84667
88514
65188
8115
65757
45897
64524
50861
36148
5569
89812
14515
73685
65847
99545
33460
9037
21462
58210
51987
45012
47863
96174
20855
66884
53628
76905
56653
31963
10780
15521
29335
44844
65208
7640
19605
21311
42308
13571
53637
24929
67943
57529
25078
58692
92813
61162
57064
38969
92556
24209
23784
38900
81481
22201
78008
43503
27423
79681
32752
43032
68438
45659
86736
40377
48915
43344
87722
48929
60039
74491
19830
26826
12286
96005
34181
56928
89722
48855
11428
93484
23159
5516
48253
90626
16205
47858
84123
29137
23120
73381
18373
44711
50684
86619
39667
65513
80066
36172
2971
10768
52744
62647
84802
96161
43104
90878
97383
84056
69622
55711
16568
71534
63394
36201
83293
77646
34682
98569
69709
86857
84570
34921
13802
45331
75816
79830
87410
69494
84690
25505
79926
42352
85928
67086
60390
72315
33166
40277
90842
91604
92051
30224
24232
37853
25483
50533
34620
22836
95586
5072
44765
53592
24525
35242
11998
99505
80377
21288
46909
84559
60419
67402
29067
90990
62685
54232
88580
34888
97803
32249
57828
42249
83084
57287
61156
82943
18861
68596
1604
82139
23269
69065
60335
9186
66227
43219
97462
44742
81417
52516
39655
48373
21937
27481
26251
85443
25909
87818
35839
11193
83343
33853
97414
68515
23281
64840
5323
65445
82531
89606
57174
75511
11575
50928
61018
42577
81637
34104
94200
54569
88280
10982
76810
42456
86126
70743
50457
69973
30162
15053
98418
13671
12375
68121
11354
54618
4410
88414
17957
16204
70544
30524
5316
51380
1768
15908
99349
1575
17419
63424
22083
26014
74223
32408
55870
31704
57374
70322
91220
13493
61971
96343
1717
35394
90861
59056
82566
81548
64344
37353
30137
93280
5257
97710
34630
98615
18753
40806
81445
90845
25165
82766
91075
15309
26553
5634
62842
42756
8365
15329
33704
87657
93810
45711
45255
73231
96749
36512
47684
48374
66028
55560
53199
68421
72768
63413
42640
95958
74486
66508
56608
76382
38359
48384
71258
69662
24850
63195
25401
92341
85222
14824
49410
62363
97211
13954
10645
2072
45857
40113
74068
17052
23510
71211
24495
42369
54861
39378
16515
6281
27631
5959
78375
89222
13504
86547
20880
13871
34574
77484
62822
87954
39771
75956
23157
49720
75328
8565
12865
1108
9974
3934
7543
99158
90381
15666
30276
70042
82931
49447
67271
55059
34946
99243
19107
38848
90362
58050
96849
69629
93367
5206
13970
17371
75862
43384
51033
98245
93521
4700
82419
38857
30364
20141
77636
69181
11666
82795
97603
27620
78824
60355
5478
92968
42548
65504
34447
36916
72400
46310
22408
10933
23201
58317
17179
2158
43883
94155
45730
9597
78446
36366
78133
62642
85606
78056
156
75894
52111
8997
74447
3345
55432
85061
3436
5546
86539
56798
91574
84167
3474
47276
53409
70038
81004
44159
6060
39264
1343
47298
88842
20510
94242
99772
97125
18148
69990
24145
33831
43995
76821
89250
70351
74004
51500
82676
91926
48271
63024
20753
85032
59036
20378
2298
4092
50101
3582
64735
95717
73997
66897
78088
69325
57447
7626
92684
81256
48821
79697
46046
56595
25108
2692
42465
7876
56498
83599
82779
21495
43135
33978
50801
9392
31156
91081
65965
39786
60914
55834
55538
11884
36650
42034
45759
15391
91109
2213
57063
9817
52525
62113
84073
91652
73188
70421
51423
6452
63476
79451
60651
54848
95732
61505
87347
48147
94634
83287
22470
32958
96624
28171
28728
90038
85548
28852
65393
90677
56323
40713
42555
26884
38249
98246
93680
37205
1739
47897
2396
3059
39120
2534
70305
62664
63202
93605
45409
57060
52148
95851
27819
16692
76615
28413
75970
50098
80681
29915
6863
2658
95369
23543
51378
32824
74765
1733
11793
73730
3483
32148
6073
71475
82696
20879
57718
70992
58500
8144
33036
32613
13650
35804
91667
42655
15207
38298
20142
17195
9308
24977
31998
75619
89237
76542
67117
62881
89979
18894
67875
70332
29005
31739
64109
48514
94032
1140
44399
54534
30471
32815
76636
50555
18898
11779
48967
90358
7027
27910
86428
70850
81507
92267
25755
64706
58140
49729
79392
43072
42529
70383
72421
19764
12676
69870
90962
69059
57892
50542
38340
29755
63275
53641
37551
71002
6782
84398
20898
68929
93677
54564
4334
71829
71677
1853
33101
25537
93345
56507
6741
7291
68460
79358
4704
7422
23530
32297
46263
77655
65942
76772
67267
77507
79989
20673
78290
6409
73668
70516
49062
56212
2749
65922
73081
69898
6430
93921
95692
94761
50762
99210
85758
76601
2465
27529
12064
14407
99903
56121
21954
57658
66523
71381
92285
41477
83691
66224
55525
85476
10450
39502
38822
22843
26330
39398
80812
10396
81215
34544
32359
11830
27154
69553
46317
65696
24730
95984
4521
24167
60260
31665
51522
17785
56743
86145
85470
70523
5444
96628
60148
68217
21207
64151
16142
48034
76606
40812
53443
20672
3893
8769
2823
54626
44572
4003
18024
50325
61391
16683
14429
26494
23208
86453
4506
56443
18517
33420
80108
57573
42982
88832
81832
71341
41140
70433
28634
78250
55137
25208
29204
55231
60766
10677
70521
78554
86625
62073
18745
17558
65890
51156
41302
84227
83829
72800
67446
98797
9319
4646
14052
26038
60281
77966
62604
71410
95366
77774
54491
57682
5592
53179
31454
9704
82434
67967
55969
82501
33563
39983
99633
40039
60823
76141
93070
7442
78371
38055
69019
57687
98498
61139
97234
6184
54124
32464
59382
9675
29423
75728
37721
20287
30402
60430
56004
39404
23574
62993
85933
85270
58425
94745
9455
63548
68342
88675
9389
26064
57085
28267
28633
48987
91562
31904
7481
37488
82729
18778
82423
73695
88051
30505
12547
95660
83046
11791
60882
29416
63219
8418
92382
7726
46506
96577
31452
15553
64217
82713
17929
82502
91730
74427
13411
75053
61779
15956
53839
38920
9269
95608
52243
61450
41166
33763
90258
83500
70576
51651
44935
64354
81663
60818
40024
82362
63515
21330
11337
82504
97738
31691
44169
14644
57639
63893
18950
92157
67364
72388
17062
50520
81812
55091
63854
35511
5998
52166
58600
60094
7454
90124
78627
38069
35637
51612
28333
76726
8178
67955
43266
11659
96556
84084
91871
59468
93849
10113
65548
10379
85055
71797
21542
5278
26497
84692
91792
15461
83184
9524
82564
3898
25752
36761
15780
20890
16973
91521
69918
16334
63945
3757
78159
15069
148
55014
69945
10569
47193
14937
98407
64868
96439
29722
68238
70774
10353
94671
35074
97933
38009
77936
12500
36855
65526
19263
82493
36616
95782
89221
27618
11976
48582
30831
138
62679
37506
97847
98439
197
38320
40645
73940
62102
82351
62137
17450
34089
28485
26709
68764
85352
17311
22361
84746
73491
29170
38872
31459
78935
18093
99866
67455
10861
76084
53463
49596
11069
4443
46898
91679
93191
15334
41978
14065
80181
33029
85505
93612
12804
56886
86633
13388
7468
42582
45291
47073
38532
18169
1253
59430
34731
72476
24488
65460
12841
11923
60103
45596
80035
1306
27350
22599
83276
4019
74582
5694
1898
40841
54680
35387
42533
34570
25493
5218
49369
25697
81071
90527
89533
83602
73382
89819
33931
50187
26447
58755
1208
59729
89428
16113
56291
5992
21578
96815
63059
53172
55411
9268
77383
50388
20781
472
37152
30971
94196
93090
34371
5137
51826
26068
23383
73336
69266
40498
82340
99775
78555
84008
82585
41559
77340
88139
54570
98788
40059
48974
99173
46011
97251
9995
10917
13921
58973
40379
55103
96263
47692
6729
98630
16180
27697
68374
28569
57308
48834
448
68950
95758
76124
77617
57009
17180
84038
89621
8391
85067
38335
18196
52770
38782
90716
28680
78261
22735
78201
36763
55197
58355
28122
16195
69927
71469
36516
3575
72228
28836
70382
3994
26224
57364
70289
34319
36019
54016
6637
85284
94851
65645
57261
72133
16073
27633
40714
83314
8568
99486
87530
69191
80493
15728
32881
9841
29287
85202
19182
98798
10788
35597
81153
14025
77962
87135
75255
5597
435
45182
96241
81874
52985
2630
5620
786
75395
69172
76691
33071
89599
32030
60065
32317
40950
32698
72410
99753
69800
76508
25876
86465
27953
76878
84288
28470
76973
6671
59701
77969
24149
60164
27208
17534
70125
76839
97694
85221
4028
88228
40718
9424
43138
30814
98315
64400
31719
24303
78291
78810
53787
92717
35332
53035
52386
36619
84987
41725
20225
85162
59431
36799
71323
19068
36643
55215
99358
17718
86913
85662
36373
44319
67246
91091
27276
38524
18473
14575
48293
1924
97767
56301
93794
41689
60700
14988
16660
72158
38555
98522
35194
79190
47014
89197
66936
28441
65132
76506
66672
38309
69578
37407
66955
83916
12434
4508
33957
71020
79857
68788
27190
66829
71198
62914
87221
36587
12243
5406
92799
60204
92958
89366
12802
29958
91681
10997
22036
19092
55415
53796
63681
74449
49882
69571
7162
66742
62733
23063
27993
2387
82236
12856
68315
68048
47747
40483
31881
16159
45198
90024
71774
20870
68743
6575
74474
57373
99529
11036
28524
25647
56760
92721
15195
83395
71430
27202
66034
70994
64764
21316
40558
95501
77053
32309
4252
29367
93977
25947
92066
55229
85012
78742
23728
20273
63044
89225
93200
18729
66550
71054
66101
70185
86334
44018
58674
79664
90694
20948
46818
58232
62321
84154
70778
14524
83814
55003
73489
50198
63826
81783
95051
70072
15206
94855
43082
64170
18393
13967
33164
26928
32042
21803
48412
78005
85661
39209
905
81371
66364
89603
78756
35249
25875
97973
4751
87211
50390
37789
13439
27594
87006
25099
53454
81762
13327
19588
43208
42778
46079
16813
63998
7428
17290
31996
57230
52968
20302
2999
30519
97271
26287
60114
99520
26431
23689
59996
19844
72386
96469
44425
82252
52722
12156
427
63614
84921
23830
81259
30226
92667
9103
75483
24790
51562
19665
37622
50897
31024
35030
81229
73616
90880
93138
15336
96069
87734
81594
18810
53473
41169
16520
64461
2829
56742
45201
29787
73103
73140
90228
69407
2301
5087
7770
23155
65468
34113
13704
3986
5977
33925
91392
71068
37141
70607
86602
49485
22962
83663
97288
37476
68482
65256
4603
25680
38043
56752
51939
63003
55118
64737
37643
398
48201
6988
28795
34288
85305
93271
53043
87431
4726
55994
95420
57960
43818
55245
44883
5653
22366
94792
92211
76133
57714
23422
7647
495
32064
99147
92932
76644
8684
63402
60205
53782
32611
72341
61360
60101
1170
73708
9206
8611
71596
91185
25069
31899
83965
39473
80374
15223
48536
53275
91188
40269
97086
50612
36631
6485
97224
74167
74561
48850
12542
36921
61111
58260
44802
6650
61283
80065
36141
60633
50613
48891
95392
21925
60922
91395
35918
43164
95017
95950
36386
19380
16919
13123
47328
65833
36350
64369
2125
60027
47628
26213
75509
94793
46198
71482
3453
54597
10887
74187
74162
56704
20964
88792
74364
68363
77614
81192
8897
17304
92028
86221
15150
90586
99380
58412
63152
35885
28178
18826
97976
44124
18732
17448
38051
1458
3431
81641
82353
22244
31403
46246
20792
37475
71575
85975
72994
23466
45483
66371
59662
51063
79493
59571
14042
82289
95496
169
78912
11656
15897
19320
84412
14637
88848
79537
17156
14976
55224
84850
54206
18326
56492
56786
48186
81849
4302
79338
9367
47280
24177
98770
23137
15466
61660
57056
99041
66114
8090
11486
73917
29331
30174
35792
19190
26565
87589
48594
23414
48672
990
68556
32736
68434
20953
77703
82184
35581
30641
81299
27855
42313
28472
41521
18199
83411
82256
14008
37365
840
32135
7019
79086
93056
82205
92699
1719
86199
39785
17433
42658
82183
5921
68955
27047
79514
94981
24472
39013
96634
35939
82404
36536
6841
12716
63434
96279
16192
54908
98128
99570
73516
97489
5974
81549
80563
72475
14414
48081
76429
675
77294
86096
96083
95317
64987
45975
12709
84389
32136
22823
39455
31829
41058
30123
89216
91354
3846
78970
15628
63322
78901
51272
62686
28786
55251
71153
29597
25624
25360
43688
93824
33097
3375
43525
58546
42320
52496
46562
54081
54090
39973
42200
12265
15322
50141
54978
30546
11857
91504
91205
42562
17852
29615
3958
55095
6083
67482
42883
3533
31812
98347
62053
21574
25391
82639
82541
56618
59265
68102
34233
28566
48802
78750
28606
29185
2378
47460
96358
99363
92523
61824
41491
10970
65394
65589
21640
3731
27840
10185
24779
28066
47801
66272
75628
47308
44511
87934
5241
64385
8363
52825
75504
14987
48933
96004
30935
4520
50738
9536
521
99154
81667
95800
51696
41120
59340
8714
12444
22129
99857
23528
41152
95273
37193
62160
50065
73692
54726
54015
7164
47305
77996
34760
7690
16144
2444
77051
20812
1724
81796
17055
24888
63454
81900
43465
38305
56490
54164
55455
50460
3959
84727
10620
82675
7324
8224
96347
31430
3180
36309
22217
29368
35958
45137
97612
58302
13911
51159
16573
70460
18718
58408
4585
39797
40568
71512
84088
4869
28212
79588
67179
33400
97230
27255
99587
9918
60132
81765
92322
15635
71362
80626
59378
10553
21863
95982
52564
7010
13260
74548
78792
59675
81552
70921
83028
13586
48767
70977
82046
86944
98672
66033
30538
75667
98135
13214
73181
67869
85177
87506
10237
15120
4678
2563
72049
40519
31644
85299
84732
91223
6315
58098
95024
87459
5463
53396
69428
19781
3585
57249
50029
59385
97735
82067
85503
8297
43933
70211
68128
8560
12012
25848
87002
77788
36789
92289
13447
32392
83222
23095
26031
75213
9235
28739
21050
8332
48086
24430
31592
24539
66673
79504
58498
22728
23386
77149
2372
48570
43418
3844
48312
95052
76112
65536
48511
71552
90827
55791
64348
49108
68204
65652
4528
13673
13751
35806
44218
85684
65827
36553
39059
52451
86788
93152
7576
21745
48622
95211
75531
41093
30368
28001
7497
45849
20306
49950
7285
84128
36093
77728
26558
21874
89124
82800
67613
28774
73134
56921
30462
35140
31389
49614
11644
88171
54843
12932
69216
25843
77027
49609
30391
41715
53759
84287
77075
66357
57391
40984
77102
86663
91809
19847
38109
94608
14783
70288
81323
31724
44705
94749
74594
62134
30000
72380
64189
46886
53358
27838
91132
51677
57849
41948
22427
87782
23998
86098
35628
52632
33162
13594
96575
48108
28957
58688
68875
89919
66924
6970
69150
33914
971
94391
96803
48830
98100
47713
99647
71123
87138
6081
90807
48434
44755
4105
35129
55674
7641
29503
15549
57754
28698
53076
93621
69227
61397
89844
49123
46072
51772
43162
63162
94605
29101
75209
95980
20393
9672
53393
66574
38773
45689
65408
57358
38477
9923
42772
59090
38588
22363
16175
6217
28117
5041
2987
25294
2559
88657
7185
6595
13516
69063
47643
58609
56939
3094
13940
40200
99157
38354
96697
90287
14707
82464
90826
26155
99832
74985
66009
45604
95581
25450
73417
89524
25698
22872
557
63567
52597
46970
68678
940
92232
87674
47868
45304
39237
2115
66251
87936
38208
56380
62341
51420
61365
51279
69627
76930
78510
50235
85450
88990
39887
31387
87949
95826
37703
5173
85861
75081
63229
37953
50371
9541
79200
95610
54351
33333
24375
40313
13217
30599
33259
40043
23984
48150
68435
685
14266
80191
63905
24214
29681
83269
74030
62291
498
69051
90670
23694
50688
42825
32419
46177
84715
58008
71914
6395
63940
23377
10489
16290
80949
31399
50053
62443
60979
816
85890
43463
34463
44717
74657
33496
32182
94011
58590
25574
93462
34726
84594
15442
31971
16781
36866
949
60636
78108
40642
21781
62202
17013
98917
36448
96314
49364
77898
67127
56791
81435
52146
55952
93365
15229
62775
75282
40794
15923
88732
92301
9649
8932
93035
88925
79140
48485
56117
79723
54869
20406
26920
57264
144
14773
59381
97755
16430
87639
89486
16899
39807
6427
98335
78392
2341
14624
60409
72186
97331
46497
50797
45103
53878
68038
27955
84431
8498
85777
49925
10618
27581
97598
86087
29103
76443
22112
5564
39595
5970
35991
41155
36246
95915
79661
9659
5013
82688
84484
93374
96221
49036
61477
92749
64006
75754
13225
95178
26674
4824
25346
40063
46255
9851
28195
2174
78121
29447
38708
63579
68118
14112
48050
62204
20063
58285
40255
97176
99970
4262
77776
4790
17132
89033
67553
74482
88135
57376
90846
74118
18843
92449
13512
25844
4194
22032
62299
48045
25001
44570
76244
96072
14305
92701
29496
30212
17542
51563
50636
91549
46618
67984
39461
92064
42544
71652
14360
81557
43504
22691
61631
25926
94362
62434
99835
81531
10755
18911
36085
80289
12303
68158
75649
86454
52282
12770
42090
68072
42636
62834
54374
34424
18660
78203
16666
82827
44804
10299
44920
77023
46375
23645
43421
65695
12718
56573
72550
73811
96924
78594
27799
15807
90264
29925
70429
88607
16672
43757
18435
98003
84946
17079
29952
52015
58508
92987
33917
23682
68850
27396
61034
11755
3639
8387
89693
39260
18676
55240
22625
74823
55234
32616
13144
75368
19728
34604
20669
18273
67543
88448
58283
29895
16438
47845
6703
77904
4167
73200
64342
35974
65777
32279
55980
22487
33746
69539
29355
28966
43480
53243
79035
38852
88420
87723
51679
5304
66692
51187
13442
41771
86821
75968
88243
82452
13748
69332
64242
98452
20239
46036
16236
61570
67144
7424
55180
51766
58525
32674
45368
32811
91764
94652
89950
73481
79914
72810
65732
55011
72658
18655
66291
18418
39365
37269
95796
35121
40677
59966
36320
32710
25304
36739
9026
26501
39676
79717
37013
53152
63000
3942
22020
19799
600
81103
30876
41449
78621
45230
21682
4808
92320
64182
52020
80320
53469
82473
15366
57635
18121
34504
46615
78829
13008
93764
11837
58737
71291
61140
29159
84460
93809
88241
37836
3899
43027
16487
88907
71730
54651
91943
57089
89980
10678
59176
28222
63665
45139
67750
58999
39220
53560
86048
6860
16687
10957
35374
19217
67820
59194
64984
79107
77538
33044
97181
6994
17460
21068
84920
14041
26658
29040
54712
73919
49087
58965
57322
77362
83650
87618
77771
67933
11796
10200
84502
97090
28598
28558
12521
71951
18734
706
44863
93379
13109
97722
10129
84066
17161
73175
71880
86986
33000
96079
56920
77938
67477
75120
70295
32313
68783
37594
81767
15599
83519
62464
66522
86834
33288
95828
3895
23119
12356
62072
47101
78143
50540
35874
2797
58309
48498
93771
92753
55385
81977
41289
8968
89310
99007
20681
23481
84276
18491
41934
81012
79617
75355
12671
7818
89538
86943
40977
33918
56994
273
47991
4008
71363
87870
90019
78172
67061
40425
59115
62179
36134
77999
66918
27523
14957
89725
7566
95253
57109
19766
98067
74405
76483
67325
95514
87090
21852
79112
78152
75723
15817
6092
72314
47376
17728
12860
25758
40343
19369
58809
98528
87929
48205
17406
4404
11245
86733
32399
51658
59375
35664
9397
95238
62269
67780
9318
28440
43684
1619
89005
43095
95839
17120
11112
5960
9473
72543
21165
98193
31679
85244
51609
53237
75410
99249
62390
34870
77805
80347
50009
9353
72008
52843
25630
54478
39669
10094
69029
85132
62087
82819
15575
6428
23699
82469
474
82568
87811
10626
63707
68439
64127
60866
51598
30157
3230
19963
83494
99033
7976
60161
45652
12278
48716
21684
32467
61150
26857
67410
45574
59928
65000
15864
11555
50500
87603
85835
43043
7361
91682
9856
45507
99635
74083
70876
83201
51416
68590
92823
28340
32036
43650
28190
8811
18837
20224
48590
6311
5520
27349
62840
30495
471
23062
22748
18634
53675
86802
53303
82151
32553
28894
75608
2408
80956
26337
54235
9806
24249
27537
78049
79807
44861
5872
89894
52433
86587
45444
72211
69363
41355
60683
95682
94143
3821
3919
83000
71947
56866
56762
91424
87171
27815
73950
15547
937
38793
44445
29807
58150
63965
55939
71302
7682
76196
88599
51803
5185
8694
16328
79650
45402
77043
45491
70816
46910
85537
89075
15559
35346
74828
64108
99704
9726
42558
53680
61240
49124
29261
11296
81698
62423
11143
76727
56010
97516
55956
83147
15071
28853
96232
1645
46073
22677
37167
43140
1937
85972
80272
35677
87699
3228
24449
14682
77001
76721
9711
71916
41332
66389
58762
33001
49167
63061
89203
88663
20516
14981
72376
73386
62796
21445
65441
80393
85248
54496
60707
36892
84017
51102
22908
74038
38449
97723
7277
68487
90364
54296
2791
94910
21319
23908
96464
50107
36299
9442
69564
87319
31601
13557
19777
89573
95430
4227
70624
47906
46008
32051
41318
76053
79833
57855
15675
44537
11064
83948
17772
53608
92491
59794
93847
74100
21194
78226
35001
95764
39677
54984
11441
33715
87088
48051
65986
76983
82731
99312
76042
22767
20200
43920
53093
10119
46873
18208
82102
23880
5279
35955
3930
69999
93751
35937
12445
44984
79562
73989
45118
78237
40786
15110
85760
83430
33916
31398
3224
62462
74007
78205
17385
44241
43084
79118
88596
1646
70890
6262
91340
74748
88021
90017
74257
81310
99390
79474
29942
30753
23949
9805
83003
89796
38446
12532
37418
2379
72698
27127
94071
39207
40734
52937
96465
59566
83113
45343
86235
55710
85143
83349
67801
68673
31352
23340
59496
95522
5666
527
64931
16755
55815
45032
81263
68622
60611
32084
53185
24306
46227
60497
64291
68159
34116
38061
19688
73238
61301
571
56790
61996
41148
14934
95132
10834
3425
10654
92120
60165
96783
62844
16563
36180
57284
99196
3299
253
31667
52224
54960
8639
85622
30053
97472
52159
38063
66040
35889
56546
33105
26821
60423
44958
91525
51600
25660
34938
80996
16950
69429
58085
97048
11641
66570
43524
45408
56362
98840
98054
28628
48562
93791
33458
44213
52951
67315
90907
55369
78803
7985
78482
29479
44515
3117
80006
69334
83633
40064
38892
90777
7643
84951
41829
16367
89395
78385
98163
39716
81075
35709
68749
5920
75453
35354
68549
53682
84499
40119
61936
3424
86545
65779
74110
20465
21886
5737
71860
17919
64105
67914
69855
94852
65054
53108
38006
48709
52805
40893
14548
26499
66089
33178
98258
68461
76302
65774
50884
14452
27448
54433
38902
38117
90899
2409
64742
63486
25971
81440
91125
42707
86515
10425
31435
11550
48105
24431
50453
52265
11699
50823
68723
50455
95342
21439
14641
44250
44526
72804
77336
60005
97143
46815
14073
48351
82883
70867
50993
79206
15064
10513
73794
26299
23423
78534
54096
20795
22505
65598
24434
46626
71477
60371
89802
1307
29565
85199
6105
14439
40749
57107
70048
71071
1561
27765
94040
35805
69658
5803
9030
50214
52378
12204
59374
237
41966
272
67142
78046
51667
81016
2804
4051
16039
5350
6829
21410
82735
78858
26761
39171
42841
59624
73484
81252
31018
34560
92202
74579
78059
32548
68334
2309
22910
56412
59877
641
8162
53679
86983
77577
55558
90444
2622
65285
55067
26718
51723
17145
70117
60785
28058
34717
22862
10062
73966
80480
76210
87473
9589
73096
47930
10705
37199
70146
53017
46514
84790
35557
62789
44806
13015
53375
69632
79593
49277
82999
92223
3516
2385
64449
27958
17557
85207
49838
62883
98586
91233
65100
44478
83517
59127
40553
47924
73204
31007
53686
78508
57863
8203
45440
74587
88786
64983
17363
72569
6109
81122
24139
36243
90530
97164
52585
84223
32219
76953
82703
11153
57493
49201
71312
18678
17665
25949
64107
75671
12376
9807
944
34867
35307
40288
59503
74837
54009
9384
18913
1961
32856
32691
6322
67295
22723
3682
90555
29232
50488
83330
8366
22356
70973
39824
80165
97627
78417
88123
66231
81756
78466
89398
55963
75110
3192
85545
30016
13157
70091
52532
84704
2699
58978
61276
70825
25431
97974
99883
77129
49253
25368
55298
64462
5777
62690
18558
31983
41218
65157
78625
1027
60044
16846
57369
55262
28676
4448
52635
64751
98579
12519
35621
70391
3124
69175
74452
7321
82609
57516
43209
12028
84991
68033
29419
83188
64226
12065
80876
63907
21225
74171
99668
32266
63888
61087
79545
88089
21285
22519
1085
4048
10948
54376
91978
25475
80487
23806
47547
3255
1754
11466
20338
13003
31128
6913
4676
78329
49429
68894
57002
31038
68423
71671
59545
62366
30623
25254
39619
29448
99371
11132
94548
5785
72331
67268
66919
12441
54578
65625
46988
31935
40003
12422
87666
95443
58821
79065
38411
2956
96044
73707
86666
80117
38855
45317
85715
68579
26684
39514
42864
952
90814
49029
8789
62714
51367
30785
36932
89322
53054
1593
21550
92428
76097
22551
97242
4819
45036
87559
28704
72507
81953
27677
52364
30549
28396
92108
66172
7738
83100
37006
61835
57706
41315
61518
93250
4390
59945
73583
18457
69820
15253
97588
44748
87624
79342
29714
68453
82058
23794
49706
89309
49097
80816
34156
47785
96560
92866
91696
25809
70604
44874
84409
34811
67120
80600
23067
95206
86435
64111
89977
15511
98068
73052
37851
1023
27281
43285
73809
92779
21756
63872
82972
58159
81633
16099
99227
16270
93962
64926
84143
7532
26616
78955
18949
21056
88176
31481
86246
85337
19624
23184
91350
99140
15970
14378
85367
58891
98862
96633
175
72840
51892
6931
18353
89703
69219
92410
64768
7983
39469
16353
45143
94078
76162
5471
48813
93800
77110
47266
30898
10297
60758
66791
89669
78667
51705
83799
14319
19908
79885
93268
91089
43538
78818
58164
60170
67755
85995
72539
31120
27105
15116
87906
70877
94811
78609
69813
75769
85148
88868
64805
86223
14679
62176
62960
93244
43612
73566
98225
98309
27658
44004
62456
78948
63172
9523
4180
22881
63121
91293
70272
57320
35878
28778
57858
73861
29223
85830
1471
61298
62114
26582
69155
61563
23936
34890
27486
23464
77882
11304
1664
66802
10610
40103
60174
36729
11582
32028
42408
56008
914
92393
9429
20893
46158
28552
87233
93736
94099
78122
68809
99481
42875
32677
16769
19592
80700
12794
15759
9810
65379
6812
61388
43276
71444
58021
24296
64119
10320
96953
77335
99166
41632
93231
22359
22851
5393
61297
85335
88195
30048
80388
9520
74272
6054
78420
81709
11096
81766
39448
54864
95741
66981
36914
3660
28188
13884
42149
68895
43479
61806
15725
37307
17787
59636
74128
94937
42704
94517
36255
88017
66484
43045
81346
27778
56727
85490
754
59144
36930
32029
2336
93570
93373
42499
38539
67882
30362
94349
53334
50637
762
32334
33599
70753
69887
49348
57455
31574
95618
44973
11677
85434
62614
57596
1667
87920
79882
9343
24040
90294
36467
56741
4874
75015
5220
55120
75866
30043
76657
24914
3394
33687
56139
3374
76913
40895
75155
18812
97981
94483
75672
18225
8586
54598
56631
42363
88373
70476
90590
97808
85821
42023
84280
57962
78626
59214
86682
47037
99618
43261
50256
79359
35485
94240
4731
87430
36931
39384
15994
22669
8579
31501
73242
14507
34618
38175
62939
68385
38360
56401
57160
59111
69552
39098
61853
22046
51062
50719
64478
29751
55295
83623
28940
19621
35206
60403
65572
78002
54525
76486
54849
2623
57362
52384
54762
39495
92566
33275
27443
51095
48245
25564
32099
20436
72073
38408
99548
99708
93227
54699
393
45653
98605
13415
74281
10836
87845
27051
48928
39085
27887
7336
59816
89729
479
87791
41364
33398
39969
65175
18876
18696
57568
54136
43403
41475
86684
53391
48735
72688
9289
81659
77202
1598
87746
55851
2315
98229
66421
58037
18738
72470
16564
75665
11522
7825
17897
8981
22954
48200
87500
91135
83723
12057
85927
50358
21789
62996
97357
59069
38247
53496
31872
94005
17140
88233
21455
24596
93539
30094
63652
23587
50050
54898
71681
23910
18881
37215
15738
63276
39858
61141
8500
9083
73419
64238
62954
5405
30102
37402
56175
81045
30389
96781
9161
37123
66460
35222
74326
616
74331
24127
31257
40007
17819
82669
37654
30404
11662
76747
92448
68881
88763
45100
23270
72921
50133
38729
74109
62957
18095
76400
89685
2514
59078
87585
10731
66951
10421
98750
95693
61624
87819
35050
93349
945
35356
1791
62970
25388
47821
10097
7514
30850
73853
3905
38584
33049
58055
91455
99663
6242
96716
68005
63325
40802
22904
40522
41571
90520
6030
84591
6381
43490
94896
93859
98186
23436
84185
45586
62937
41270
33532
96031
51944
85683
70019
15847
47725
30586
49274
53049
14954
17309
74355
89299
16922
42064
71886
86734
79647
83561
38738
25607
95353
40914
5700
58581
9550
74720
90550
2130
57586
36307
54295
16215
88412
60057
85468
50158
25135
99176
50117
34131
3403
41417
6296
64729
51434
22783
20970
25735
6975
13151
14903
19226
73311
20335
81457
34696
52490
14325
47971
65784
33672
22798
21541
85878
98876
17203
13950
69427
8259
41229
50737
18488
72877
3723
71772
13476
99956
36182
28105
53951
71625
36254
59250
71954
49182
83093
1373
70278
87910
84612
46329
58381
53112
2161
63359
28741
2519
5874
16295
43798
23999
32719
71919
3362
74591
60564
55795
58778
16388
80386
60443
39231
17634
48683
26698
46395
88854
94404
95559
30146
43954
50337
68508
5847
1775
28432
36580
77364
49279
9341
62979
4412
95787
52406
36886
48930
75085
35324
1623
90708
41207
93003
40198
61466
29881
97126
76320
54225
88278
34316
71852
25637
74500
74169
56840
82397
96124
8071
97532
48406
40592
49580
57881
83456
52346
74975
1729
41541
56503
57777
85693
68986
26895
20016
11828
77114
24184
16401
36772
20905
7193
11001
45935
96191
17598
35631
39225
44469
97624
8423
47615
15573
19198
22840
40017
45382
63514
8231
28065
37895
57696
34763
90782
10318
80772
15706
52196
61151
2552
19510
3147
75080
39840
43717
80253
72574
35441
1136
30170
1329
69548
77288
29575
57099
12670
25362
83215
22900
73274
67535
19037
49269
97078
32208
93318
37334
45209
39356
33191
64960
13758
40649
96089
38856
23301
76673
41474
70757
91754
4668
19411
23101
53249
34713
28702
59708
33769
84766
42806
26904
41845
72272
73783
60757
75294
70529
19814
44582
82784
13856
79574
76787
14147
67674
92786
23943
94682
41470
97547
25048
79413
59204
9091
62173
17705
4237
64892
47124
7483
29784
41246
88484
13547
50640
89965
65702
34027
57228
50131
87406
1537
67718
81005
55841
24633
35790
13729
7296
42702
38704
88341
64779
51646
61166
13629
82805
52925
95635
70367
15389
90745
94880
24999
89572
33466
42943
48194
29439
76575
5617
84007
80924
94954
99149
24328
58729
9718
895
9008
77787
37272
65333
83180
47973
98308
6192
59407
6892
64252
14693
81790
86579
92306
21122
59006
76547
70473
80778
69747
11032
91941
34357
69968
8573
42377
77989
26160
68553
91731
39718
48793
54821
97055
9138
12609
97320
79114
61539
32304
46272
94115
20537
538
15307
661
71081
30861
47085
3007
20602
46388
56061
14214
74889
8742
91433
77569
83653
58779
82652
15659
16576
53630
89808
30229
5962
42092
51261
33700
77608
21950
989
25091
10578
29603
73211
56368
46907
97795
95961
62845
50977
69213
76994
62406
49458
14324
47661
47369
66118
90020
72078
27639
20005
93654
72159
68981
52615
16718
99717
23235
63977
4682
82320
58422
18472
21910
83746
11964
25249
8282
16302
13588
23585
40733
38276
11170
97641
76353
59916
64861
38998
92629
45924
31219
46267
72288
12174
20451
76579
1851
68689
49301
43902
37410
98152
87017
36325
9352
89297
48340
46559
92715
40898
97611
6756
61888
13490
50252
57600
67327
32373
22230
17995
87857
95288
73844
77087
35742
33322
20515
77341
88091
88028
96735
86653
83397
89347
98455
44925
16848
92521
7206
33063
50491
24180
12820
80877
85469
63079
18999
58610
41831
44834
20280
10972
97119
44965
5231
75936
87605
97002
39541
46714
18668
84187
22965
87226
29562
91716
64667
32862
11075
30253
12033
42171
74715
599
19560
79712
91509
87579
22330
36179
98875
13529
13111
71314
59544
55546
94992
58270
80869
45457
53272
83593
73167
46372
18858
92151
75317
43494
63831
4654
48466
76103
64517
28119
16869
86086
90394
53749
71303
39921
22430
92978
27668
70462
38978
38254
4442
79547
19429
75854
81896
49200
85065
78301
68802
87520
56947
25626
50615
60601
13868
3572
87677
83110
27499
86236
77835
94136
6115
27247
80146
84961
56694
71617
71451
29008
40778
35616
32863
8307
74300
37436
53982
68571
47535
48784
23176
89553
62351
10929
34183
20767
15739
14150
68646
89826
76531
15492
53938
75872
18890
31394
45678
67958
82348
31379
59596
93180
38218
11787
16560
77761
83685
14421
23164
32281
24549
79880
21083
48872
29024
27083
67122
16157
58684
56580
56115
93238
57656
23500
51447
63903
98535
88603
53935
62504
13080
72148
50203
80610
71614
71036
32020
34678
20053
45681
80533
5555
49340
24097
16984
26878
95166
8343
75683
30090
61405
80024
53318
76404
71892
32524
42273
14745
85485
14639
84644
94725
44780
99839
35700
95959
3296
13619
87783
1862
96942
79587
15647
74864
49053
33083
75363
46292
19736
50430
10915
56295
99406
28077
52668
53698
85657
81138
40418
81627
48710
17236
47423
52676
68606
80261
38286
14916
28136
76986
4715
86778
33627
92780
44701
6588
49220
29642
17416
2815
88001
74178
8398
58347
69089
65253
63448
37354
90936
1533
3319
58909
54614
53436
31878
94154
60553
463
16521
32891
55554
99977
45968
64878
51070
16546
1318
62921
51648
9568
67036
99099
55253
76620
67515
5189
19977
18466
39721
25267
17183
20577
84261
39327
54425
6448
42712
88613
79033
2949
77824
6495
64471
31718
83642
72007
46474
87290
10583
30159
40614
16392
30410
73004
44231
30069
34730
85180
7739
88532
51872
40810
5976
42085
21830
40162
67291
14579
17349
81232
14372
67451
26800
44316
57733
83246
27348
16380
95788
81680
38960
38452
55501
5025
95425
40246
10854
63342
17845
49311
91570
65691
44434
18897
76550
58575
93958
68891
11189
53988
60324
99806
9214
15637
22701
88827
83135
28602
64381
62819
17738
22184
76126
94070
95856
99074
2052
51790
33948
85497
32963
51157
51618
23752
46369
19597
8847
94090
34008
83793
40038
23768
63470
63803
75601
81319
80551
2001
77548
32198
72975
72928
20701
97443
55748
99944
97785
17812
54451
96016
56617
37896
6445
44287
97042
63077
57213
48596
99967
1016
74117
79739
43560
45858
93756
44465
68737
45027
35964
19056
77943
41412
7310
49727
62920
78292
62788
45075
57184
89026
70792
12210
92144
90900
57829
25287
35323
33216
18828
54057
97103
4540
58544
78570
17936
18687
61386
96128
58708
58861
33510
84147
60316
45142
60328
73585
68899
32713
24073
32797
23799
41303
7530
91431
36380
6933
79596
33181
25541
21133
21001
45015
41636
56583
35416
29679
54160
17621
35943
52793
29286
4183
12925
78881
9938
64772
3029
7286
62374
60481
66011
63844
11534
70961
67479
67017
63007
40541
79694
24098
41143
87737
85862
35338
48698
26946
58879
67475
53397
19732
78629
92154
78116
27554
70560
75463
29680
13378
43166
11292
51158
4502
21375
53431
51496
83136
8456
72313
15169
66942
67266
42741
22500
13103
25675
99744
62785
91743
84170
98400
83284
12510
57059
81677
82686
80274
35259
86391
67754
66862
79772
27772
57082
18460
17885
5969
31901
58765
6952
33998
85735
38003
7025
82517
36888
57684
56234
96902
70203
46193
60470
753
44796
74555
41261
74576
58699
54343
4096
27218
22258
88438
30983
78660
40231
33119
93884
98081
98946
29613
55344
31524
78163
52025
75137
29003
59235
27248
19143
29672
77041
86679
74992
17657
9413
92440
32023
6628
83789
57893
99897
9683
63524
34107
53326
77371
46119
346
41905
13726
28357
18821
77191
15960
2366
23548
37369
37377
73372
94755
35914
66314
59039
66792
45710
38172
16478
60548
92201
9909
47161
83365
59383
83788
34614
90945
99240
44907
12018
13086
207
1630
82403
88775
96409
1794
39761
74987
51267
16971
79279
58618
74754
30888
30992
32957
74082
57865
89204
44246
85090
11568
80392
66356
65664
87468
79440
29610
12081
97213
71142
20443
59597
48605
99751
36482
38228
18386
30590
10519
64317
31992
33388
11448
5182
74615
94261
94221
13711
81884
11937
88317
92220
16677
4971
22860
39839
66544
82300
78828
95302
93246
80434
79510
16462
21515
97602
44895
99590
1118
52504
88774
5394
38246
62876
13342
4473
38150
24649
65081
79860
83825
34537
80203
24439
7148
38765
25703
44620
77452
44725
64554
84976
83725
21800
12030
97953
58247
51842
18791
37335
89694
79699
8889
24356
51815
73129
40586
69280
61512
90033
63221
39139
58534
20022
91133
78192
26921
60650
83523
96998
16762
79540
39022
8127
19187
69204
68613
58771
27427
4242
54918
57996
90737
81060
82152
26729
39158
1605
14082
17769
65415
3182
82896
39149
39241
12217
13845
68713
62974
38942
53790
12246
83858
71129
63867
42639
38455
42177
49037
65130
22144
83701
83197
80067
59368
61860
65920
18122
91862
9980
19293
42238
98598
32113
29998
6154
69994
29741
16586
79779
23372
51216
41165
5245
6049
81001
2670
69229
46845
76408
11273
48189
1284
52900
862
59952
82341
18572
94700
21415
46660
10027
55627
5836
10635
97510
63234
16636
54801
10641
79268
90491
37004
32131
36129
24799
75001
12787
40894
24734
18164
16703
6559
17488
39706
9056
22309
40736
73120
70492
80143
85023
50219
10954
22685
52445
69612
35487
90015
10037
70799
98653
75424
31702
34098
11539
45093
20810
76018
13386
38273
98311
58369
53236
60478
65794
52227
1419
524
10868
56186
16130
55973
12474
70852
18483
21395
1310
67720
62497
57167
73893
82673
96387
91680
73169
37069
93996
90700
52645
97235
28687
38113
71128
9633
33194
34500
86317
87935
80424
24782
86212
38915
49500
4713
52453
60128
17893
8554
54667
47667
14237
83332
43987
49132
81247
90320
20540
38963
59807
77069
35218
46323
52099
505
22332
87482
75418
57560
64442
61820
21991
70418
87927
70740
94045
93219
86979
72674
12681
81640
1873
58880
93189
39757
46295
20102
56245
20567
34558
30287
20679
80860
54457
79555
17157
59354
631
96764
46672
41067
52656
9625
95697
72025
48269
50181
4294
10164
26486
6233
79632
20150
75311
4246
26393
88582
98490
71236
29965
7883
80258
26423
21864
1503
11327
22880
98503
55292
21160
34262
99859
42250
76280
53001
22521
85879
30806
8536
19184
72790
12470
21507
49186
98513
69683
41879
44107
7059
64176
81544
6325
67946
95171
40319
83784
59961
6764
98381
34576
83232
35826
47691
21678
61007
41892
32745
21363
40435
81567
97340
78256
38213
77967
10178
34667
79559
69447
86290
56405
95066
37747
96850
28144
79755
7479
36794
28766
17587
12599
85166
75033
51305
30015
16614
18341
44411
59351
57158
39409
86069
8043
32240
97900
21981
47682
35573
78794
7917
94452
65639
63376
67
30029
22557
36542
55698
45197
60240
23776
91839
34848
21485
98429
92245
82408
29332
28710
98378
66466
54631
43662
3651
7907
75172
74519
45449
50584
76916
69441
61543
1375
77726
31551
81592
39252
84099
59848
24621
95942
37461
21082
56491
7450
23113
42824
76416
83921
55157
99745
74387
10264
94293
22692
3035
98260
67506
65856
17660
71445
29362
29531
83073
68620
75838
294
30007
17520
2028
20974
44756
74521
59919
88259
53659
27177
98856
38441
61892
51613
58094
34826
67779
90526
74129
74093
14671
91104
32629
30917
27564
28734
97438
89087
8334
82935
12619
92354
38189
27949
39491
99632
4185
22204
94940
75919
48533
45097
52018
56857
80859
43805
97890
50529
39133
28505
4900
73045
39234
50458
12811
72382
18217
55537
86714
72117
97194
75992
63204
99613
93674
43431
50778
97910
59862
26270
69377
19972
10286
89860
97744
29794
27122
46237
69864
85262
59352
36225
33852
71940
92871
28543
617
57383
64491
53183
90793
54740
71807
54954
50180
7415
65056
45878
9242
17026
2099
29077
30241
78238
75372
91830
81683
25933
79499
88881
95387
40575
88569
10585
17221
65330
28167
78365
6241
62450
71112
81271
32487
85844
22307
14044
74722
7054
80232
6612
85377
94009
49416
94119
1107
60241
94184
23362
41776
90333
17765
3312
66191
80689
47102
42006
1844
41503
82136
37525
55712
38439
24751
81273
94602
17640
97030
54493
43837
25663
95865
94055
31787
48640
70026
37991
83982
72849
1910
24001
40607
93450
6329
53149
55388
65141
62505
6347
89412
19210
27338
22603
38626
2988
72960
50387
4825
76769
25232
93705
30509
81106
42871
49697
98739
52501
18016
78655
24420
90322
96455
13334
62074
63673
21873
35150
92863
72293
71436
87963
20248
1499
7225
9371
81541
54307
72982
28513
41779
39331
62154
49082
48810
21783
91649
35470
61998
67303
22398
33519
24864
66992
85797
20149
13190
10486
57512
76946
57557
21263
83311
39725
66194
19925
84996
65082
25767
71099
19025
27603
23844
2890
707
72377
48958
88166
34493
38437
32897
83320
45082
97806
21458
79308
1565
25946
30954
46688
57752
97715
26206
23878
30501
99225
87869
76049
25674
36768
35751
98055
9564
86912
63543
90964
70086
46675
44942
35095
8237
81823
54933
62514
84485
49568
90969
14394
21941
51003
26868
54459
76328
5768
3452
43925
18709
95647
96068
13278
51147
80953
15305
85517
79108
8289
13400
224
55102
52140
64210
11368
15156
44795
63999
50604
96883
92735
5024
5881
26071
63075
96552
70493
97039
5892
80519
6193
64507
91004
85974
68969
92634
96324
27198
94681
85601
17369
57860
60469
79622
66585
98459
88715
62611
67536
49417
74485
87251
1901
95098
24
18665
56802
85966
84891
93313
78327
90934
22002
67116
9183
15245
64134
95880
11632
59563
90129
21589
95044
54223
95203
53551
37581
43867
22185
18467
46391
45330
99765
84146
2547
78347
51713
75387
68042
29684
64290
7393
53123
89295
5261
10331
70681
76000
17412
11941
96335
46639
89119
46543
84469
27371
45527
3523
51882
31596
11076
53696
88586
97252
13718
21955
96346
38625
4396
51924
55590
98823
16131
47731
47
99497
16402
7979
9377
1480
22859
3705
25631
53468
74566
87405
62645
52862
60860
81082
54655
66648
32121
35867
99348
99159
87959
43290
68284
77905
63529
89206
64051
67134
85264
81834
26744
12898
84549
14162
9419
15793
72112
99562
22797
36767
45742
25309
87378
38801
999
11363
56513
58151
70705
27630
1347
46354
41917
3001
98252
35271
22085
87190
87456
94010
27447
72340
19109
99130
89786
59451
9157
742
36474
50505
96235
94190
41711
568
84856
57990
12653
97683
81344
74976
57133
28103
33110
1520
83958
90887
76016
62446
11120
90376
64486
32152
9920
92903
8126
81127
56577
40451
42291
75946
5500
60089
57075
39330
4901
37163
99407
95977
69343
59615
15414
5404
82818
22392
4327
25635
66139
98546
32404
98607
84907
10374
43743
67183
40030
88794
11165
26158
33431
28715
53905
57640
6633
17046
73116
49501
29850
32352
4469
73059
22906
26276
7652
59291
66103
50253
27292
42378
55932
12951
88858
45911
5246
24964
97734
66306
97129
22325
20502
92414
71046
53656
96776
50402
34961
96558
38119
13369
12167
18372
81569
77237
76933
42191
11637
58920
45567
18110
9184
9355
53772
56636
35765
56684
84931
80124
35465
9066
40333
62485
61446
71532
66956
77289
41706
26563
49045
42997
97595
95500
20356
24756
13070
51652
1398
18697
84139
89051
40901
51936
42660
77593
39965
84443
9225
60175
70863
52507
61052
18933
16669
32203
222
77717
29169
14877
91211
86436
75597
92194
93697
23368
53344
68226
58189
72503
71967
79438
11480
8537
74759
39964
27659
91379
94840
49957
10375
21989
15967
84958
12631
50729
48499
53840
29289
47772
82344
76941
17802
22183
50566
39832
87570
48551
97349
40833
2147
59104
40982
25900
62646
12580
2531
15448
10529
72604
29081
3957
55124
24886
34111
71547
27512
9624
66412
45493
95535
72802
55487
30745
23170
50074
11557
525
78429
3715
56907
31
92271
32126
88802
79263
99047
94835
73182
34881
96257
42380
82646
26859
76270
4757
96857
44013
8257
77902
80280
59600
3360
8985
51621
48417
51623
56173
73191
3713
55931
77846
28810
87450
66731
42244
7764
65228
19904
85206
20820
47487
67526
89420
27916
77415
72529
26137
85447
47716
72791
36159
48853
76123
41890
79806
91769
41145
35453
26696
40969
79825
95110
72633
39265
48589
44776
16710
36662
80314
31469
89392
3332
16646
42303
10474
27703
54168
84105
81352
79299
95596
98261
81533
39374
43811
55659
65397
1399
93482
53379
97828
31433
19533
72930
98725
23025
22690
56479
59644
31053
62635
8359
30323
6130
49708
19339
24150
37946
37674
86044
159
4980
12008
64993
28311
94412
35725
21770
84428
21424
46480
65925
81214
55282
52023
80395
19906
32743
78825
38353
7650
46621
28983
84494
82081
20703
84898
93495
91539
83907
6875
40226
82038
98284
91000
45749
21239
8027
98158
67480
78765
46555
85619
61766
53193
48486
68911
71732
75633
5816
22526
69636
18770
93307
66533
73243
66446
86271
49411
33840
74291
28813
86558
74464
35979
65190
9470
74170
28405
41616
39968
15495
92437
51931
28339
93711
78051
68742
94876
86981
66856
71647
40383
78892
92063
21114
57594
54704
24612
97813
69004
59810
43993
5065
28679
6289
41672
28616
32265
8887
10206
29671
90383
99015
49107
41043
82159
46171
20774
87209
62553
32123
22381
87036
89952
28975
54959
99263
58429
64444
11855
38739
68336
50085
34808
10149
10652
64915
72575
28792
47004
99191
8588
67624
13929
9857
77877
38831
70054
78633
62104
48217
14716
98516
27461
56407
50470
38573
66686
44073
85446
79662
13788
6249
80125
56331
58087
95517
31141
71737
38816
7508
72467
46152
42302
11446
72483
54827
64937
42890
33346
49076
77731
77104
2432
26383
74714
36841
30416
19186
14595
13731
44224
45316
2991
34838
39614
80589
30465
34779
75927
69460
31767
25380
32187
43575
26034
72080
69318
29097
30734
31534
46835
72954
52590
93989
63176
69457
55584
31418
23863
61937
78547
1940
12602
2980
49378
57674
53022
10895
58399
87443
46883
49753
63238
44395
47211
17855
71352
37673
31735
98964
73702
60017
96893
24063
89780
76867
22838
93074
49559
26571
49897
98710
12094
98112
76589
84232
71310
39074
86161
75958
1453
60913
6854
18581
29394
30488
34952
14218
69371
72039
17356
63739
90430
16553
99965
72691
67431
85247
19514
95060
28238
67353
95100
83386
84209
52865
67788
10140
77972
11192
37451
49865
17409
41902
4859
81285
49627
82993
5560
44415
29414
45269
84605
22627
68747
84813
79406
42749
25012
44461
79015
23187
17745
69732
14363
41203
19951
21130
74658
13992
72484
22647
57669
9012
36206
51641
34399
46993
93023
16011
6090
82167
70134
67008
79146
51980
67937
28433
25151
90245
58529
84963
51519
65537
31997
660
27867
19281
51663
84004
46434
31125
54243
38391
30915
84523
65062
91777
81972
20258
52978
79483
94258
70062
38370
4620
27999
81419
79372
19838
18022
85687
5431
7413
52471
25929
97649
61610
73539
23230
77760
77640
97632
6834
63385
42513
91503
84145
59398
38545
95193
37237
54043
87412
22737
63897
91318
25045
16870
92983
88186
43323
76304
69760
58095
37761
40856
26387
89816
73819
79502
99165
57666
24930
60308
57385
29164
72564
24227
11352
76567
51297
11813
92458
18505
4744
43677
60665
75690
73212
66070
70239
69113
71317
30530
78862
31338
15978
42063
85093
17522
93330
36603
2260
52207
42295
35230
12893
85158
45213
34050
53166
73267
69727
40695
80791
39690
14403
79840
64434
45536
47726
12377
93865
91342
7808
11893
85464
16426
12300
15395
63807
37508
62849
38047
8480
63002
71894
70575
75931
82010
3845
37858
22654
22909
11595
70693
91384
13185
29330
13333
24324
57468
99362
56893
43820
38133
62949
60837
83601
18485
5770
64940
39446
9976
14012
30480
55305
42376
54251
49299
89788
45499
31808
10609
3159
16033
94114
73544
80867
2668
67977
76039
56475
68386
21206
1515
25177
63245
99135
17365
56817
46290
13281
87011
1289
87352
13072
23139
33869
17359
23370
78827
99899
68310
82619
70372
35005
4797
76720
89955
70290
91272
81915
3086
29631
61207
91803
19670
14700
91578
88276
10847
47225
93105
52965
95966
62146
96101
96223
74627
51871
76979
720
15832
74785
44137
49744
38624
4317
57290
18766
15374
28590
62171
74467
84780
62851
32214
94523
50871
13689
33391
43020
91426
32193
77438
50052
9725
45959
47447
36168
59259
63118
84207
20289
974
87263
62596
6438
82550
49516
22199
71690
23227
76635
56999
98545
57769
89435
17400
4593
10549
86923
88782
51372
18518
5801
21076
79373
78835
98324
55517
39830
26517
43155
85020
91029
23163
384
44994
8729
23732
81187
27962
52351
71098
79748
55097
89227
24940
51440
82304
30217
95846
36223
95745
87095
69276
98247
15177
84616
89870
29929
39364
24524
41814
98514
79150
34645
31045
29455
92483
62409
24387
81052
28344
68443
64143
43885
32600
95811
73013
13956
40756
21748
23597
81033
72583
12031
72013
11938
20340
13371
60098
62264
92517
94399
7376
87271
67155
18173
18426
37306
33014
86230
80419
21834
7775
34201
21312
41250
55406
35570
42432
26177
26643
19923
86751
48685
88771
5719
751
67009
40663
8675
3179
97205
8048
20832
20983
43303
52764
95075
22503
14294
16344
68227
14332
82695
54761
43699
72665
13881
55453
19043
31233
64595
18310
9504
47282
41872
85736
78544
94416
23041
61538
30171
49751
86001
82684
18695
58868
46564
40105
35181
61485
87971
50906
51047
5637
87646
55530
60844
66326
81424
99626
66779
96002
22138
52004
92729
68413
52891
65265
70485
31298
65429
71738
43439
8449
46645
38159
54313
58859
78475
6662
5055
39176
38098
3116
95063
12529
17241
51514
49351
89629
96014
66043
78784
94183
6864
52182
99947
24519
33526
92079
98763
87537
80302
58835
79986
37168
2695
35061
70794
22174
72076
89264
15217
88283
11752
41611
21369
93718
44326
60035
25367
30252
62444
9100
91617
88875
58687
29606
35873
15239
8531
47574
64958
99065
41340
32006
14229
47508
29203
39942
57917
69894
81113
78448
33385
27742
891
77002
82057
73604
82237
32243
39523
61529
36057
97921
72724
75980
92077
66404
95320
90806
42067
11098
43087
64084
66471
75603
48394
54287
12657
4849
32146
2026
1219
64133
43715
73594
77238
58181
52959
59131
20236
58866
87398
27567
99023
36457
28529
30407
90891
9581
70820
13874
30769
17669
70843
4368
35086
88490
56422
13601
72677
11161
81574
51928
66749
11540
70800
6985
70114
17438
2955
2733
13851
93981
21009
68954
62810
5718
25277
13024
39828
26601
59099
21461
16662
77633
7262
44936
79305
72937
41564
17959
97004
81520
43121
1192
44524
5692
40334
99959
40076
13113
38007
34018
21526
96254
48413
14989
80908
40681
70419
96832
34900
98781
79809
89930
46939
46778
90548
97822
82253
79682
61668
50132
50365
91602
22678
31036
19506
49511
15668
4929
54953
67511
47410
20828
15058
77208
32492
46435
41291
12544
62254
9195
88160
37478
96177
76574
7461
15443
85525
97294
57090
28790
42231
46651
27138
17759
38988
35463
67792
31701
68295
4591
88094
1753
82007
40995
28649
75307
31000
2617
94902
89675
82683
20112
91594
26175
42753
58162
71280
34925
4963
66006
92353
98641
56555
67913
64215
18114
90949
33537
35662
42625
22041
94640
33779
37723
78451
30363
18853
4938
26690
19294
30845
56508
74205
13257
60133
34565
35663
66937
6546
50815
43552
28528
67959
26262
39185
54242
25850
94683
74504
51676
45001
93291
7673
49930
15602
87297
1201
25429
9915
15269
30973
2002
23445
86697
20184
92759
82797
44697
5295
61067
57266
91156
19848
4483
26637
84598
97662
5619
2767
88081
19862
78185
70585
36013
59404
37271
99537
46701
76802
6805
9839
7073
60099
8878
49493
52200
90967
88389
87110
40159
15769
39076
60437
50264
17633
28053
84634
27553
55311
52434
67176
31948
5426
77649
33609
93678
11437
23395
85846
90841
39025
61077
61924
10186
9930
86011
25093
27235
477
82445
53061
9646
29010
339
84317
61665
9992
561
38689
39919
92536
95061
73791
2833
259
46325
27951
93341
73693
24398
47591
42373
56426
64196
46591
88741
89967
45171
92356
26102
39028
17099
52112
15228
34802
99448
31830
32093
49698
5633
70394
49478
51126
34706
15318
76444
97908
35849
26329
81876
98922
90422
60382
68774
12843
41500
88557
54269
47709
71676
30313
26511
25286
76910
59965
47650
96963
79710
67476
83490
11342
26141
86205
78706
57355
11381
25158
34080
24678
46828
54863
5392
50314
82670
36211
74811
47251
88861
18820
89710
14376
31270
82965
46393
65173
69817
63076
28461
87680
49728
2647
74644
6519
71315
98983
51445
65015
35069
62886
33250
94813
11824
80562
59989
26212
9383
90482
409
85900
48571
85744
18166
36651
65349
53695
67658
26412
16466
81493
93752
31523
42820
71853
73867
89074
9270
74687
91154
57258
95054
29577
90765
25646
66369
33712
53137
77869
3720
61288
75798
31974
12947
56876
50456
48206
56808
20980
47380
76858
97562
20696
99712
69443
35339
54695
12458
34106
72367
54109
70846
40510
69228
64611
28613
60896
41695
22238
88006
27389
3402
23773
41238
63285
92443
29783
89248
75231
45952
91932
83308
16424
24264
35907
83910
97836
95931
56149
47284
8244
92680
35641
48732
83839
11768
89131
19357
13763
21802
10675
67621
42297
61532
65559
15949
72236
24266
80929
78914
95766
9140
37613
94853
88716
84257
48826
30717
20201
53549
59387
74815
98188
71338
28844
83727
96562
22162
92045
73624
17972
31336
12152
26112
24654
38290
13040
88655
98526
98278
34523
65369
11920
65624
57646
95752
16861
56978
62060
22372
55547
5508
4026
88945
99087
19398
62671
48738
38323
88260
55087
9462
82948
56099
27510
81655
29761
48922
77235
84872
84806
46215
94431
22232
29349
21355
90938
8435
4174
66845
89076
52582
50967
40966
83421
36812
21042
12068
97685
29656
18686
3078
28657
64081
62452
4344
42552
10225
69878
18147
9855
68514
1222
74932
90839
57648
25654
48322
8471
43419
59888
4877
99246
50135
1366
80721
58849
66363
81343
7591
76917
34356
37252
63490
11700
99172
56883
28007
92162
80371
14542
10239
32061
79470
7900
61310
50826
32369
38795
67774
33069
20263
84912
29908
73584
30780
21366
10926
54382
82173
84989
8757
17521
95562
43289
95921
89117
70388
33649
82523
48320
22346
3892
94375
12773
71878
57062
94353
53725
98727
68196
36868
365
41027
22766
44039
7230
97317
44523
99085
38314
23889
30539
1163
99401
89161
91944
47861
39901
34187
84395
67711
71035
52098
23054
35835
8503
66167
94641
37644
26183
55755
26682
92380
76482
84522
65910
93766
10582
98210
11910
32684
18258
47608
86605
15281
12467
52429
73938
63621
9544
56761
35929
98431
61489
30761
94823
83884
58703
93955
94122
88182
24783
27288
70329
42527
65011
64421
93298
39894
1552
71459
69105
48328
6768
17783
85318
49556
88819
41836
82268
37870
75566
38614
96968
10748
54320
43651
56556
4544
62560
21606
20190
24077
21887
96646
98310
54946
71328
75753
29486
58570
7956
82837
26471
6076
71454
34916
83680
63116
7719
67087
55543
70727
69921
22082
96973
63361
39329
73337
74524
33456
14486
55284
32647
6484
78433
39952
41401
56543
64007
99741
64326
2278
79987
3532
51044
57798
43227
82778
23116
82509
39611
97244
80234
565
26813
80515
68730
41576
78585
40020
7847
70537
3978
30794
13774
53320
7511
64183
31821
46733
40301
75189
18005
91131
8872
45982
21227
77738
23643
43382
16327
50950
19666
76999
26267
2073
20833
4589
1963
97502
63580
40504
50817
99211
755
48483
51201
53531
22411
61662
17002
63814
21855
51654
30899
70253
57164
18210
1045
47499
58511
2354
1783
47471
65425
8191
28979
54734
73034
13488
23241
5193
15849
71743
89756
65166
31825
44638
48803
72681
61650
37039
86626
25586
39536
30619
16273
5004
34336
76840
87024
19336
11102
65538
14806
33673
42584
28611
1281
33116
93610
24652
19845
79105
58620
26232
78977
16543
41336
38471
73249
30610
16850
28343
79732
81620
43629
14483
37014
71733
24367
69131
86426
44504
97924
71452
4106
59384
61012
23829
11564
36076
76982
26061
12007
76894
95706
96530
2056
86757
91343
21670
2265
92137
58027
46619
88485
39016
21580
500
26205
65310
11137
42904
48861
14072
508
36978
48112
93512
71926
54923
29046
34063
21172
4436
57700
10825
74108
47909
48203
12273
83576
62557
93544
71052
50227
68378
75389
85405
88114
80155
5083
42894
64942
10819
60951
70924
28291
56813
20726
37938
32545
14868
72059
6564
49131
88559
759
86817
39062
18635
39068
22624
83373
42135
45531
28338
46106
78520
98683
93569
77602
61812
12200
62905
40388
14423
61289
45157
66400
11462
75157
67365
9399
11333
90738
11547
3880
48969
92584
68822
56646
86491
51778
88906
13646
3470
95869
279
72617
84307
18942
43692
57155
39290
461
6960
22277
6563
99796
82870
67670
78509
71221
2641
78465
71848
89125
22349
79907
19949
28527
30687
99757
77689
85029
60981
12393
2311
18928
29964
67737
87803
98040
48956
81433
53577
71417
88112
24355
52794
56477
78432
33220
31934
79826
97279
30533
48059
59528
55378
45823
98214
91732
87577
38875
7838
3538
43815
97117
83250
90306
15123
18406
36406
18554
93556
50596
56641
38687
36700
41834
58324
67799
98022
19371
22433
39604
31334
99395
20629
3287
7427
29966
89935
29920
30415
49636
65165
84437
66785
73112
83171
87528
71348
58191
95343
70974
53998
43154
31312
23959
27750
30991
43373
51753
50169
48548
24566
8032
96875
44092
33358
40800
93321
69930
41459
48389
56899
1545
73901
65966
33955
28241
70766
75662
36144
75749
24722
47658
1061
81923
68063
36528
91483
70285
99603
71174
68595
39402
79799
20762
39066
96829
63727
39838
99132
5268
83604
96167
54010
37861
988
93593
88388
70455
85186
89548
27108
70653
27487
23864
5262
33747
44825
44695
53418
96712
31137
10471
13175
67206
95675
62730
74941
27092
64728
35397
58591
71408
41657
27700
25807
55314
85882
4792
62750
21364
54810
31431
62975
86203
68231
39853
31441
89602
33080
52149
66140
83810
72464
60537
30882
54113
3855
9394
46574
34939
14046
8198
90616
48256
22084
41716
26088
37491
84514
45613
80955
46702
88996
95296
68114
805
56690
9526
74400
33147
31073
41066
53562
68230
10817
21198
62852
50057
64469
80294
95543
42134
42821
77059
45270
4852
35128
57614
22658
82347
61487
9628
60679
4423
3355
658
24515
95281
87771
9227
89713
58300
97851
10179
21307
58306
74350
60634
91499
63932
90153
39763
14859
86532
83861
84249
32371
62968
17875
72033
89959
68014
94995
55872
80616
96733
96570
57784
87760
25433
63980
78913
70533
99826
52461
85074
98930
66444
57393
69602
19161
86447
74908
15542
842
8899
24926
256
78822
23913
73781
27066
61684
88664
50794
56128
77854
15238
70892
20646
83356
89380
51792
38655
64980
72534
84580
90324
66296
67228
25083
54544
18893
33558
92439
73556
25751
88044
31286
2142
87961
15785
58787
76832
85205
34278
63866
76624
8404
57402
57538
57750
45971
99409
70227
92413
211
63779
67458
93175
57101
2537
83061
17320
1487
73287
47711
58706
36571
89649
16796
31339
87792
819
22473
7896
21482
26844
63664
97416
67386
18151
41738
1082
68516
49000
60321
10498
91215
4586
95435
8361
37614
6658
24459
88539
51718
62721
73053
8123
39907
45224
7716
63591
23144
48247
78410
6172
18643
92199
99435
99521
28520
51495
83432
28390
61788
88404
16549
96027
45085
1422
89188
3877
84450
52898
51066
5503
87089
6579
4401
35638
56455
19768
41547
78549
80892
17625
60857
61643
45113
1979
22747
6437
20399
62069
53552
67148
92047
66122
61990
26759
99682
54866
62308
60158
18773
62014
71615
36232
72230
86824
42365
83134
48215
25076
65708
32585
13350
85571
90598
51814
60730
26048
60493
45267
68080
9019
2131
5602
95213
23407
84341
44561
77459
42929
23297
86601
53402
99151
8151
33567
47294
67724
9153
58751
66619
47883
54530
7159
1131
98992
54582
99579
95761
19922
92782
7596
90028
38358
44688
26323
1677
85317
91788
9015
16954
5510
32071
246
94911
10617
12465
99411
78021
41764
77474
24563
4872
98618
80629
98669
92901
47348
91657
39018
86799
59542
68932
49296
1442
69799
42800
12594
48226
88713
7749
59639
17486
75593
76006
8879
1713
1523
70168
10476
17231
15248
49263
52092
72162
75322
11631
24843
76525
27884
5236
40703
26864
59984
46261
57650
48288
40321
78720
41769
50623
84403
85937
85499
53601
55620
89343
80316
71496
34803
35997
5090
2059
21302
93619
2165
86333
30723
38155
88315
33171
97335
41063
28806
90067
67349
9795
84640
58894
67132
69179
23636
25016
63
4472
67753
7274
69710
2350
9120
14894
71950
37672
20825
97858
82510
77025
68864
10622
66269
59757
92718
78360
21406
61619
37793
11833
34924
45436
32676
63236
26780
22019
73404
25921
15361
52624
67217
93874
60995
9025
87584
710
34393
33100
41317
71433
546
23004
17106
7572
57811
14223
3795
48098
75604
94518
87695
88825
59559
61196
45608
69560
38313
81730
61315
71318
51670
31520
98745
11113
46936
32137
80718
5576
91486
78789
95201
41570
68197
45761
77521
54871
17513
50140
63240
87254
77513
51748
26853
27734
98831
66605
70957
70453
43443
93669
43696
24017
31770
18470
74233
20987
6035
74158
56494
68167
69922
44737
51556
91001
68883
36943
28305
16812
19529
56116
32670
26961
44549
35182
49059
76190
29468
73598
95158
47856
28164
65682
36348
11119
53517
33511
5136
6119
62476
2880
21041
24091
49304
87890
44584
60586
10508
19249
76742
10888
25085
39477
98601
74096
94968
63218
41423
93676
52218
31818
97918
62079
26054
57774
31164
31968
23300
32390
63862
63298
10189
37890
45261
8558
35996
79366
36874
46058
28417
60522
4229
33074
42325
73165
50898
12593
22726
7240
2639
66093
74434
40759
67238
1560
41409
64618
78932
327
23045
4430
37602
48880
31223
53057
82905
99622
28031
45021
92998
20215
85594
49389
5821
57878
6513
36224
37431
50279
3839
78412
23480
19583
99729
16696
5340
7768
30228
76520
67073
44333
29442
29633
1744
59915
47670
6919
43636
71336
67701
41610
42354
40818
2637
18903
36945
48983
8797
20413
3163
3743
36411
41347
98382
2415
27244
69418
70051
2591
27180
83361
89063
45251
82654
96823
58231
75631
99648
80103
9873
60514
70343
98654
63684
43409
54663
75857
42088
10209
82079
46154
33224
74531
57250
30047
55146
85562
12336
71890
78408
95126
32150
82628
63072
35856
97537
16293
22132
51462
61351
40560
10668
64386
57207
89052
97941
19240
46484
52567
53005
60541
22193
30063
79156
38387
62958
45807
42945
26109
24502
27336
87087
24036
33562
42264
70856
82614
80968
64468
4785
61528
63046
43719
78688
48282
46924
72193
29689
40220
78788
27445
76534
99838
58086
99941
62437
62565
58814
24923
87790
50134
31588
30988
50535
27929
28883
35156
89781
29358
90275
89105
79726
6147
86894
92931
65328
28216
70369
84875
35886
83568
68282
87064
5402
81713
84861
40468
90576
66008
34276
30181
90257
26686
73266
22765
29
31010
32211
60253
83357
37596
91341
32176
51286
5742
19
56042
76576
91522
28359
51034
22464
27632
18409
81191
80009
41945
44283
73637
38038
43794
41095
95681
86166
95466
27911
29538
12576
18701
47940
81703
22384
50452
61082
2203
265
51578
55615
24140
2653
27599
85796
4381
11042
37121
57305
748
44718
1616
87647
48510
22130
53635
27651
74137
92132
42959
45194
79873
81573
10277
13892
76062
76229
47034
53649
80399
16671
49979
46053
37320
52574
91816
89736
12520
23626
63215
45505
78014
62427
65501
22271
25839
73497
62237
60802
65200
57618
40945
29737
25171
48318
86042
23869
83973
381
55535
36374
26634
57222
91935
23140
79843
35540
89145
12259
42081
63550
5568
25412
17975
73462
8530
59815
49229
51098
26233
50089
3450
96096
97479
72181
61520
11060
18327
17461
111
18159
36999
54951
10690
23431
32169
55193
27444
73527
10499
96045
61125
67637
62240
72255
97085
22903
12073
55966
71187
69286
39539
95793
35622
2635
55128
46721
12145
88852
7548
25400
43159
52026
28189
74232
46604
18520
73697
25499
42105
15447
52421
68416
34160
73389
68142
8283
97617
14069
33713
5615
27660
36570
21152
45812
88071
96778
19442
49007
52969
32144
58655
70873
15152
18282
24822
51951
11533
58088
3066
37642
48101
35868
41237
67084
76764
5106
55827
41023
86130
62190
34796
95436
46887
90528
98198
244
51539
20231
75367
49613
95736
40045
75773
75684
43593
16394
70214
5253
5829
11413
78211
60259
79801
10247
94967
85532
70219
99171
74349
44699
87193
66450
42884
41553
85501
32621
30886
57879
1264
8804
56879
80268
877
92587
53059
69570
24478
25466
64432
13322
55557
57492
86563
9860
78444
41968
91863
51733
56506
59508
47052
44866
34407
84402
31864
71359
16965
44346
82586
88734
71844
95532
95172
25996
38858
21145
50914
54358
50579
48552
81023
75678
41316
80145
10285
35527
97188
54260
70647
21381
76338
18641
36844
69173
88528
52701
27261
29786
26646
20185
38219
319
67729
41696
27931
98952
75949
59703
75048
40823
30265
98509
13484
29095
23091
38888
36672
46343
5698
78782
14977
64040
8261
56561
19000
52234
65498
62966
9709
98000
79706
27549
23130
91480
80749
1672
33082
12097
27555
54795
13382
46122
34732
12264
81302
29460
86958
95646
19966
12577
56772
80461
23840
38252
58447
46251
26254
1650
14565
10989
89908
77839
68364
32259
36106
31736
21149
4306
7484
47096
91983
26108
81630
82777
97203
68206
4464
26706
76125
32299
42540
912
72572
62747
54800
62326
18271
81261
9496
94218
93088
42258
654
16465
1010
85671
26516
58585
92550
49852
12014
29454
29225
82337
80712
22570
52103
62965
77334
50056
90994
34821
22075
80094
47916
89767
77794
6685
29490
11993
24213
97058
90678
59000
64718
29023
81423
75522
62759
25756
87127
95718
60219
3782
90785
21435
69660
54518
12102
58523
2398
8395
88169
18888
84212
94630
75834
71770
42699
17210
31122
761
1518
89110
98486
44971
80397
66143
60202
64436
60046
20069
63335
17984
91159
6295
73883
56476
84906
65467
42759
81244
65629
80444
46847
81006
44977
777
6654
91833
91700
7997
53993
86868
64191
71866
72152
30256
5851
6783
17574
49210
77428
98333
58979
41962
77601
54892
38903
5359
60062
70554
50918
11845
52773
68251
51571
81068
6535
2281
40862
93378
99042
25227
506
40172
56870
28020
20511
84295
54683
70137
44038
11017
33767
26525
54816
26255
52252
33202
14511
62068
30985
80751
51082
73026
9465
69360
4215
84023
31183
26776
43180
22447
9144
23629
10434
46900
20636
88521
16615
47505
74
17921
16296
68319
93867
119
9403
57989
34185
82392
90997
56648
61810
86972
79123
97361
56924
5938
75796
59172
55618
18388
66898
60124
96382
39155
12011
37787
92470
58269
40698
87239
32293
47764
1714
69891
17273
75686
26559
83203
4795
82801
91670
23975
75602
43093
15657
74235
53428
54277
25701
55767
25901
56465
4663
46333
97257
74397
77304
38602
84176
57025
50611
11585
4117
61416
21880
50211
81559
26909
15775
86967
20415
52910
69030
45529
37019
4277
67046
56998
47117
28183
94994
8132
3459
23286
47027
27663
80226
66375
31576
35054
82916
97732
8245
10843
46501
733
6071
90603
18966
8972
49439
18788
23314
30467
16163
4280
49819
18250
82556
19782
9493
29600
41129
15007
58611
13786
45420
7242
47157
27093
49983
92919
41609
85697
93386
20518
86701
59693
79289
36826
86735
39665
21564
7993
51893
35653
10477
66715
70035
47653
314
12288
40071
87435
53831
68061
97709
62305
6514
86111
31636
57788
71641
57749
71862
94288
47510
51570
17155
81048
58764
38066
13479
20857
4909
90374
27315
90350
83228
32569
19818
93031
30659
61814
98648
61075
69470
70249
37124
72251
35635
48898
6935
87386
61823
62542
30558
45321
30823
12364
77880
10964
95604
72432
74279
90672
99625
82269
17068
73199
50674
28308
4361
75179
54707
50709
11057
39827
95488
49259
99549
20647
19307
46819
54448
22864
79209
32634
32901
80141
37668
13178
7783
38608
47569
74930
24254
30379
99910
47007
22256
97645
77182
32804
7181
35207
52197
93406
21994
45844
27803
37597
92831
38433
50912
68117
45559
82481
27538
95832
30100
17913
20266
15757
66217
50284
69912
13177
83705
18444
88496
21934
62125
2661
87230
27025
34772
32200
91179
54327
98359
35960
13219
81846
38753
75316
66017
64789
91629
41309
63546
7408
35432
40779
46569
66071
21701
68030
53147
34991
8841
31568
14525
89082
39879
32570
2223
87358
41392
50740
35612
19915
39349
7328
25864
81508
16247
12104
10830
16267
383
89364
33589
67589
25862
98184
1263
26809
24212
40324
23584
56755
35361
48746
7597
53138
27812
84762
70083
60722
77770
66489
91216
46527
62551
31009
73345
56215
40061
92386
82041
28831
9871
4128
83865
39960
24963
18690
32980
69445
27007
64838
345
29083
34912
76034
63909
34085
81692
77195
60953
64171
49086
14132
44609
12359
93456
74017
48113
20259
32402
71968
65293
78899
18850
77407
77945
61453
21024
10865
44815
7592
26171
25162
89265
36872
66988
5897
97724
93931
52151
64149
90085
48833
20008
21215
88462
75061
44595
43406
43587
54778
73424
70658
54027
58704
86009
45933
62612
29904
75675
70490
57661
99767
41422
64796
23322
75726
74297
73157
35928
8905
6045
78505
28769
50767
66301
66613
27037
34164
35431
43849
35464
17473
49881
76369
1341
41597
39711
37518
95495
56312
20975
23277
2741
2156
41988
16325
44762
29816
39232
48789
35419
83258
88612
98984
13481
20531
2680
69830
61693
2618
71108
29494
16028
51472
31066
2094
10941
11505
97015
48185
8348
24292
1831
73852
96100
54576
83031
996
31400
80354
45705
13409
37216
39127
13461
31174
70095
26039
75746
21779
82635
40314
68546
343
49109
49399
90154
5347
49517
9390
46711
68173
73415
10947
50960
10181
88437
64794
39226
64241
58813
15838
91347
96404
65712
329
93720
41325
1268
74571
3879
17049
2757
53403
80132
6479
58584
80627
18117
66092
69259
93171
27056
7631
53426
53194
59925
42782
91331
53887
88218
72591
66503
4570
60571
63887
39560
38283
3318
78102
18956
9982
72622
18973
18847
78747
23308
23978
32278
15274
49663
8683
39857
50532
54049
7378
52616
84037
63813
35746
28577
10191
56137
52940
62482
4199
47377
42985
49363
72858
29196
10448
81927
61682
5197
9438
75826
7373
21157
91849
28282
87318
64743
22028
65291
38952
7268
38222
28324
95531
47606
1041
32631
8324
69414
5186
5952
55250
39306
16565
73146
50886
14854
94411
59991
40116
80587
85098
78754
68859
5223
555
86988
61536
17744
93176
40601
16544
61534
4712
54157
10520
92425
70
67035
65232
72635
50682
6292
31088
37513
70910
15528
2877
74667
22817
24468
73071
732
58783
62519
4342
29208
14601
37184
6736
18364
16852
53313
48581
15652
73542
89536
88063
94294
77070
44269
14995
94856
17457
3520
603
49163
16716
94586
12649
49712
68966
45980
363
15534
63972
70416
94562
83025
54155
61930
32912
95941
88293
54526
71113
82059
74668
92597
89647
38375
43051
94021
28745
17569
91634
93919
11114
85542
5606
73543
63894
21805
89990
44703
73098
14171
28041
97481
54664
40089
7395
27302
13548
37735
60517
19986
29247
96862
48883
54648
68964
92203
70788
87600
93371
60893
30877
26688
6945
5878
49611
42965
2345
50270
66169
57237
57763
12158
61164
39200
66436
22844
91645
2445
70063
52550
37386
63868
9215
95379
98851
44031
28255
56280
6957
28096
80641
83850
92697
20375
98334
35091
27589
96894
65316
7840
99586
89181
49673
2068
48741
43128
92231
63201
71193
46731
74057
79272
37401
44150
93709
39007
56251
31348
42036
27685
66286
96602
18564
82933
97582
12237
47738
99964
50818
95411
35872
83837
81022
24331
95032
43364
75934
31080
31098
38056
23786
87877
61314
24084
79803
12475
49138
23893
1927
6043
52073
6757
44867
14993
80453
28969
76119
51715
19310
54021
75874
99438
5711
43590
27059
23618
57274
94392
65380
38778
1266
75937
14531
25559
98783
43929
18132
44429
28670
56610
91436
59326
12169
13861
59257
21718
56530
21776
36359
86873
32800
89620
34358
44787
48575
67580
66434
19055
93241
41838
14458
87250
16026
64927
11559
39522
21191
6554
59140
28934
2332
24595
77031
75260
8131
51628
90933
76925
85323
45236
94284
10330
65824
87566
24624
94238
33153
19189
98190
78026
28404
15272
7692
10723
25962
41198
51334
75096
3586
98301
35077
41774
3056
35208
67247
46392
89302
44441
87638
5593
74122
22370
2975
40783
50560
13147
20332
21254
91898
35733
7042
10090
67301
39946
24053
86460
30627
47550
81201
2307
8182
11873
15948
40014
14035
46186
34907
97703
40746
92237
19489
35108
30791
88363
84258
26350
8732
72192
90034
77648
94275
2758
28491
24394
67329
94912
75267
38364
75493
68188
24588
50672
57140
7959
78599
22831
55211
405
83574
75559
65046
62212
66056
34554
46381
27329
3890
17075
26433
80410
74871
920
16315
93817
93242
88568
42156
73335
14953
73304
21647
41819
83125
82285
15127
64963
65851
53352
80269
62703
46955
97142
74333
5782
22978
24072
46862
77397
52452
38171
63010
34686
49793
36939
55209
43958
25334
68715
95325
98283
50319
32630
25071
28533
56371
17805
99291
81985
62992
65766
25259
22459
32771
53317
43170
53681
47395
83573
61945
1985
38191
95045
26591
23441
21451
82674
18202
78617
37464
47681
48558
98147
2393
52257
10733
75421
50633
4845
70797
59906
77372
1430
31709
12989
49540
14495
46541
71065
51306
53109
55993
25870
66472
21196
23151
50276
88248
71248
42626
49690
13986
65448
70323
41591
47147
6731
99939
68592
21350
82812
12739
3325
30237
2645
86162
68429
69984
18028
62741
93692
73689
66078
60069
25563
74212
61769
93063
17316
46855
91259
18656
65164
56082
67398
45786
59867
27243
60123
42069
62871
45232
86756
57522
48618
47311
38065
51351
83753
73858
42473
24757
78318
57848
22071
53415
27716
96929
99419
91710
70264
28014
5084
81784
64860
98904
73373
83219
92311
19501
67833
66527
56859
32530
88206
57730
15729
94664
78929
26114
9200
41997
27556
37929
53783
60568
51887
37328
54976
38236
74417
26817
30514
71463
98101
97170
12439
17476
86504
99044
10361
40068
47567
61245
73613
83441
19712
14610
76398
92088
27494
84102
89276
22745
89274
65234
33442
81157
20383
89949
25869
9246
16652
95291
88124
35665
33837
48849
59727
94276
81711
56288
57645
76551
84627
73383
68781
85044
13125
73909
96734
53745
56754
4559
36508
65050
96443
21015
28758
30432
14235
16030
31213
33946
88640
96864
76756
78880
81872
20794
29450
63462
90202
28913
12760
77791
13507
12371
43340
45481
9020
54812
34769
82825
43353
51990
43991
99849
40164
28035
85168
60181
19237
19695
52587
27826
10653
54268
34403
50501
92748
9361
85129
85324
26008
74622
4100
47793
30691
88677
40728
60865
34094
64309
64323
34338
99472
86495
54139
53417
55274
69600
27290
71970
79660
58504
19690
90119
1475
10159
30209
15408
35493
61047
2058
62413
62304
34428
66662
4871
41455
35358
87321
91401
45579
68299
51444
6565
87169
87876
46800
52519
6836
23210
87795
4208
87953
89719
63928
71119
27501
75959
63058
95776
47749
60457
39576
46266
34149
87729
3668
34250
56017
44229
78856
38985
19551
43408
54555
30255
46386
80868
44156
60210
43067
18993
85123
95760
75014
29189
9899
51235
29410
37819
77224
12112
33813
7037
62468
73825
40673
67392
26575
58174
62816
42185
4777
78100
28093
65670
88034
50153
57477
12044
11174
39287
48179
62388
87052
78239
71629
22598
41899
71438
73344
87911
76856
46052
5312
28175
44628
41908
43759
63776
11059
81934
69350
82438
3166
97404
79707
26719
45965
85772
84625
76267
15737
3041
50105
40086
57590
75844
87827
51497
33189
41003
78308
68047
82415
46865
6138
84373
40305
65290
43394
77159
58759
73244
43768
46743
89426
11940
82615
73282
60127
16748
38685
95220
69415
28039
84014
44165
45827
88856
61797
59930
23446
741
37131
52827
13058
26415
7874
97762
59871
10024
19232
75916
28802
19687
4913
54492
94425
10714
11519
97739
6499
57375
74952
92173
47202
4328
99287
56299
90808
52190
52892
74043
46437
50602
17446
38956
28815
71111
332
41798
93390
93863
26083
3400
44512
60465
73339
26475
4701
46179
3031
73588
71316
60859
73752
72595
80150
59837
53620
71385
86050
90195
42789
20921
11832
79654
32515
34835
40013
73547
46461
37609
93576
40808
72847
88625
90103
32262
95151
40156
4917
17815
58131
6765
18602
95088
17432
92757
17034
70597
97546
77586
88793
22780
99185
24896
10449
11110
14848
43258
40520
16939
31637
57578
11580
98469
13264
99997
65361
79500
95960
59873
3250
80127
40535
54460
39354
61119
38022
57558
13031
22803
59121
19549
62094
41162
70057
55488
65172
29102
89637
8555
57232
93799
69109
5911
99112
6699
82717
48809
19302
65457
47366
68750
57005
88617
57168
65201
3504
53104
94098
51901
18266
53514
7026
79287
7221
41667
52473
77863
51702
15260
46879
94207
26017
29775
8049
92188
31713
39861
40892
32049
46337
44183
79021
47252
63654
6608
97484
48202
94358
14182
56567
63863
31973
23669
49994
32683
40588
96103
92135
27978
1064
5731
4012
76654
86630
52100
48818
28487
97324
16964
57592
63789
758
50231
71593
13424
25858
67522
90733
80122
24508
23520
30321
31020
69107
50414
9651
63103
69650
94568
83654
84359
70938
58311
81312
8122
86765
89283
1244
76823
40407
30424
25212
79571
59834
22200
18819
8700
99733
92781
97718
98471
53738
42474
75630
41943
23207
71355
41182
74593
19235
67920
4405
21043
79533
71242
92631
9197
94917
65124
50359
38741
86114
68687
29168
5662
73933
59804
75016
71130
39214
54308
86312
87012
42550
97149
47890
85461
94468
75318
25504
25825
19964
13532
55798
83597
61331
50030
31792
52463
34362
24022
20967
92591
24484
94784
75823
96888
4498
57282
92208
28018
44101
68294
99
55747
11671
59112
96759
69238
60408
17780
33491
92145
50331
89211
9630
21512
39009
31961
17224
81248
50760
82569
1712
4729
89755
56056
59558
7940
32514
45679
8168
18868
78397
17526
96667
52091
80390
65110
32382
68184
37806
48392
79881
64746
30875
81185
98680
98445
2850
69252
28131
32398
71223
10122
50067
35927
9831
69829
61555
2762
91977
63296
87560
86200
60783
46387
70634
79039
88357
19802
11277
49231
62569
98392
93249
89387
16436
42594
60421
22550
83873
75850
26491
39670
12146
870
47895
84464
3886
69729
24682
84299
62433
6475
42909
40132
60484
84241
65192
92829
73066
33375
56668
35661
98073
25622
22466
47381
44153
15540
85612
80042
73228
7586
85668
86594
12323
41708
24146
12541
26388
41517
93726
41026
82149
17242
18411
67819
66248
60582
20566
3015
63675
88458
69137
44054
419
95164
78319
57176
75594
94651
72156
2322
26245
89671
99234
93179
64045
77681
95457
62983
38929
85033
6542
68469
57136
13368
39136
25661
91757
14503
22713
58936
69159
56211
79311
34459
32318
39698
15103
90859
46523
54811
10898
93516
35911
24592
45043
80622
50038
95722
31666
30866
40926
63503
51686
19089
48566
95344
33085
48554
51520
11717
98959
39471
6313
64594
35031
441
74478
39950
32095
73891
52882
14196
52266
71164
80670
89985
83563
46809
18804
61607
46371
44513
67102
72610
60549
58732
62518
14742
74603
14875
87458
93632
27860
69176
62085
33878
45046
29131
43213
18755
28423
86783
17551
73864
43710
863
52810
49550
36384
54341
81133
63292
93998
44379
26234
82083
86770
63964
47136
89489
36832
92969
85795
5789
23873
47156
93364
56003
13523
49040
8249
29408
45223
59932
61950
31248
34292
92993
4768
66866
29909
90460
60504
14030
56837
2328
11754
88806
34628
58224
29931
13038
22030
97680
2631
46894
65785
54415
74289
81051
39201
80422
14748
7122
29757
48436
74062
13744
22263
3779
88364
8487
581
72391
67229
24065
97616
62474
89246
79853
59612
85348
26533
62395
7161
31980
90958
55436
63333
39568
90495
94356
2443
34380
80244
348
34115
63849
55504
36399
78449
90957
99584
69808
16297
56129
45528
14822
98012
78224
50018
67789
51479
57279
19699
28856
68644
82734
22061
77963
94464
72405
48272
5750
66413
60904
70661
56113
34567
9882
78715
98732
35499
64098
91035
69486
70608
40546
83410
24069
51529
38806
26769
33867
37056
7263
83897
46665
91611
95236
26532
85404
81660
32296
8076
78275
26737
24479
3305
97695
13106
17370
41346
51786
37350
79920
23575
8711
94257
13610
38712
57831
33788
14271
72337
25617
24740
65594
27038
87019
74652
69008
8019
5451
55717
98205
99296
36170
4727
95242
18899
15339
17166
86408
60761
22315
92590
14457
40341
52686
31303
7882
20025
92869
62296
68931
44728
49650
84749
18859
79479
49639
89512
65999
34722
67761
678
66644
32869
8364
86016
1420
48567
34110
19257
35685
81359
80156
61730
35577
72334
84660
28880
56485
21356
46432
83545
98419
76441
67893
24979
90023
76299
45211
9896
12784
41540
14131
95804
77806
26506
4543
44546
29258
45482
39533
38115
1019
70385
54815
96795
88898
69914
31296
85953
24290
22035
74903
30140
10035
63506
53898
28530
45701
71368
8937
39909
40272
87401
59793
65131
33476
10764
54512
68135
28560
76850
96663
4478
96434
19231
55291
41513
63883
38552
22523
11380
95643
32650
80171
38324
77920
23957
13969
35185
21107
56785
37820
8843
7831
48330
66722
94025
27732
63992
80604
16417
6837
99139
87339
71716
42650
41646
94068
84949
64526
68454
61524
25248
59470
22558
52240
16164
44009
8855
47769
80730
98721
63109
94865
61873
39194
85477
2053
21688
81030
95600
20354
14905
28187
89588
55953
83119
7243
13358
63828
46182
10894
15732
23056
45886
3
92168
48945
1633
36256
79965
10447
1225
27426
83112
18675
20303
69007
61130
21826
80233
91011
98501
18937
47255
31422
15115
79225
24849
71027
10251
11276
59229
78022
71506
53914
83087
93571
47265
50165
94369
22376
27890
21287
32941
7919
12744
12282
27094
38954
63246
73850
94054
66276
83831
42095
72351
11820
48426
55255
23361
3952
65235
39300
19929
73786
37133
43136
50102
46712
81854
81521
23722
47372
78354
60803
12339
15624
22643
54482
37479
84571
41557
10266
82945
33929
55226
84052
57954
67858
51135
50228
84191
12629
98751
15551
6574
67689
29480
20485
84197
84702
99681
86754
35248
98636
63175
35112
2253
16700
86835
93
77207
901
8719
62078
99599
72250
83880
55429
6205
6767
52776
85275
11386
58954
36854
22321
64201
11195
41712
8047
54303
74383
20222
68947
76723
92616
55362
2665
75673
64888
22400
87454
68266
33643
53291
29251
634
39637
96595
89388
64890
35561
33702
37697
59829
94904
95838
83616
56293
97522
59237
52089
95665
54069
66555
84131
59130
42610
93515
72978
36817
75060
48972
59681
32586
83592
93251
10916
28595
63837
49965
5832
48387
12110
94729
83990
88232
62066
80546
45745
68181
33311
9396
56590
46923
3511
41698
16988
94926
87587
39518
69049
74334
33795
15611
92672
21700
16371
54501
79244
59402
24847
36846
82721
71521
64167
8499
64679
39530
42979
15701
33054
45893
67745
59245
74718
91161
80909
37897
44621
22012
2346
90387
3921
77261
18929
20244
38992
92193
11573
40931
66123
34150
16953
70527
64287
67070
62534
58748
16774
75210
80335
13640
39281
4332
48580
22211
94426
61552
54237
78864
62044
69067
6439
67940
54133
77396
74456
28123
56341
2542
90283
10010
40530
99934
55836
95077
24884
16651
80472
21773
70676
9594
19599
65442
97403
60234
77391
77628
10655
29128
64841
72098
69909
49520
34222
6338
10143
38744
65932
12890
55153
1827
87033
45929
67706
13791
25306
24547
718
57807
41258
97275
43694
37260
64056
64492
1574
11151
49689
85334
27570
22098
92091
85039
87883
13579
36240
98046
2882
46101
19674
10033
77495
99705
63089
72908
5015
45041
73105
3499
1544
95527
65269
97169
45949
44803
69487
56267
31333
15194
77603
14574
32992
48858
77419
13438
61036
66121
38788
17214
57022
9306
3573
50989
45461
57620
80917
56958
72651
43627
18523
28022
19103
60445
81404
37421
34007
14908
63318
7613
58379
434
56484
17775
44347
5455
48796
40486
14586
52114
77941
90836
924
71565
54537
25288
5931
85649
65516
72368
9028
7245
57440
45669
33949
87612
11257
88556
28000
6036
32303
55243
36193
97309
58267
51038
99508
45645
81237
95655
75912
34312
93620
86135
47919
16456
59272
14598
47601
47997
11204
77311
64058
50091
40869
82845
82085
92068
88472
93769
38925
72364
3445
13709
21935
17063
63084
77606
47763
48591
8990
65360
13724
688
85242
28261
73586
55589
72127
44254
86347
51256
48679
44556
52654
20958
40861
75779
79973
46704
37731
14130
85386
70107
46361
31544
5769
71253
30173
55738
29293
43061
6541
43581
96540
27997
10120
62770
54339
21030
45994
87955
36430
99050
33586
58803
74602
16263
92089
98760
82968
34263
44328
80452
37755
81311
11499
11962
89371
92666
51091
63437
4427
48291
73724
63683
9617
13981
71292
86171
6003
29955
92336
3033
93055
22827
54624
91321
49931
87279
94881
33766
23816
27728
85128
6234
78204
40279
86220
2198
74111
80130
26430
35125
25279
67174
16395
37457
26159
91490
6160
17114
42739
23761
71502
6571
50835
49371
16629
18287
9710
41644
67066
88323
14401
28327
65580
44345
68808
88750
37246
68134
61980
26404
22810
61147
49445
49939
67766
90180
8986
29061
74838
62934
60300
64414
45089
43813
5652
93296
15457
46296
39629
61517
29648
52411
41118
27650
97515
3702
55179
17713
90450
51150
51732
90753
38703
38565
32551
32096
35648
29628
64330
9107
36908
69956
19798
36056
32849
89409
30563
23357
5650
43147
71279
3867
65209
51341
92710
1304
26165
57908
95664
9094
97236
89473
24307
24572
92725
12555
93047
87346
98817
51546
84701
86296
90750
28245
83640
59887
4435
77018
24851
3405
38362
22337
9872
67448
7138
47491
88611
37566
23220
55122
88130
14770
94583
30995
43284
1322
25587
25692
58586
11390
61287
26268
38792
689
92914
17832
24680
8248
6700
91417
59714
19338
48680
25498
76204
20036
79404
20897
23143
54340
68209
14358
30909
88395
11896
86562
78264
79095
84772
75544
91183
46049
80361
33386
74185
21166
84694
33395
84596
44196
56803
859
36292
93887
26604
5026
12660
40878
97750
21514
33454
55481
46042
27324
64572
72004
69314
98663
57442
29266
78980
84051
24252
68815
1941
36191
29943
94367
83677
99719
74216
84550
29298
7945
89463
92480
88131
23393
35024
86150
58548
6695
79336
51110
70894
84495
36741
92832
82336
94863
12338
40406
68507
69865
57888
91016
36847
87903
43687
75212
47146
56315
64750
3712
51693
34770
15685
93655
83591
66439
1272
82746
54468
76962
26248
76138
73092
93299
42159
534
73930
24147
51712
36138
89520
63286
26143
25272
56996
7515
97837
46129
64777
42053
99525
87021
35413
35774
15950
27028
88406
96170
23648
15895
78526
69093
27831
94263
95263
77638
59633
35755
43632
53870
27310
88231
38777
90260
75250
92221
35566
93640
32921
98707
6900
11509
56079
29013
40311
21892
52610
43469
92266
42735
34701
85245
86468
43457
64755
87128
3414
71440
45068
67514
17568
94599
9664
85271
78139
33665
37944
32522
68591
68087
70139
5594
43653
38071
43978
54956
23331
81084
90494
80218
83737
32434
4449
22257
90540
90871
20817
43332
73493
8210
47012
39976
10682
65644
59595
20214
93024
25836
91063
65140
5720
68062
96943
31328
33952
64512
67220
13078
67232
95765
8281
14696
80158
7645
95917
2928
5636
89768
26907
39090
94267
56101
55942
76131
70384
31099
1913
6359
63447
5226
58079
96882
6412
43018
14990
62898
66728
52045
75441
25343
96834
32251
49318
87039
94255
43953
38742
46013
55902
75731
20868
17658
20600
1231
98574
59180
27971
39599
76450
34556
78168
22708
50066
13879
71740
67983
2897
31633
31178
67823
55377
62756
84652
93392
90693
41944
65970
61224
35212
46954
15940
23039
23868
22293
86941
61735
31315
86101
80777
22879
71761
15585
75008
61307
77496
2226
71976
18589
72310
38464
81089
13647
74551
82970
24924
11877
13771
89195
95988
72713
48390
42920
79560
94124
5381
17734
89394
74465
34804
62499
94611
44363
97592
35811
24497
5667
79780
67432
45140
64340
35646
75951
29047
70975
51107
81666
36589
44833
8439
77116
45932
33782
98912
17987
6809
49357
80115
51028
32633
68885
35651
44495
92754
70436
42316
1431
8661
48261
16789
9769
97972
28937
98110
12607
5741
80227
36071
49385
35718
10452
27721
47683
58876
86059
25159
1007
55605
17535
65720
75846
87368
41763
95230
48257
96377
47169
5857
44753
16817
22454
58404
72309
69054
86608
81405
51399
84159
93190
99630
16069
10849
61560
94208
48979
68270
20919
86787
52850
19875
73342
70417
83138
20796
2775
67164
57303
85911
34557
25888
325
43950
62704
20606
71520
17410
95015
16548
5888
80101
41109
54533
70914
43388
72742
92401
25882
98962
25347
12824
18306
7239
45062
26340
66882
96672
98780
78457
49946
63207
23047
75893
10876
50616
76489
78663
73390
67319
4610
70286
22590
3460
99585
85860
97394
39982
43050
65449
31593
56472
83282
35846
6955
28700
48009
98565
10001
88273
8181
83244
35311
65868
52248
12616
89404
96693
42560
71413
98643
91493
80952
88966
74037
77684
6981
54190
36928
90740
24159
41221
20176
65491
26775
94903
20365
40507
39046
54561
76452
22283
29847
38039
99373
19852
10790
90117
43416
15922
50360
43787
19544
63161
43205
57010
32699
55222
87067
380
67709
42128
39958
30301
21404
12181
82203
13728
2394
50750
25054
37635
2370
73276
50543
45962
27895
15133
92236
16021
66298
23812
23366
37554
41240
58811
34617
36199
16398
46413
50007
71354
56022
57138
60486
80683
4604
91278
29858
7610
54721
57673
23001
38421
14912
76669
91049
39240
84928
64338
65072
93494
67656
12405
88457
76147
28630
20959
66621
34001
30121
57398
72699
40769
62183
54280
86335
40199
79773
72964
16837
70826
96121
86245
42927
33252
17380
11079
34984
4079
17566
69889
65196
8829
77162
15533
46039
94759
68827
26541
30658
18555
20092
41311
91218
31017
23250
49561
30737
87796
43673
31756
39011
72498
23073
63592
66467
4577
57604
13891
1314
41832
73115
65031
53778
5179
53421
41509
7360
64762
44189
72047
37519
56712
94637
43395
57162
10011
80007
31985
40472
57545
61694
4566
12291
60429
33115
78743
66382
62258
21794
44338
92988
33052
93498
21077
37404
85856
66611
65170
69080
32860
28367
86530
36910
67889
69790
12623
90758
89421
53019
89874
53209
86183
8901
91277
76072
61324
97786
17154
35407
49567
41869
49601
26711
76468
19655
62252
81702
64771
28421
85866
48021
38596
47579
59634
89613
78641
26395
45688
17275
89849
71990
90476
33450
61234
6677
66414
22253
69685
40419
96466
52393
66171
77200
80068
75278
44225
88426
52392
5217
89485
66317
67775
9540
3497
94564
87884
58919
57420
38905
28759
46914
68174
99038
46205
56296
78666
25389
80496
26587
38479
58016
74268
4988
74388
72961
63464
17682
81308
16753
25687
31946
7136
29586
64294
65586
63676
37524
71720
85805
67727
41605
60473
69370
28908
27365
53710
4718
58785
89892
51481
15831
79894
81526
19082
25114
41578
7506
74507
91374
62938
6410
12398
49972
18464
2320
22166
6206
33913
72512
35584
45069
4791
16890
62209
41665
75198
95471
30953
62640
72482
51255
29132
21026
3730
49867
19192
49616
61742
70316
84855
64377
12427
21054
79264
53959
44835
36371
36487
81989
76085
42110
23263
70409
83937
81395
11577
9369
81053
49463
55325
56408
54994
23781
47960
29120
97116
97875
70484
16934
45948
91911
82217
864
49122
49694
82898
74376
56792
66288
56270
93502
19377
49497
84821
65497
68376
16396
11812
74713
71517
50701
63144
69221
362
33605
98866
52250
35145
43888
34083
69062
86325
59536
86304
46748
9212
28756
36837
57820
52329
48319
79889
59317
545
39338
12357
71604
47892
44845
64758
5301
15662
91846
56148
77893
71005
37135
38144
94024
41515
56904
62726
89676
5817
48354
4428
2589
6113
57628
14608
30397
36783
31580
21005
16132
81530
32898
7676
81881
60711
89252
68223
37336
49989
44956
21384
96874
98111
79058
38277
65971
83224
63028
82598
76069
24895
10398
21193
27759
61469
37439
46612
67845
47011
2495
63239
31013
59850
18054
25629
4441
40625
7635
63616
53419
27821
11251
30131
45719
82472
94493
34548
27133
26728
64823
60459
40599
11708
54490
27015
17816
25424
93331
19703
64974
4089
43519
97726
82650
89543
49024
33328
1833
26593
69554
43304
50379
25344
40700
40400
4935
36981
57875
73628
83756
63541
97302
31762
19381
2129
20170
2166
52801
90036
25170
51617
18097
19954
31855
7741
75151
2412
66519
83337
62976
5539
92509
79109
99327
9699
78043
99462
5625
80882
65752
49602
60877
98853
31533
7762
61251
54885
3446
90238
79468
51739
55575
22255
60905
70425
66499
83048
74877
36749
93594
65795
9055
36950
65352
60964
77082
77531
51311
99393
58886
71233
32337
38547
1668
35801
514
20592
5046
92581
99005
60737
33980
61435
2825
86893
42670
14385
45084
94756
27
79384
16871
55391
24616
6872
50451
15795
89437
58994
83178
14392
63693
51567
4080
51602
71953
49502
71343
41565
25546
31478
9007
64668
21412
70720
8599
52096
53078
85908
14308
51124
6648
22870
48537
57098
21990
36483
46162
7761
41197
23376
24556
97354
28801
81919
38918
53364
1385
70614
44613
4788
12281
15474
11063
9222
49019
84720
57186
23491
72889
83619
26359
96020
93034
41243
37037
54777
94627
59725
16238
91664
78700
40318
87719
39204
64899
96273
55686
72819
82112
86677
13404
4974
3836
95118
11311
22981
61024
79241
25597
77481
93573
97940
10501
91949
61844
55819
77399
55060
38696
33582
9653
16169
28250
18835
78600
51757
24933
8658
78931
52366
95786
37778
7589
44875
13846
42643
736
64126
89940
37928
57921
83367
34528
55896
48518
82941
32009
37485
64814
85943
72744
89632
93801
34569
86102
67950
84902
3045
15383
23778
84427
59478
3813
95249
52356
48242
13995
29310
20153
57086
4942
76364
11875
62658
63093
19694
94776
49204
59207
18098
15198
45525
89155
1550
730
92971
61425
9262
80368
49528
43189
87871
6418
69561
90413
45168
29344
3810
93022
1966
40577
49786
81731
23493
96657
71649
3030
45718
51503
7016
77160
38735
17982
72710
43204
61771
14310
56222
57716
85489
27577
12978
89916
79573
10862
95198
3494
33574
70504
98735
66660
66733
35721
93077
53492
59107
18401
60682
8033
69393
16406
51384
31101
74549
51486
33958
42682
39967
14113
8974
48547
76829
9137
38511
97985
65872
6261
80128
42665
5328
92768
42476
85009
23579
45417
50054
10114
80367
25224
33801
19778
63765
38054
86488
33647
42888
38869
62128
4679
61849
77400
58476
61253
57226
34014
7404
45530
10028
77857
25702
47967
10314
75112
81242
87874
81759
93448
31465
53520
85547
49117
34942
43096
21048
24256
80542
11953
56274
65420
67518
74208
15988
66207
81118
66986
77596
77656
30625
56651
81815
58823
28637
50799
10636
46966
87633
37784
83023
22021
58071
66015
72526
33666
37803
7683
76761
53099
804
70690
88887
99877
8915
39070
85751
41087
35448
22135
27960
27591
24141
19301
84184
81836
79800
67644
70976
40641
93216
68767
69538
66374
50577
95612
23092
58740
90203
84955
85522
1504
28071
16937
46952
72825
37631
6748
3626
70405
48758
25648
33675
78268
97255
78497
12566
35135
84500
63991
85556
79672
1517
18774
8767
4755
31446
7250
82542
14317
61764
27954
11271
22501
40757
61864
3621
8301
96964
63388
42118
50537
16902
92394
97959
60252
28865
15639
29569
50685
3152
48950
83206
90107
47886
7355
45957
36443
95628
55219
40822
18270
2941
50026
55029
91144
50795
56308
38363
32978
31186
96960
61353
97905
48864
83022
3077
7968
19113
18086
54993
93496
58287
51943
85265
68276
82887
43678
59577
27121
68105
86060
30348
5697
92848
18582
28246
12940
72359
22738
1880
1663
41692
47922
67492
29848
34425
25605
23249
89674
27139
77821
97594
38809
86878
7147
74480
8680
48267
83588
24511
46833
84416
7429
28223
73972
75220
73990
32883
36985
99092
91165
84539
79196
7313
22440
40719
81
94472
18257
8850
76241
46301
17797
57621
44897
43643
98542
20290
39254
84610
2609
48654
45286
48627
70043
54732
99209
48773
95140
93707
33017
812
78921
65180
13093
82536
39600
17435
95380
25993
45931
30060
98175
19478
19372
42263
71022
49622
62745
39053
62479
84381
76193
86915
97500
95246
17836
70968
64701
62126
42082
91890
1424
81134
67595
47341
9960
76140
27947
68655
42892
51153
87848
78032
14494
85031
42664
89631
84308
99628
31432
53003
14597
20407
89873
98978
87161
58689
52757
50987
70731
16230
83067
26914
1292
69957
72799
22639
47588
51880
85885
59767
66800
67286
97471
24661
85331
43078
28502
25846
50156
75635
62734
36262
88598
46653
88812
73545
41765
6237
77799
51728
85572
49864
24126
27060
20759
54205
91389
49711
73127
55800
23299
12723
78313
29497
38253
29801
51146
36696
39874
17923
92453
17600
85278
34132
30818
53585
13796
18516
88850
59173
58652
32206
88419
8513
90596
80501
88698
68379
60072
278
61227
73090
46426
58826
73313
5459
66577
25785
10640
6471
27622
928
60738
10681
63705
45042
10866
28364
94971
14858
16569
58274
42462
42962
70830
36331
6832
83378
3036
5034
22632
1160
62622
53732
53229
84160
21775
65337
94351
77006
33058
50006
15880
31847
10456
615
94251
11593
42471
36525
50779
59586
74994
83977
89691
55382
40876
21696
84344
48941
13958
49591
25023
10842
73110
19207
6377
11635
64839
1066
33773
35723
18172
39509
22013
47618
69645
98004
35860
48020
39939
10292
29591
41949
33453
84046
377
98441
22886
23131
20271
66596
17353
19589
3716
87872
3448
88939
58883
86433
41868
54222
90191
43617
17523
36716
83256
56434
72502
36435
26916
4290
53697
10689
83392
70911
16468
49626
29547
13005
30682
53660
96227
42309
18103
5849
98405
37807
51169
88027
91187
66567
77471
44068
65481
66629
67918
21723
53442
11191
65733
23017
26514
52191
63667
46968
17423
74523
8488
40525
28133
62121
43655
89771
68892
40805
92467
40600
86932
69895
74011
82577
71603
67587
12833
90341
49969
51879
56686
49749
1135
22771
85329
14492
82168
51806
99480
46793
94148
4760
90135
23736
53489
96064
38964
61592
61746
11445
4758
88558
74302
51264
35187
15677
58439
47170
83415
55688
56351
34825
63790
78393
3433
43836
40824
136
49964
35174
84733
8593
11066
61039
95103
77331
21489
72349
41857
98102
18612
79870
86449
14467
68795
89775
75384
62019
7064
13068
83899
22065
1133
68757
4340
33319
23524
8746
66072
51193
23953
24994
59749
88638
77886
97919
68535
21008
63651
86884
7438
20838
35322
46608
96210
70248
35287
31562
35343
64019
11645
72222
75171
78934
59417
6419
36929
57152
46685
57256
36260
72670
58410
46598
84726
74188
34689
94138
58677
70848
16341
99907
29634
94677
14819
21677
40358
33752
10600
55402
580
59307
52725
74003
20787
20684
57690
72985
91445
74852
7402
97965
50250
51374
21510
49756
23804
44256
78251
63019
72279
99538
25609
64832
15858
45210
78832
8845
68257
34193
60441
13875
3244
29657
76419
75724
54989
49467
98092
73711
9762
23849
27661
45657
4189
25194
29453
19790
639
94972
12413
89253
39291
20634
85541
53922
35992
43255
66889
93536
55934
49552
76862
47016
1478
60458
93160
71597
90292
6507
63969
24663
7459
63643
62004
8375
64692
20075
94244
24915
74450
18010
13211
54134
78551
83509
8427
54957
63806
76504
97660
18482
24520
31955
43663
83855
44048
44317
9045
7044
99546
67330
19719
72
94814
82381
30012
42810
37688
16369
46850
99144
5258
40927
77131
30093
4778
7721
67827
63622
63710
57525
64965
63555
24413
46958
35678
32528
5228
5893
17415
81471
88488
65064
26386
68079
32550
61942
34295
72320
90581
77431
52658
75442
82187
75335
66762
50840
84841
32846
4402
81587
49666
53068
97053
20073
90512
96496
66337
32538
13321
41004
96549
40763
77732
27156
99034
20988
86614
96956
77946
63661
91923
91993
33906
68213
89803
16222
56349
72519
19050
7799
53798
7247
67631
62774
828
5056
29788
75238
33990
22033
62832
50862
34683
1249
53940
42706
41195
89214
38308
69784
6773
1789
4602
44042
50472
15862
53548
4218
28227
3398
13397
75378
42184
6223
86556
24996
45240
13906
53709
68716
96514
60121
12255
25585
8776
72258
12707
97124
69852
28885
53578
95183
23687
80133
98960
12854
62067
67773
12985
3028
58179
3011
48039
43009
59428
34144
29728
5631
4736
68447
94758
56163
28080
89739
17575
77808
53353
70162
47443
66271
70163
85071
48058
24873
65133
1412
2728
33880
23851
32855
76572
97442
7394
26036
22106
23941
95878
87546
97644
50060
8064
96470
85617
72428
73357
86343
58081
28901
16676
55473
10426
95629
87274
68607
60966
14998
21102
11028
52866
9573
19358
20039
39430
58693
68870
99553
52523
90162
68431
77106
36016
12077
65230
34426
21902
71830
50518
68577
99892
87278
11194
73465
51014
89889
15057
1198
68177
37921
5169
17149
53838
54117
81646
83268
5831
91006
99113
88879
93027
73606
5078
27195
9593
97986
90683
46257
98596
43917
66517
80427
64638
8671
4772
23940
54026
93500
38181
65871
36779
51382
2953
65918
57523
89180
66513
49225
20307
49832
35802
36835
76939
93276
51242
10060
65545
98656
1715
40765
3581
35623
40440
48507
51188
84620
12462
27707
76262
83967
9218
84351
76217
25610
55936
53029
66311
74650
33896
1906
24437
71235
35680
61634
1110
24265
45502
51117
94556
13082
17694
23391
55176
38018
56615
97829
27270
8906
43919
62398
89731
19615
17512
4164
54660
68412
35006
55915
99345
59510
23457
97731
70115
39242
64580
32604
77100
14375
23557
73596
1115
99544
83532
57462
57809
61685
59050
58485
75691
16512
84192
79900
93129
33438
78213
70791
30948
27287
64566
90950
18883
16412
94799
84429
24456
51313
77825
65517
96495
89116
85676
93410
28673
94449
5274
41932
35344
95508
75820
59052
64970
30739
61429
3786
7579
13782
98349
54860
3109
11591
28452
4875
81938
42964
94989
60075
27027
82393
64333
5690
25895
53846
97712
82370
85689
33970
46885
74325
32431
49384
29819
40026
57824
14803
72481
78479
30278
85438
32365
43256
81428
10837
49215
28765
5656
6727
25526
12185
82028
91988
15146
80854
74675
13904
53244
15154
37640
71297
81373
56482
63133
5284
77931
10974
35223
36629
48353
58921
23072
25014
85481
26410
78916
30492
52381
89423
77795
7189
93336
84787
1931
88384
48936
46240
56461
91942
83237
87824
37267
59814
9830
77881
35961
74343
33780
12455
20645
33739
3216
39603
25693
46043
74959
59463
62397
52506
35426
53674
35178
28723
98036
1508
53816
1129
61400
53071
979
85454
63370
95831
4762
94459
13597
35503
65421
20755
58126
76180
89300
98302
14602
19313
62480
29892
79057
40643
90132
83740
36922
6435
5281
2292
93256
21228
49530
50775
84003
29167
45056
77111
79770
82048
17671
97642
46616
52819
36936
91017
64579
45921
39305
98883
59324
82982
24620
29380
23818
6157
29902
31937
96196
8871
49246
59195
13104
93038
58156
54636
61934
69183
93375
96705
42454
57475
34124
19395
64090
51927
82643
96310
22794
23658
78206
91655
14314
2888
16216
42673
26723
89128
63169
30338
85130
34440
59336
24134
80529
1243
78785
45442
22219
10082
94198
77086
82470
56068
7970
52441
36644
10500
24639
98744
74181
83080
45492
359
12672
48675
86910
33616
4818
20080
95438
33050
97345
38628
59795
98470
73655
18759
64702
20950
72416
15641
17122
49137
66752
49361
58948
10749
48845
41236
10107
52909
89314
29668
95209
51308
93089
56566
97971
17259
90457
88654
13472
6344
92484
3357
48043
83336
34079
23904
86079
21939
50868
14935
59618
43770
47049
65899
92637
80049
46787
16505
10633
14007
1860
48037
92389
18239
71752
77015
53096
13866
85925
45780
73555
86931
47291
27316
56006
7074
39027
31923
43141
70379
50380
24865
84646
62275
88992
23675
44173
20930
38224
17952
44375
37277
89402
74184
24189
84153
72173
11516
83947
20158
18422
73453
49249
64574
67639
86360
16694
25053
32229
17198
98841
50759
62719
81950
19450
13090
637
73567
70702
30664
75464
57642
98778
2157
22024
63557
37657
98042
17022
76960
88403
42399
80598
85095
20177
14188
4748
55031
37859
94497
3999
52273
33513
49548
72103
38032
23915
6087
62545
99429
4122
48380
4587
94847
29098
45443
73498
43385
82975
75440
89575
13462
87103
6069
47639
30746
36657
49778
91511
99696
45293
92862
40171
66976
6707
64296
10408
1975
1275
77093
21187
12092
2824
61096
77751
51437
84033
59227
83042
18420
39249
57014
32047
14649
22424
95104
24874
25470
25521
75976
25787
54917
35424
11744
25175
44191
57822
6902
18033
69268
1229
74410
26799
56892
65574
27913
91332
17968
54356
71836
4216
87387
83893
22698
76748
14520
5318
46281
58308
75502
20478
53602
64741
12301
89903
89741
96118
78770
57685
94780
44821
96816
99557
52792
73617
50364
87376
28742
9444
43223
78872
73996
33208
49388
74569
4345
2948
46545
44529
15221
19138
83571
68422
92539
2718
60312
3963
96013
67703
56038
15139
89359
99342
88279
14749
17789
21359
60294
21101
81671
7399
78065
95123
30383
38470
52620
67059
58757
20780
91070
30595
33951
37623
48897
19525
17493
9668
81035
51322
76964
70124
869
3421
78637
36755
88024
96052
86315
1246
43970
30153
40372
17501
88494
21703
59100
25262
39357
74365
49412
12123
64112
72225
99597
11470
89338
10150
21281
51478
36960
46206
910
20804
32984
46428
23900
11264
77597
68736
26848
44212
26609
48742
33668
3598
82075
20054
80594
41621
38721
93020
91115
36452
74508
36617
23730
55552
61081
14301
71453
86353
26927
90263
78228
60595
97838
45616
71975
25514
2185
99887
68735
69643
35494
63650
15101
79014
37558
31632
11932
13872
23197
19091
26092
81931
22434
42635
31801
9213
5119
10530
89242
38534
38911
37817
11474
22950
80249
26969
46530
30981
45632
32117
70796
25101
28799
3389
93247
70195
22573
5541
57214
25606
40046
83696
12838
93267
81334
84029
99804
21446
97834
92502
55143
78865
34860
47632
5724
45014
82418
74310
98695
61098
52269
87165
49191
71849
71127
85330
39998
15271
2227
40035
74278
32870
57580
95351
56559
77555
24738
1866
6480
40397
80728
49298
94180
85213
6498
70312
66128
9061
64161
60076
45218
34402
49440
95868
46897
10177
48061
7812
53497
85229
37906
68532
87013
94192
62081
49707
22920
18197
64204
63467
21019
11512
44674
86974
40903
18642
53200
97408
63258
80942
58125
5780
89747
70061
36829
47855
98879
17681
72750
64949
94987
42018
30557
73074
33625
77875
48356
15168
95513
84243
55350
37375
15153
39487
20175
93260
27044
60261
32120
67233
64318
87287
97468
6294
47186
26869
15645
55213
42606
26319
52984
25369
14794
81888
40658
61540
39801
38575
4271
60209
37027
33817
65622
64132
29431
24272
83472
48985
65648
33640
82154
6231
88500
99830
38926
57825
50195
8357
1125
27213
43726
62288
80574
70674
25423
55337
50352
23202
93236
95037
15836
33158
20256
84724
33690
59529
39915
73778
8171
75771
40048
32830
52741
8165
50734
22716
64383
50876
75268
21595
34055
76128
60351
63504
44884
42645
40445
36428
37258
36557
14553
65150
52832
4087
35016
99500
26923
36404
44141
3541
76855
97014
37549
42931
44719
20300
43949
45259
49910
21349
98478
72101
38183
38438
21644
35188
20065
17278
13363
70660
82215
83559
34329
68594
98266
91466
20010
81258
10100
943
85923
91873
62420
13044
48553
53288
53806
38557
66682
78850
29006
99059
8998
37481
16390
39751
16522
63445
81748
72752
78909
31537
95268
69976
89759
56157
43327
91965
99706
90223
49914
94466
62909
89580
18000
82920
43301
64498
18032
80243
30057
71461
87374
48136
51482
33124
44142
34189
24498
54733
91563
70424
61255
25096
47173
72478
40591
14115
47526
27042
40947
61706
82687
49145
27814
6735
41290
48583
22303
470
31956
49974
28686
34963
75710
15860
61664
7288
90233
2729
27563
17264
5943
49554
44022
94199
59735
42485
81722
15746
39820
90328
94176
10460
26705
62435
71882
42389
93595
65079
68637
77089
32192
12524
37235
60179
76919
99993
39808
98505
11726
1590
98126
40138
51060
9534
20736
53196
51337
668
93506
29749
25601
75825
50599
42109
95152
10701
34253
78180
77813
50340
13253
86002
54909
2529
12964
91336
35629
76909
67539
90425
62521
50959
12284
75423
72664
37746
81449
15264
60658
86375
29593
87101
99040
21552
40882
63054
17262
8938
21641
38190
16237
47756
88497
77446
23657
89403
92362
48601
78072
5466
2795
63064
57409
13670
19431
62180
11475
18385
56236
94489
80885
52325
4501
41582
79744
11238
73401
58941
90113
80978
25137
52763
75346
98898
9275
7563
82483
5534
49574
60166
44938
39692
75963
32543
88375
69512
66331
37499
263
44230
45399
58763
86575
15375
51572
96339
21104
46575
91118
18886
84104
7098
90646
64335
16214
15980
63562
21707
51215
12506
39444
93980
89840
15296
50094
42932
19364
78690
24370
44777
89192
151
84623
62492
10352
58776
48476
20295
33143
92805
83877
99142
79391
31845
11182
8880
46066
47659
70688
50247
23358
10878
79984
48403
35624
70621
76571
29327
26783
59132
75987
67382
13343
99904
82626
53176
26478
92153
7475
92396
24196
93923
61804
50513
92679
24936
47422
36039
84794
37801
42155
71188
32015
6248
81895
53758
57033
32252
82221
4677
85727
34830
29260
54718
86206
83352
29717
92361
55119
95702
12900
75490
74557
22839
24788
53498
4015
68388
22507
64955
84289
57869
57513
8460
40491
5680
9971
98714
1308
13056
80401
93178
2215
24906
5270
58000
25534
20807
29366
60660
84638
33568
84647
98757
86950
49165
47002
12637
45294
78053
31124
10232
46905
16303
50147
97094
73255
47811
67725
99716
84113
52019
55051
11362
38143
35481
74052
33283
89006
41304
51148
4197
58357
56260
72774
58855
96645
53322
21587
9295
44922
66664
36688
21573
7534
59539
86782
74636
87932
27807
78904
88839
80960
11734
48937
20713
54484
82897
47070
25374
89518
22597
99344
71606
80380
87415
21555
75806
36992
981
93463
58084
56
26086
96259
8963
90303
15052
89410
8275
62696
50588
67367
188
38046
81411
79158
18178
23607
39490
77338
27842
23233
12831
32521
91859
16612
82764
69403
84178
21272
84929
66336
33986
44353
63343
79361
22306
90002
8091
40062
7540
40767
70722
61290
61467
36762
30176
94007
98395
7921
75121
52013
62475
82202
14404
40241
70524
19353
25796
55549
70313
58467
41573
68360
22235
34519
941
32935
40455
92316
3210
13863
44685
51762
86664
47125
90517
61078
3748
45178
93335
61174
95568
49005
79863
64994
11326
56990
6173
97657
61333
95285
36547
5903
59914
29960
91221
64908
25139
44178
39519
94481
78889
43670
28998
8798
29558
16340
71548
59345
66640
38824
81043
82270
30238
20071
44232
14456
82535
64016
34958
17851
96376
86554
22901
88318
79025
80047
94528
59179
69042
45512
48121
50857
62943
84181
47130
14242
83518
55691
79729
17960
18254
44453
24629
78581
48103
93599
8413
84328
14248
56162
18059
79941
4637
59445
11894
89504
31710
38083
67216
88505
28361
34588
44251
17165
98139
95014
39630
33907
2031
34668
70815
24601
4735
36441
54348
83521
62621
72089
60303
10503
33009
1748
31234
65988
67931
23541
37996
8596
70656
98572
77545
42269
65947
19705
82520
82612
42961
38351
29690
43359
39375
87188
2929
83586
86786
26997
61801
41796
7636
35864
360
79627
99298
11538
61356
37482
9969
87865
94202
55664
14292
20604
78266
9488
9603
52033
86573
18802
18722
18378
84615
95022
73815
83815
20789
7458
34091
53350
53694
64943
35398
50125
73696
62293
55491
93048
30452
8618
41313
43977
51829
97678
29839
96006
37206
29086
99334
64916
22371
95770
26432
97736
61129
20490
50768
55506
1532
16927
57641
96801
40411
46649
29180
84697
8812
75582
23048
45456
21509
20267
90977
20630
94986
74354
91238
87804
5385
61261
12699
77382
89890
96728
50262
37920
86451
77929
66782
10192
64322
62129
23147
25098
6336
87288
15247
12531
18761
75154
74689
17020
40201
60377
36661
31512
99924
32920
87
30556
5629
93136
50106
96677
70515
46447
27546
99583
81250
49321
34232
58685
41056
9885
53264
40900
86106
92451
50408
48488
79676
62627
63775
56167
37935
68699
99286
82588
28796
52870
23071
52056
36490
26515
74780
66653
42407
6509
2549
45543
74321
6922
23309
32889
60301
68558
12401
74097
87143
92446
53504
45781
6014
15351
35205
45782
43990
81837
81167
66914
96364
1393
70327
30373
35596
24957
62666
13430
82062
15079
66873
89407
92966
24667
87338
53555
21952
52765
53055
64489
2886
58860
23168
37911
47934
15669
73436
9864
84112
40208
40000
86338
15764
83551
34049
47320
27395
69397
73029
42934
96658
63604
46204
96065
79143
34361
53668
89787
56433
80784
22742
34687
98774
38949
61516
16659
55499
44679
96841
13318
5052
14195
15268
30281
54790
75115
50305
41680
93786
79912
40956
61646
61346
37045
72445
64046
89578
90853
25813
25782
74495
7670
37139
82663
74979
76977
56643
91579
94091
46614
16184
69016
6211
48174
33340
16834
77370
14648
98935
51194
13805
79691
41064
52125
645
69806
77279
26872
22914
51288
8910
86763
6490
61093
79685
2039
61604
61186
72886
38645
4066
36697
7105
97721
32867
91516
37638
47873
67509
83050
73988
69194
79454
83775
49219
60082
51972
66004
54144
71462
220
50631
20019
91324
50023
29302
18824
22319
27308
14814
19079
22943
60589
6442
69014
33579
3218
70050
5956
60510
19881
70282
72868
81653
34228
24646
43838
24775
59338
38021
53939
70927
34584
45104
34249
47361
1395
23839
93368
53893
40392
59280
74509
9613
75222
93961
89233
30684
83252
98087
48193
64895
72172
98132
1105
98532
57344
36654
38647
41911
77653
28363
97885
36581
67669
2195
86322
42593
76710
96569
31250
11634
83007
47790
64964
13825
3630
13618
61700
42986
48874
67534
72686
2391
17039
84534
60080
36757
47068
22449
81376
52863
14519
52017
78606
98896
87712
94064
63206
98155
48457
98578
33848
76883
79948
45166
75083
15286
10287
58366
53422
5446
75795
11532
15276
39008
27754
30545
62484
34988
41494
53460
23693
59629
4173
63384
4862
61965
45544
83107
64894
22502
97486
78595
79673
91496
53651
84296
26875
35469
24836
18206
10760
80207
81409
14416
54278
98367
88429
40065
24082
99841
26622
53453
60138
91237
69235
2979
33541
55606
19441
13991
17436
96038
97947
75565
48825
8116
54985
26493
9272
55265
62533
41543
38135
6908
40791
36656
71929
98696
22696
59602
5989
60673
865
55631
67242
91025
51336
20483
4408
30554
63477
52039
24491
29945
44129
9669
80852
33472
66805
46502
27614
50481
75375
99421
81504
58840
62092
2522
92765
76976
57612
59547
53902
96940
10280
67038
32115
85097
11338
63737
60631
58440
76192
13830
10118
65754
4374
75024
93862
17426
64234
30246
23841
66637
39096
92020
85694
16541
76507
10804
71225
47519
14498
29178
31697
63554
93597
56034
20421
78565
98352
37578
27670
9414
80346
90552
56733
88262
13300
67434
85551
54182
71586
2724
81085
13713
65221
12908
46034
12939
75386
49090
63602
20328
7174
49177
71288
60805
60827
29341
11560
62449
97997
20189
56382
12186
38995
64598
66590
57326
28603
85809
255
62739
73822
18617
22280
86794
34712
63912
82138
2014
83170
61652
31882
96458
8778
80803
21530
93836
60214
66850
16883
10141
68430
31912
21906
85115
70291
16046
56775
68714
33380
740
21454
13964
30834
18740
28481
33225
52310
96631
55365
85520
68407
81963
12285
84882
38178
48953
27789
60580
30662
92155
26325
76188
63471
30267
36899
88710
63272
58851
13953
65730
70763
45607
3313
32462
69766
14910
84586
83047
74207
46824
48036
94418
19156
81091
46221
11654
84758
46352
26994
9152
76872
59737
90011
72736
10076
54961
20447
54224
62829
20105
5479
55608
19515
28897
60025
20157
74005
57965
47782
12446
88008
98130
62720
28005
66312
48422
2188
88862
64093
31247
6687
25979
31306
53966
81821
32970
90968
90077
78452
59450
62349
57487
10151
83446
78734
39736
60565
32330
29087
95734
67648
46248
5063
1608
33099
98468
841
19685
80787
87768
3430
28377
14037
46906
51471
38100
51977
53707
6190
29581
46872
56073
72934
28929
63873
9599
65654
50222
65570
15730
26286
87426
94028
65039
21763
681
36265
60591
90941
99638
59648
52134
75413
23633
50245
94434
34178
71061
58922
3098
1335
29379
96779
20643
65168
93082
57932
48505
4802
76991
65887
13533
99478
76791
42776
42256
56214
30825
91707
9858
84760
29760
6066
87828
69064
72412
66704
69383
91609
82390
11972
49735
84058
67253
28651
48249
54030
6690
1234
44712
66642
88574
33129
87247
40755
23257
8505
15569
37173
27502
55760
74805
92716
14882
8649
15884
90902
44761
30326
41469
77333
95144
92172
23796
80507
96345
50553
84097
90906
71191
65145
23211
16086
21824
6529
19270
6898
38890
7052
5809
46271
39515
54841
45560
26018
30624
16978
71168
56932
88652
60447
24197
45392
62952
23380
34476
31616
4898
51905
97913
15476
21691
39180
1771
98996
56213
30607
22865
50334
38770
82446
71000
57935
24003
70860
59482
97265
61545
69431
99808
47673
71831
10288
89202
79728
30597
39695
66604
93584
89865
79119
10807
48578
73269
11431
77472
30020
87070
31022
52213
1703
26890
48316
735
31132
44735
8428
69619
92867
563
40526
9084
23895
61266
58852
92774
81066
96709
32378
68957
89201
30196
65810
78160
58539
3137
65816
2020
73907
99200
80113
85941
35618
85931
98477
36433
88821
64854
40762
94861
17716
69599
33485
41810
64925
99071
82026
39609
57756
93218
78153
72900
97655
46808
89697
52781
10744
87495
23088
38912
25903
89590
52631
98765
11544
67678
17810
62401
79450
26004
72968
53588
95427
90783
96270
51096
56652
76297
3482
50952
81892
55364
60932
48808
19496
93039
27871
42992
41021
69748
36335
53164
74590
67785
10183
56361
33290
26279
60314
69353
79424
76149
22754
36792
61349
25173
55043
34677
48673
95601
94952
64438
8379
30914
85529
94510
16201
14779
44647
65354
44676
81183
15788
10137
11530
64425
76818
82833
7562
42403
79575
63530
251
3455
50031
67865
19917
7767
32479
62031
71616
81843
9682
40373
45235
55787
51825
3673
3082
28874
39899
37257
35019
52070
252
10867
88988
24579
85087
35896
69821
24696
98644
98009
19150
85255
7942
93596
31764
50681
9105
81088
39216
64508
49106
99045
40632
18348
14864
75813
2144
32928
78342
62394
70317
96659
7143
43341
91373
72378
88949
33221
72760
22506
81589
6785
49943
49073
18029
42216
36104
41411
54410
85864
9454
8533
37845
50431
26735
11388
89615
30835
1265
96717
7444
90073
38612
89858
2474
23496
23225
89527
6540
30779
15963
3395
23052
6962
20138
52448
38344
85637
37449
15371
31192
60902
78808
58761
39332
73650
69052
20250
66663
10249
11783
15117
98892
89066
49932
67530
37547
57944
83794
42416
83857
91601
25572
62249
17076
89635
93944
33477
49050
7463
7385
3280
69966
83572
42130
80192
59113
50646
58208
49049
95292
9365
88541
55757
66694
53807
83359
34945
40283
37035
45416
29017
41506
62095
7688
28599
81436
73718
11590
29602
70013
88789
29809
19427
3883
80023
4722
4088
48334
80403
7418
46673
10281
14043
53216
22009
76565
45241
19139
59097
49474
5511
51364
9216
9678
26720
7620
27168
96839
38174
27856
52106
48302
39582
63422
21790
61720
14395
8339
69425
59157
27074
58322
30067
22694
6916
8436
29032
36865
80649
54481
88896
38713
918
82313
36653
24916
23305
85812
58029
93957
34813
67279
48914
90179
75770
72983
42296
71609
34507
64334
83063
80031
90388
9533
66553
55000
94439
38099
23517
62338
72010
82264
86295
88310
76851
17909
59388
25216
41806
18277
84012
62445
45429
76841
25104
68162
64799
90285
47018
15005
42881
96702
97287
96996
16876
37134
1747
50551
82551
97444
15151
69524
97070
70112
28965
91984
96022
76411
21057
23870
86858
1091
26417
7756
7531
74219
95894
61172
72568
17675
66909
77418
77783
3390
92756
74390
86013
33238
36424
33024
96535
90591
52168
42848
15890
43246
8146
72398
95926
17314
95897
2568
70967
97280
89464
42730
35209
14689
38336
58996
24247
3925
90156
33608
92516
56334
42418
44533
50945
70411
10188
47318
84551
54283
22465
20714
53464
7916
57102
46723
46321
82763
93967
96021
78559
89891
83961
43734
29277
37841
77019
73605
88163
60500
57288
51443
35144
34252
27080
74076
68099
4799
25005
59585
7260
60304
31781
2694
91884
99834
5360
90097
8025
85478
68023
3456
53965
42334
90405
41205
89921
22053
3666
42351
79471
60875
7455
22987
90290
31386
24564
73062
46691
31477
98388
7703
27509
44604
56989
60387
54748
79002
62098
10687
84183
60706
81981
92694
61223
58358
81651
72717
73038
21086
79189
23789
62870
53210
67304
73296
62815
94817
84993
28450
53992
12353
8221
50280
34580
42360
39768
55778
97866
17680
4513
18532
49619
70919
24931
78130
29677
46149
93723
25919
56598
83071
80072
27787
21443
2701
31589
65623
8081
55357
16969
38644
20304
56147
34364
55665
73756
49934
26219
5827
84784
49054
61042
43274
21731
36018
309
48076
19406
29094
60798
83710
65558
62752
93728
15773
74103
32476
12332
91495
55651
23434
60572
54001
27298
963
67361
78401
18034
91110
6201
87899
23855
13902
35965
70842
20590
75852
10844
88120
94220
91952
52101
92377
56609
55503
43081
59620
98908
65873
95169
47984
94471
10453
84086
94246
30994
57347
48106
74175
21265
26315
80856
51574
72437
89210
69154
16124
38015
45563
8272
15259
11902
7477
19283
68465
51552
94704
88359
27467
69096
5499
22684
67136
36296
65391
42697
84456
76352
9378
91404
53232
73638
55683
32483
14243
94146
59041
68069
44433
99786
94161
23743
25113
61717
77063
81903
58278
8545
90254
66858
12121
72081
5820
6745
33810
79981
73678
36610
57055
99093
82707
34022
48607
6082
6350
21879
69237
6814
57984
23166
4786
88623
37511
57970
88508
44237
99315
46087
7446
52830
78309
48274
19403
6968
84083
64539
96179
80579
52873
57975
14165
2990
76146
81847
19134
36178
73787
88718
25318
31990
54161
44361
15634
69520
88211
21664
82762
6717
42100
12279
16644
40331
18091
93391
42600
69706
57680
38154
29537
27463
37231
24853
91451
98444
59543
58157
91497
68770
30342
57843
26192
91295
29666
48397
4835
39344
59686
34199
88235
40054
1863
96750
5102
54458
68476
82604
20291
47524
78358
77781
94539
52439
15189
40335
72731
49146
27387
20683
24346
36933
22927
13459
12009
12333
94352
9174
9749
99311
19715
75863
17302
38162
87306
57758
11909
99004
38407
34859
81529
60751
83004
19464
57120
2566
64184
19888
4233
46967
51046
56155
35782
76955
52396
35159
73501
15021
6830
94537
15075
40983
31166
90271
65490
73937
72365
30264
73253
2208
31728
34758
9077
21440
51113
77176
56933
17040
61496
36734
68648
68988
25436
82570
40888
74416
22958
13776
71274
64962
51211
42703
44651
13975
49822
55829
28106
72967
77657
96686
64584
83142
66029
80084
27607
60406
28839
31575
93807
50194
70510
50454
24050
20657
26097
47555
4209
78868
85056
91086
39447
31119
53837
30118
79489
16036
35299
74915
63465
39267
44050
99720
41767
25351
15480
49234
1607
13520
2895
89623
71350
63485
35500
9240
77815
56320
62590
21494
51759
61192
30853
46089
64012
65335
89763
42761
80919
39456
64612
75569
81037
24760
54033
63577
97874
66468
25079
30268
79265
41752
15558
20748
57255
29914
36918
48301
53467
9950
73645
77021
53734
19201
25192
7478
34840
85219
75006
78310
76709
21274
94029
37487
93014
76191
34435
94172
43263
8818
22837
73054
80175
95997
24958
54440
2978
56375
75251
4179
30906
34154
82457
75802
26866
65362
10576
96061
41849
67622
72157
97623
54514
3889
51831
84482
53820
20866
4694
76900
9095
45354
69178
17286
63231
20330
89953
2160
33214
71473
39535
2196
25425
68811
31805
45305
51877
83520
92253
30295
91122
47839
45271
67115
9713
31295
24902
28671
66265
95815
70963
43886
98187
29637
70675
23573
13383
52468
33969
79765
40219
89645
53101
84683
3316
55437
30742
78841
23901
50713
39452
19820
76388
19713
91319
29867
28743
92709
24892
16362
37256
3322
80281
1488
49158
59455
38193
96077
43247
35204
67607
80578
48762
3745
36979
64018
51932
92783
59411
5764
26798
38279
65373
97563
8175
69265
42893
26381
32111
8532
73261
8581
82282
97063
81029
55260
38587
5674
53389
70338
99466
23180
35644
57619
69141
80957
94398
4597
57515
26529
96090
23020
34174
76332
9303
99025
73291
35147
40087
36947
11086
40175
33891
35592
3320
79136
62378
70208
71468
69108
56570
6838
17211
8521
10990
4921
65406
84057
61285
87244
40576
32412
4124
19971
80658
13286
13809
77295
74074
30032
8898
37637
60822
77404
44496
6312
52689
7794
29646
94585
41843
85455
98015
24246
45636
25535
75704
8828
66403
87106
78127
74711
80056
64520
97902
87308
35381
3003
10696
59248
55312
72291
10961
41337
98208
26021
55238
20778
78067
88467
85002
24890
64828
3126
53720
31157
72626
60939
23515
31126
16535
55502
93323
3490
23850
97339
30841
26409
86819
25874
53324
91039
6096
95341
96362
96573
38424
40970
95827
59762
78650
87008
30244
56235
95154
98171
24614
99456
14352
35210
66874
43054
22722
61550
38053
59061
90169
65289
84039
53648
96892
95644
83115
76869
53407
9407
4690
5001
80699
41055
49844
5527
1364
77249
87726
87852
2175
28442
13436
14569
88342
47008
74419
95423
13602
80245
34398
73946
46863
58727
5852
96655
6846
84845
18922
14240
73929
59233
68021
8685
79721
93204
13220
44350
11025
2199
22311
43120
58135
40338
67249
50403
65579
40566
71373
77367
79704
95419
99746
42946
3462
56832
73908
51093
88926
35984
60291
61845
98273
82144
6143
72441
68292
66900
98343
96182
63078
24758
8007
88695
62670
61651
29638
39310
33528
86427
20312
46103
53861
64001
57597
18575
43243
33018
68468
7101
53191
67502
82358
46592
61977
25223
1657
56856
48358
29580
47865
87789
26545
64532
75910
24203
50224
27377
48300
55571
53224
31217
74955
43019
31766
89290
94408
38017
11427
24909
75737
5683
87492
34135
22856
88415
30289
92876
31583
38853
8024
96661
86840
84632
44908
22003
89807
50298
37247
51421
53757
95313
72113
73998
69795
47704
33610
2092
78247
41398
64951
60617
28909
96007
55435
21571
21894
40593
17614
90996
5047
41206
90185
77079
17631
17016
88778
4618
95771
97095
19013
77468
62835
89934
47485
85664
29983
57946
50609
88689
68756
30292
91928
88223
83613
77168
709
24239
93608
79113
432
58228
41386
81464
15036
89342
28973
85136
55839
91316
38291
45539
82227
52006
52675
85107
27019
90184
19317
81086
7348
59306
99698
47939
52728
41600
72747
64624
55166
92492
48435
61897
54337
3922
69040
98694
48515
74786
32772
3329
12587
68218
68163
64408
19057
8416
70444
82161
12715
50524
18478
55359
33976
65364
8419
10697
96723
62030
73161
65524
12922
60055
42928
73017
3260
74641
21987
93177
8042
396
54668
61847
13011
23591
19399
9511
1342
8300
77066
64390
46837
44008
39577
74685
29350
26467
14892
54472
89390
84986
47206
95957
92627
79356
26342
21144
7172
41858
13936
49606
61839
22686
98821
20652
62506
89154
92894
93886
96568
83021
42146
57941
97812
95245
11640
42813
77807
29911
74071
31837
21532
77067
61065
18219
14111
56250
11300
42727
6189
15680
93091
13124
17452
61199
20840
4985
57957
60674
73703
93240
35607
45680
38658
7287
59904
76704
29252
79122
58563
37264
44349
55108
2526
37829
36864
7070
87886
74320
72155
60561
61535
39936
73701
38431
83731
14796
96999
39632
37967
57053
24234
84092
89945
7440
73011
87098
20068
94798
54084
77424
45671
14077
62407
28229
49849
592
6486
12743
70279
36972
13627
85711
34640
18747
56262
52128
49732
97065
63544
12384
79657
31028
10506
70293
99343
29708
14581
64582
33123
47623
99880
26998
2207
30305
44972
5727
69291
36095
85770
99233
80160
50167
29465
28892
4165
72247
95205
30275
79943
46455
50096
17842
92559
91818
52247
84722
11358
63145
55780
3514
65382
54241
47099
89877
6881
89639
82142
66836
55678
27479
87030
64681
39259
22847
72097
73766
40610
16539
23759
49102
59603
95071
96416
65227
77147
55866
56001
9913
19356
27364
30517
69503
25982
23902
92621
82977
43297
92602
16943
32488
77458
12361
77930
19067
78214
66445
38206
51327
7538
35015
26076
13181
56438
79730
88672
86813
42479
83358
44862
30726
43599
12307
91837
35406
24613
62289
20411
94655
5866
80469
75304
70182
80407
3798
1238
72778
72031
70716
31526
14098
3229
66690
9642
33378
75152
85472
48907
17565
46470
77103
10357
90471
3051
41848
59027
89614
91773
56342
29072
78927
62032
19245
14865
69060
77044
92942
87220
2335
75913
52533
58253
42912
84463
33776
21110
57889
84473
21286
2689
76011
95611
25503
19519
34954
22967
2151
43450
14431
87531
44687
51781
26755
79068
92896
42957
67416
6704
84148
55471
83307
66221
36893
26908
68340
60713
849
98028
97299
28072
68083
66935
17552
29609
24750
27269
27552
66036
75643
23569
76668
18044
44300
1884
64876
99216
24708
41972
96640
59196
18309
12197
33010
9577
92794
22743
80295
2717
38116
15830
13807
54873
44385
15724
83176
11871
12005
72888
42213
84655
14092
21374
3806
54915
25181
85806
44520
87503
51885
68901
99640
48770
81393
36087
54803
21392
90630
6343
15682
30569
26322
1659
5612
28553
68046
47717
8306
72528
41396
11236
60759
96017
42107
79511
51377
32991
30566
13525
16254
54698
37053
84520
25004
65142
69399
68027
59801
15601
57193
18887
57078
59228
95131
55960
51749
15132
18295
36735
89884
73743
61393
51973
42579
88061
77315
33399
43602
62890
85591
75057
8772
79022
10562
36429
62507
90724
42061
92329
51811
80159
46511
48736
4296
33402
63743
68273
41755
34612
39270
56174
12203
3304
19600
34832
10728
38810
97021
37630
62967
62891
38666
11674
18758
85475
98016
63537
88725
79208
19140
94769
5014
31839
30453
27205
20124
38210
74121
55404
61710
54159
7978
30457
44028
66433
18082
66583
47834
34354
12466
49717
14387
56640
76501
20876
88930
25492
52258
94828
83158
52511
53067
47998
51969
96088
59882
81822
36693
80633
48326
40307
59828
8881
90072
19918
24281
17808
13450
70309
61294
61794
44056
25623
16525
73690
42743
31095
56851
63329
71612
74231
10623
71747
31136
81732
54163
78483
43833
99657
15202
31096
24490
47633
95519
16378
56070
59982
45427
23749
77896
84277
80404
66709
26840
78826
41963
98228
71287
59019
52927
8815
65092
32223
43145
32450
38416
82498
81878
46099
99412
74983
37160
98872
95882
5152
31790
84563
27566
18274
76543
4391
71881
19469
80549
52857
2224
32013
51545
84966
4387
16698
72785
44809
76197
29080
78603
49913
6609
39202
13105
3610
83539
32727
1746
98207
91753
51962
46839
97350
61546
61757
35041
51849
54591
97896
16419
17692
41373
92622
34130
96457
50669
10197
121
466
7372
20977
4910
9912
91409
37891
81675
69412
70447
82487
33426
58780
81940
92732
96798
60620
56940
52420
89100
52915
81944
68387
83217
90269
55863
68281
83463
39067
22429
8186
76046
19889
83778
41833
389
2538
96701
60176
17580
12595
8795
52354
61689
22524
69777
67927
61946
46690
49414
90354
22512
23135
40380
64429
27462
46695
88464
32946
83976
46515
99495
95763
88478
58992
92964
56901
95227
24426
36626
3617
97415
31969
34281
60268
53374
50638
19323
34562
73589
8995
19223
92806
16757
75478
68393
74115
16403
37616
24780
19020
92598
55701
8917
60502
21118
7678
72091
72892
26827
10858
48173
25247
9092
6693
84035
55
37892
71269
58536
42538
46161
42948
37338
51417
50218
16732
43682
14760
98393
88693
22727
32039
35026
25866
96771
7233
72099
88752
66145
33047
17683
1026
17181
21093
79966
31700
55438
99445
30810
11406
39943
91032
22688
65346
49487
10478
35364
32608
76294
48949
76650
3034
10726
3071
61432
31133
95590
91219
1489
70226
28081
89724
29041
34621
16711
70099
33197
8422
32646
27539
81305
85781
65160
17497
80666
88869
66310
91427
26446
22996
74198
16441
43788
33441
5480
46709
16853
93626
50095
11933
72436
3118
36147
29501
13340
96085
44894
35063
22582
32594
10509
44335
51373
55065
2854
96478
21129
22479
48364
31365
99379
91193
35478
52206
61032
28011
99221
89937
12888
45667
20392
16473
43267
43188
33028
70136
84155
44023
80566
89166
59642
13480
12196
25510
71571
65679
68734
96698
26001
49651
89730
2518
52875
80297
93232
76496
53360
6577
67357
92027
70036
55770
23819
55339
20374
81396
26214
53834
82580
25581
11122
97241
48658
8777
31273
20612
5135
67223
99680
36237
37646
39474
77864
35975
60960
5250
23154
57499
62552
36905
50697
79541
67055
28214
78877
37263
69255
90207
5000
57498
45105
87086
70009
84496
27369
33292
1313
11965
98295
2822
48325
30626
50634
96608
34212
74077
58473
41726
88814
19630
32618
49809
93199
287
13410
23328
43425
77671
64857
61725
4519
41016
59766
85874
69750
26668
9302
75990
36318
83478
16516
73559
47882
97427
69880
96511
65327
31269
66465
63879
540
8382
38026
25941
90252
77767
34586
73442
90770
23447
9287
48087
98792
64871
75918
21792
80624
13396
15367
32500
36937
42031
8791
56763
54393
46758
51795
33995
73630
5077
30451
73109
54775
96413
94326
50666
13263
27009
87924
36624
31054
6185
85064
93068
77954
10291
15545
10495
48612
38352
96493
98384
6290
41049
94547
74573
53812
75158
82134
32130
37176
32651
67513
20163
39566
23912
63585
23582
18307
53336
38509
289
4421
7704
97894
95701
78128
75099
94182
65454
77124
14563
45438
68337
43377
94088
83189
76892
78630
4534
86121
29528
12574
65047
86655
5502
22770
49398
80678
89521
13860
17877
43796
3624
29991
54093
67585
14887
65452
83889
82208
10818
11968
31146
67560
67042
49464
50736
15843
42695
64749
49845
96300
92462
33858
20763
7071
20218
83872
70587
90492
44188
8501
48639
81518
79051
35535
41664
7585
1460
56384
58752
61949
3529
82767
71536
31049
17219
41741
60585
32129
79998
51948
23985
49420
71064
71801
77782
30938
40121
65630
43545
14629
6135
18521
42342
16445
71711
17818
33797
46126
9467
75237
2081
77260
36632
22757
10715
11745
31625
80615
30096
74220
79684
8876
14780
58268
62910
58643
8236
74371
96583
19936
4309
86929
26292
43338
9163
60604
54607
11045
30266
37342
50386
79060
33738
70666
35852
77745
12570
6786
28321
84385
56027
11703
47470
57655
270
34597
43201
66768
21182
31522
40866
45944
10496
26151
14384
20727
40348
36907
6072
17036
76071
73471
81465
69044
87835
49662
61593
51057
65976
62807
69969
5074
36751
41827
59422
66318
27068
16944
35461
91416
76911
16583
82691
87709
12050
36995
76997
47866
54244
69248
94513
26730
97608
22105
82143
50435
14004
85563
36784
26005
23642
26278
17305
51683
49199
93740
46916
22894
33148
27992
84111
90741
49584
23646
48220
2712
35113
54962
13297
20367
7308
88481
56417
62673
81031
11586
69446
1826
98740
67521
6288
66556
22815
68008
76117
62447
69341
39867
38107
55390
11714
32564
52178
20815
94658
10527
20482
81948
19205
6097
18827
34146
24671
53206
36600
83482
37884
93428
98646
47676
41065
50751
88593
44849
60233
75783
77417
91721
33201
51247
51290
7346
38188
11608
86781
12391
65751
93774
86859
76922
59230
46842
14104
13607
387
53518
44488
53037
74947
31048
61265
13915
67814
44726
4318
69707
58374
91287
2571
40118
43948
722
48856
42205
78406
60771
86336
25789
5835
90469
19228
47944
67634
75733
22841
4720
77716
85153
30787
65057
14684
40245
18087
18308
50345
90086
86344
43800
17627
55330
50111
49703
39572
31062
26153
59350
20687
90446
96500
75657
32098
85285
37191
67138
75215
91062
20007
4247
96028
78027
91927
595
21277
65414
52513
29034
98256
36058
59783
73033
96054
50628
69168
23810
3479
79390
2841
4697
93259
18272
32004
37627
10031
1089
50307
46680
49952
49959
14190
72938
60797
37118
20553
91728
2206
1510
11116
79667
34531
55754
97884
83193
64813
27619
66141
40913
38235
898
80381
67687
93012
63636
44853
17442
97483
65951
96394
90519
17377
61439
60187
77634
83564
9006
47396
18011
47436
63656
46273
47942
25554
89920
30033
13232
92456
70003
53212
2574
66902
13714
89790
27491
20152
14621
19436
79367
1850
43772
88314
25064
28562
51761
51068
29921
88964
42230
10906
92714
41123
98217
88967
40340
70874
79967
4352
43723
22136
28412
40991
79568
57066
63941
18902
37855
81797
43868
47474
22855
19978
566
8313
61606
11027
10430
71415
88200
40604
61591
79197
39580
88191
82071
91505
85156
88174
69466
91930
41092
78776
68882
51561
9972
29306
8615
60488
62415
44831
4533
50724
58673
54798
31160
52179
39095
87083
35752
89032
25370
60709
62899
35132
86300
12764
63944
74845
42641
58171
60360
82160
86080
9358
30921
64589
25050
19227
98443
65541
86357
83381
17906
68243
26133
83762
33822
2646
64496
46964
1240
69198
16704
22042
63358
47166
10161
54773
61396
29156
48102
91672
80178
89960
68526
23485
31874
14327
31959
62903
43865
54584
78698
16714
39850
74550
8849
31799
46866
89037
8884
31363
8853
79303
43449
66086
66215
6020
3000
23772
75364
43620
73896
91559
24379
45038
81523
66084
42087
67886
23469
86631
13960
58565
26041
68540
4155
60492
61154
47185
1683
49858
5995
58321
41624
60425
27197
60022
83596
88016
58468
64519
10298
20538
14787
5913
4301
19950
86218
4116
1512
79866
78693
23720
78548
69439
77961
84457
86158
93314
25672
8209
36676
22584
26376
64351
45733
34260
56077
90686
52598
87414
23697
71559
98931
38272
52088
38993
59683
1008
58598
22587
80339
8322
60257
57570
22091
14781
95780
93064
74958
28584
17588
93262
4034
60456
4691
71897
37480
62054
33016
18823
69310
78802
77214
28159
63364
1976
7525
69803
25220
79529
27323
67299
28351
64282
81720
16632
31314
69190
63397
59818
80893
70706
29456
92854
31299
70402
70143
6406
37302
35938
3412
57254
20062
68494
69986
5839
27928
78328
34842
95371
48000
19697
63196
73810
46500
24310
35143
13923
68627
63623
92395
87921
20873
24021
95049
73024
75654
19761
80102
7969
13088
99192
74337
49170
58237
1929
62580
66246
83148
3816
20528
4958
40547
86046
52899
8749
77318
34659
69786
58359
91126
20724
91450
98500
49774
42501
62219
32930
62520
32866
31206
85035
79972
11712
12914
3217
67379
59859
9374
36698
78355
78345
59875
27471
15452
32400
60439
93453
47950
93856
81092
21171
62023
52731
10883
61588
79295
30824
96149
45663
23598
31784
55261
72104
57795
4640
30978
1406
77412
70981
62216
78816
73292
55079
83538
98670
92198
59010
6088
68201
20076
29686
12591
81002
69338
17666
41219
61219
17950
86946
45872
86
4288
85665
53664
66781
15930
6858
85407
37194
45691
43680
54901
96047
19910
39002
64553
88416
38932
2557
31871
9773
28876
50654
67107
48934
35027
17920
95948
16428
83173
55900
63198
67795
27664
94728
43319
64160
114
19864
44467
21060
2710
63083
38468
19502
9058
65423
29221
3874
82042
55580
42043
32474
59601
27681
73865
54687
64966
91145
72786
88418
92418
32827
26317
70148
52286
89938
59694
18190
41926
97276
50910
81570
15279
30309
17327
16519
85992
96012
25860
53587
48023
82488
75417
27058
86542
56927
26967
58959
48137
75416
95829
78333
77615
96791
31019
85362
56664
10776
2043
32964
66407
54650
3525
69185
2272
93332
66416
47477
10023
44820
95081
39407
18825
16533
55611
36118
88352
48181
99075
87122
47450
77953
84761
28643
36622
8955
82311
90692
73104
29948
64759
53933
93154
21927
1965
71177
20894
6345
8553
19797
48700
83849
64896
40019
22401
88473
93419
94231
82475
87526
99823
50274
88924
89837
33279
10686
50429
74213
91031
67368
37238
20317
48823
7547
68094
43535
12534
40932
68657
95139
93909
53678
63976
27232
2091
22741
64550
45300
34460
74293
8005
87032
65255
9554
49222
94382
77076
56177
75799
38847
4481
69664
32649
63353
50753
51833
5194
56131
38230
56655
63171
75789
73803
10005
34998
51114
42987
78612
55923
17811
3297
90062
30872
25632
61514
57533
48851
76724
59897
36471
9177
33161
3550
65411
12435
38784
59896
36666
42803
44470
94883
87707
54328
18839
55735
3017
49359
24911
11209
51994
94145
16997
46805
75757
28006
69347
31791
1194
6137
22641
17702
28821
90344
39366
75275
84519
1161
54644
86169
44564
6868
76186
32722
54314
66315
25985
54045
43363
82257
55785
59551
68015
80936
11658
22389
36941
48438
5781
49594
93560
72837
33265
53823
63901
67636
38887
4207
67489
59359
24427
1254
35117
59304
33394
32230
86125
81615
39866
30507
56632
27717
21396
70542
81850
89944
77250
38260
43986
26617
50641
69020
81364
69742
12352
7581
80111
19727
9785
94999
4067
61525
95218
96034
93286
15285
57732
19445
43586
29590
62936
54044
82050
7528
54835
92657
84721
9201
68855
8057
82294
10099
84544
4651
79277
97289
45252
5681
64571
75935
53335
87280
59868
31828
29036
83072
32753
96476
89633
8908
41660
47853
41501
70070
12663
58148
78096
91111
6619
60681
45395
12096
50000
5730
94017
12131
88358
13909
86483
87380
78648
36127
42816
70427
76637
95467
15054
20719
33682
57920
39151
86847
99790
68565
25356
22057
4868
50564
43389
60956
81240
10932
9085
38543
11411
44817
20082
24583
90511
78779
83440
9416
32794
99908
80284
55340
79979
71917
16822
14060
39051
23972
61868
44662
45362
64716
95279
65533
83412
93603
98220
33223
70605
67287
68824
44161
12919
31472
90346
41595
39961
48452
57615
81078
13195
18431
86772
25131
59287
92392
22631
62334
30730
79087
16308
98488
4224
79237
92640
29257
50215
65271
2098
55714
48177
46986
97225
44851
94051
62335
66129
21891
79971
40258
13606
79226
63951
85652
99252
16137
77179
53845
69174
88480
81026
97099
34874
290
96516
98060
97935
52707
63522
18376
92841
95667
51891
74308
6283
4662
56111
73845
1893
60119
43199
28559
60871
57695
43530
41593
87068
1096
26247
55228
41350
27453
18511
7982
63725
41549
4817
90960
65359
78364
20625
86534
50446
89328
13570
60649
15425
97282
52569
49104
52245
58986
1710
57717
65649
30044
33596
43453
91688
76662
42861
93650
61915
20106
34632
11434
54264
30419
49604
16048
65756
80588
21900
90170
27623
36252
18550
8988
66184
4692
90418
61916
22867
89224
16070
36103
3605
59664
33884
25124
86511
18083
74544
73910
13733
75456
22940
5773
2488
55912
39261
7140
12682
18126
42955
7032
32271
81632
55591
50258
8159
61724
6183
50336
57891
54064
66282
58898
25545
98553
48892
56635
43767
9737
52887
54147
99285
67251
46311
21577
64941
29219
65119
15077
37932
49589
51513
8633
13922
23103
19991
10160
56622
22357
82630
7340
43876
75362
70164
35199
57524
62660
37636
40924
67822
43203
231
46537
91646
36422
22636
87715
96360
15926
53565
7473
46998
52694
69964
3760
53465
27075
77122
74535
6299
14841
94970
59231
14341
46593
70310
84315
20329
77175
13963
72267
23483
35189
71183
12508
22752
18954
70643
95011
20607
27883
23843
82552
35745
92859
1874
18370
92110
2422
1597
42878
94801
80786
6001
42826
92580
17434
43946
41785
56398
21649
97679
3647
60516
73916
88104
81728
11008
95576
73942
45867
65137
56512
13593
53559
58291
3050
69171
63065
2672
88712
52377
59370
99449
88117
71792
40469
51109
43832
97112
27788
42341
54383
11471
8271
33396
75357
42870
75735
66236
3962
29601
57721
58750
95962
36572
85365
2556
24618
92434
46218
54872
88928
75107
93917
30643
45322
4030
43850
82394
52612
15423
23418
35951
15767
90440
84082
8624
4814
14709
84263
90402
75703
34032
43
15429
63037
3038
24326
64124
97692
13191
46737
35585
85369
48912
91882
679
75439
11332
51665
27802
12921
12451
8445
11318
22260
26796
83603
81351
41990
91002
51332
54445
83245
85076
13208
14139
92846
12381
76121
53885
29793
87749
26694
88329
65068
69038
31242
55709
36370
43989
81882
88961
54409
21367
92182
75383
98421
59705
85757
37774
58183
81848
35452
49716
70263
23550
22026
54580
17492
70034
34521
16942
40933
86446
18506
70965
9121
1485
19576
91024
33721
41704
47260
12085
55145
64028
70007
85746
21540
70487
80596
60156
67627
75181
7914
71847
92685
39274
52484
58527
96899
35740
30756
45852
34966
14307
32728
32726
38157
88236
69547
7033
16283
85670
33462
101
53343
35062
53632
21179
5579
45051
7210
12463
18119
12219
86592
62653
20282
21492
19617
79387
80241
85789
94890
91151
61222
27598
41331
30164
89164
94858
54897
42723
30197
41222
9966
10516
34725
46157
54612
76389
97967
47345
7935
2191
23946
89577
34074
81842
30963
67859
6544
83292
2512
88349
59263
70930
52667
51525
96527
22423
50973
43879
30795
67581
56094
80246
47573
92692
72709
31163
20907
91368
49870
90305
53568
30489
223
23316
67354
14862
37441
57575
86707
11736
68031
52874
13563
18279
2087
37989
81444
23630
72944
98420
99644
40481
96283
67540
73800
52778
85585
30440
58046
91711
85005
49343
80832
22499
90409
35312
3042
82218
65368
95192
68692
56973
55115
32082
7097
77616
82595
69868
49855
25037
78287
49960
22878
99794
72666
72846
59840
96512
86871
40214
32721
86844
66127
87481
12251
85761
16513
86156
80013
72862
6348
25762
67487
48172
71938
37628
26700
89928
64785
88501
53516
16320
15931
62279
11393
35477
57219
39864
10168
37172
43547
63797
4060
81283
26217
44457
61206
60950
10995
47148
63110
62805
37423
48520
1286
54722
47031
1939
77850
66977
86293
53203
34065
69934
48241
38541
98169
25543
92148
97771
74703
30551
28854
2812
63372
1766
39217
83949
21926
66387
10386
64154
7108
85234
58441
85421
63344
13
75101
98165
83216
57061
82547
11177
43461
56814
16880
4020
45401
34258
87126
96551
73433
97011
17471
72431
76300
90211
11722
77444
81289
99164
94445
7922
61153
8943
87099
57035
8380
70591
66997
16537
24359
51461
25916
79936
42590
57203
16415
80634
61698
85509
7934
59811
77339
90064
12901
57617
88073
72939
64792
65268
58798
39782
43021
14541
65566
38400
51365
42832
40126
49543
25524
19811
79152
72716
27046
1682
73432
55875
91351
28834
44115
9706
5376
34457
27480
43910
72695
49477
54497
44474
93399
16097
50940
91785
99120
19157
67760
40482
1908
78484
71390
11308
18551
30741
16008
70943
54747
97061
92234
1330
77762
74836
91164
36566
19691
94897
25749
60970
11661
82097
92662
43661
22800
94016
53255
88950
86181
87408
95189
93703
6118
10244
25918
62764
43454
61316
14100
38615
54125
48616
93243
14309
59723
57539
23666
75455
5320
83683
31905
94581
25321
373
36679
85892
84937
93408
37504
16440
57438
57292
56345
62010
23695
56028
69831
23141
70719
62711
95951
1413
20851
970
74488
23637
17582
47475
70680
88212
39605
75287
1359
65565
18710
33855
79375
96670
89522
36139
60196
78903
16447
83962
39077
62971
71554
85801
19772
30320
12795
37029
9572
13041
12433
78900
46458
97422
75681
61832
6706
43791
72690
82429
5492
61114
7517
19969
61922
35134
28699
28451
14230
20422
68225
28008
36300
4324
83924
10907
80884
43542
19047
606
5793
32345
82016
60416
89737
35544
56688
32577
51333
8342
73095
29242
10089
34756
39709
88327
39765
26959
34330
91142
65617
87357
55062
63487
65245
78848
37727
8121
34176
95040
76498
454
57104
73961
89
9654
1191
4016
33437
47110
55310
59680
11253
51079
53777
80830
6276
27333
95354
89994
18840
82843
92186
32445
68841
96284
54075
43079
14010
4991
8631
81893
13973
27648
46466
58392
74688
71232
80752
54911
71486
40612
84327
42348
23564
67723
77241
27498
41339
70891
60680
13205
20858
72167
11765
47826
12668
91924
55306
82209
84814
11228
14691
55715
95141
69641
94473
10274
73467
77450
52961
35719
20139
992
21746
21139
23934
37031
86825
31850
87268
78692
63194
32886
89353
76309
67702
48846
36780
99368
20172
83548
67051
70499
11329
39856
80845
83988
15544
78427
72454
79259
69043
30092
31081
96303
94714
57876
22358
88728
39488
66838
59617
17232
12875
63253
43985
28015
41073
92574
32147
71513
11725
74742
20956
95197
4562
9528
71888
93797
64753
75930
43712
41028
80561
91990
63878
69352
96029
19945
27032
95607
27078
23601
17246
1334
78252
49763
92171
37002
83118
62473
48852
39082
45945
45715
30552
84394
19034
70151
52691
39635
40788
48089
68717
47761
32194
9179
32324
81234
47418
75049
95901
778
86258
14923
1476
80382
51524
14599
96295
22492
83167
59562
12952
16909
80878
37660
60710
83522
56057
69594
36694
73768
20156
48341
28371
67667
19259
78535
90112
53038
96724
14109
62811
28242
32270
70649
76118
95666
98728
69136
66329
44775
85807
53756
5035
47530
352
95119
257
88585
64834
43099
85869
21867
65804
17722
63049
13626
8512
6828
2590
31325
71196
24908
7282
75645
93892
20530
55268
93288
98970
75370
86661
70071
79262
59751
66381
35863
34450
97564
40004
49699
56890
79528
80826
56300
23566
53455
28037
10619
57813
30375
57833
17616
92315
13842
7405
35693
29068
13489
68448
54676
56976
9500
21292
42549
99801
54173
91980
47083
41170
33357
40282
52482
28207
60211
30331
80000
98275
34327
85939
93385
40754
28666
84992
59262
89053
91163
18724
59954
58680
77662
32027
17886
62961
72374
24363
69023
92530
44094
51448
77797
74679
82222
76268
80014
43765
55172
73924
9118
71642
39040
52465
63328
90426
29155
88908
16246
743
55527
893
35179
35920
86747
97458
11625
11051
93628
15330
88393
6533
48584
72346
13265
12231
93860
8061
85905
98844
85358
81099
6411
16509
42831
21930
73300
64199
4930
38365
11366
83719
87667
14177
46613
79960
73955
28688
41353
26873
78922
14968
74912
62024
31480
35836
48196
82231
20535
93968
16007
91734
94633
6300
33020
50395
76651
37195
28771
80621
6472
6140
9505
10761
93567
78155
77354
74155
48896
79010
59141
70644
20725
62610
6432
4656
71528
93575
58509
45311
14609
60030
77981
7910
21639
71994
65864
59327
45017
64378
55759
31263
97752
82153
79282
55873
57897
24384
70049
50398
52355
68309
90128
96467
34331
58900
57124
7457
50726
41234
2375
93304
90436
82118
54876
12661
30926
18053
94913
15866
77309
14470
45077
55582
71553
30223
7607
43963
10763
76201
73037
69231
70697
80840
94736
62762
61846
63679
72986
33478
66457
25824
33239
69476
23262
64913
52649
13356
57286
12037
80744
49895
23426
16284
64085
97130
98466
19413
30830
6361
23122
12188
82900
42534
28365
64364
72480
4843
15188
84685
54446
51659
77621
62893
11232
23338
71824
8730
55188
72205
4780
80341
70541
23754
71813
71637
84932
71777
69674
84158
62763
41460
81679
3204
14061
73275
81151
49368
13167
82925
10216
394
50381
49647
53253
19628
81935
46641
63168
95640
4397
67151
973
44201
83175
14797
14931
68247
10064
61729
45923
70551
31382
76423
34411
14930
6397
22707
50197
20033
82561
77851
69743
31502
1379
79930
81639
43346
76130
20318
94609
59999
20310
55604
31658
22172
7946
63466
55353
10046
34663
31378
65004
12344
91618
95663
69440
50097
40633
60806
80583
97923
79752
47087
50428
32016
52038
27229
57579
89907
76245
2891
23128
31039
85292
36098
63126
61051
33543
73459
43922
55736
41001
94718
65900
91028
16985
87788
55433
98014
6925
78507
47267
85865
95896
20554
4941
58133
90104
5703
33821
93634
65045
62895
65156
72134
19734
40761
81966
11019
19857
81177
67098
94223
57948
77325
26767
93662
22538
34495
58512
11287
12597
33497
4957
84938
21389
79491
27610
55807
93762
4337
76688
90349
53990
50642
44945
30646
83960
18089
64721
66701
5542
6304
74762
98768
75103
96949
30456
32639
45094
81316
33021
64929
85851
85341
31683
78553
12171
69288
83059
69562
68322
77032
33707
95360
94501
89345
72869
6354
91194
42011
67305
13110
11093
2484
62166
52126
52871
45840
17124
93069
97412
77828
85218
43631
58564
88116
28319
70645
83154
92460
83445
18684
66698
50163
73048
57572
74075
65604
8752
38632
56737
37689
30361
57003
14818
13304
7057
61562
72213
24809
45732
57485
9738
27904
78730
50581
97669
77108
42217
4488
93629
61220
94280
92277
71435
90421
96566
75276
46535
82263
51320
7718
51199
20064
23335
29733
42172
55922
22553
38517
61263
99317
95083
19996
70627
24278
58384
31661
29962
49592
7253
61025
81897
24773
75689
13898
10782
22124
37420
539
68483
5581
62566
13696
98483
53171
72991
1210
78844
8192
32595
97386
23148
63452
69258
75003
53871
79236
99232
88295
28772
75978
90102
68076
97020
35942
85910
22066
75646
41656
68095
64483
59055
80770
49677
83360
68335
37561
19907
11067
5288
55999
61899
23827
68798
72851
7619
40051
54807
28809
14924
24825
35579
87966
17243
21162
19920
90549
62392
98182
82224
97227
67980
12093
29434
67074
34431
85051
25230
37835
96071
81774
56571
12726
39006
37711
63824
52512
70364
62956
74490
50970
35952
7382
25373
56387
25393
62672
86095
90265
93143
27587
86190
7006
56983
80900
97146
78725
46917
57940
85066
97029
92165
22808
58211
95632
44830
77571
88588
32332
75032
50673
39340
10863
65134
55335
12749
1989
4266
83879
70902
35948
45869
67699
82223
94802
57894
10032
79605
13077
52766
94123
45410
33849
96938
29240
10722
68013
78685
17296
40100
38149
52834
20718
56309
33823
98838
48168
72249
65886
36677
93818
83479
38569
11391
99616
59253
72455
84681
96440
27961
12269
6434
46913
975
47862
6528
51436
67866
43816
7539
82599
34583
47427
85886
36853
7990
97346
94006
8291
34748
23881
87248
8400
53430
55230
74683
42693
86053
41011
12315
63056
97488
72773
17368
62652
60720
94587
90905
66506
99199
6539
94727
32535
96143
77107
75923
7512
46947
10101
94361
415
88013
23420
28785
35959
15519
93522
70011
16823
65747
72231
90442
57999
26059
56228
34266
90459
80965
33505
29682
95914
74801
84452
84442
4803
35294
31052
46869
92420
15985
78933
28825
88905
60350
64254
70853
68631
488
61833
32945
25878
46220
32533
49303
49816
55772
18731
45248
79306
23612
76082
34102
90582
9264
19080
45784
52171
10148
81665
25095
79768
37092
86033
17908
25464
68584
81809
75756
5987
28192
38004
9111
72808
65083
55431
34660
47594
95301
99127
93415
27386
42744
92663
46142
55718
51509
9479
2736
62471
5016
2588
10078
52711
28295
2149
9867
53619
23347
90822
84510
65750
55331
39083
23487
52563
71402
50048
15792
97212
71376
43215
92571
37155
96603
58009
46663
67221
51619
87121
93132
88844
20243
5403
86718
29433
30736
37725
84800
27381
50206
73023
26549
3358
46742
99124
21105
90946
83540
50145
5604
10984
33130
28497
15263
95631
53539
16490
38064
84883
48052
95458
87642
1218
53075
97599
94015
44727
33255
42315
35202
81046
86924
25155
99998
79400
24942
77463
60969
34449
91648
86887
84588
72202
68285
36681
41116
79344
77253
37893
95402
26528
41719
68109
54165
78944
15266
28023
36494
89223
93991
19757
70111
7648
54723
72584
10155
55677
57773
91717
70555
80972
38118
3676
43025
76568
64770
38617
17225
40957
58469
84662
60848
95935
26547
45819
77441
91019
72514
29370
50044
13508
22175
7813
39481
76639
95484
8075
46037
84498
69983
35455
68208
12862
33463
96773
7727
53875
52458
29255
30688
35701
78942
65546
7695
52551
48644
62753
24172
83476
83026
12596
73995
66535
75138
39336
51970
92010
71066
50190
97499
82647
35340
65880
82772
14596
50116
3781
56768
5252
81726
91857
89038
41670
48018
6840
76410
97407
7524
28851
92573
54439
15958
89108
13248
8200
22680
33287
82820
45188
73039
68275
19308
74820
79839
39355
92910
16923
19997
21123
32254
9618
87054
85609
51945
57224
55167
40748
36175
47794
78085
96315
60361
87833
48149
74286
76646
61503
53836
98391
66571
29432
27191
86636
18556
48886
66300
97525
99076
83139
15175
21176
53629
37502
51162
48701
73089
60717
77308
39773
61666
29530
56720
61940
66252
21297
56942
53999
87419
29976
50130
52566
76920
63235
55285
89162
68803
53684
20240
79743
33416
26897
9320
40508
92549
61328
52878
85355
69958
98691
29270
58734
60177
99133
7965
39791
65067
76816
18957
48973
84222
55682
87693
20682
76969
96298
5107
75552
700
63360
11274
7765
13455
21665
75445
83940
79188
52531
17996
63861
91160
51597
36606
49519
51804
12224
76157
41748
91242
83875
22611
69899
64262
306
12896
80848
25047
80697
87108
76418
64535
8514
67028
56535
95439
39472
15648
58977
58313
98724
63753
95005
94771
65350
24725
51682
98173
17360
58518
34159
89966
89911
79563
48951
46239
63005
37717
70360
63648
50366
9168
34546
85336
65552
2730
4054
16253
74221
81691
69670
88703
33483
56415
14108
1317
13766
35879
12751
91840
56227
21084
42922
59333
53274
34501
19346
97929
65488
88362
71997
77228
98336
59349
26006
36990
96468
8895
69426
99247
63271
66632
46130
21151
64396
67114
33006
88148
88106
38664
49046
61286
22751
91987
77547
24009
947
55672
72676
96049
33409
70415
40595
72375
6383
40196
75266
62337
79938
17093
80282
6943
16844
71804
79231
21936
69398
26834
88720
2779
50361
72682
14613
64732
61932
19152
87713
11543
72183
58123
54489
15924
47640
42715
66759
8292
46848
28644
78207
26249
9824
5884
23339
54207
26052
33693
37764
9359
97666
64245
51005
46111
77690
93811
68330
73435
67356
18395
44686
92055
21986
60656
76129
27825
1209
89743
83516
29401
48814
4228
55954
89537
69100
96507
56869
66147
79778
87018
29961
57428
30638
25780
90373
59238
57826
6793
39224
39086
42046
12227
14117
46234
698
89090
77804
42045
29440
72043
78197
69307
46314
33740
57626
24223
88670
28681
47833
19853
25437
38943
76706
10172
7668
54622
61201
42333
40772
32158
14090
52035
25487
9907
79205
55016
80521
87267
11778
10263
40951
19780
91189
7021
48521
82091
94476
16018
92856
2304
90533
99443
67550
91689
82634
42245
44036
8852
49169
74319
49293
91831
59312
73904
72373
16566
9939
10751
85022
72556
94430
41835
21923
98051
30635
19125
34590
45040
61789
93747
55908
98818
32379
14640
73635
13816
19885
69170
44098
60370
10466
40423
26504
11863
78227
32965
2402
92247
16990
56134
55809
68948
69017
68886
41241
36310
61705
61906
49510
23526
33169
72703
14211
21016
44969
54691
32791
13568
36121
70373
34231
65596
37483
93326
31634
26263
43500
23060
44636
39385
58296
48311
31656
72702
47373
30098
98541
22946
25803
17333
7735
14879
54641
2681
88690
91819
11760
71467
39060
21716
25385
4238
46258
45004
57562
33351
7700
33662
5322
83085
40792
57593
42372
95798
22666
73005
15422
3865
229
24253
6018
80962
8369
30461
32310
94306
89165
12117
81392
86373
38005
31857
57273
93128
95464
77845
23814
40382
16481
17050
44025
80661
58138
92891
40690
41518
87670
11047
3087
38196
71719
96195
83443
669
94797
96878
35989
61910
89906
67214
64181
24493
26338
25986
68320
48013
88546
86191
10342
12100
70595
98924
86960
24075
44323
64697
88378
36234
97097
56829
8823
80441
87842
55935
12151
20711
61561
79217
15302
72522
29146
72929
24066
26580
727
26900
67049
67763
60369
20633
42572
3537
66600
80946
95743
63254
97013
43771
17997
72142
72218
13633
67735
48134
18636
76652
8922
72212
5140
51999
34623
80432
53762
71811
18872
75901
81483
48624
56639
48579
78419
84614
61673
23914
46657
36777
30297
77552
95794
52818
8645
11180
49239
33681
8001
97654
51768
47384
48774
20402
59933
66035
90408
39417
93778
14867
18606
27306
25402
90404
42604
61218
51719
6614
73776
73723
64307
63706
99374
93907
1812
74437
36704
12620
53311
63930
8124
30852
42858
49741
13679
69639
75326
29091
12313
50791
47106
45134
73217
89595
26145
10038
94844
24008
45709
53190
87558
57694
93671
75111
20982
97201
4608
8673
36469
26077
70110
180
33557
67954
51195
78567
68587
86861
89500
91297
1190
26645
9973
62093
73587
36082
3194
14504
28082
19555
1462
42504
64873
53295
37675
50068
37137
3223
38618
89662
99863
67468
33215
88335
65618
52432
47995
78070
87839
44089
26594
64736
70366
73002
43610
54903
5051
79207
53844
9191
63429
33240
20495
2673
11730
21484
86673
15047
25522
1242
86681
45855
64341
98290
71025
19172
31307
24395
28179
30356
92778
73623
89493
59895
40296
33963
48395
21694
99066
49425
75640
14942
10699
32366
82830
83665
65507
21584
74189
88038
44518
46587
11738
243
53028
4730
1156
78030
40940
58645
78657
68496
48216
40028
54886
95314
1448
30307
69084
29990
61913
21407
41534
1278
22884
89069
99666
67340
62577
65444
85080
88536
55372
44408
29688
23659
4732
82206
23704
30611
99148
12742
51492
71281
40018
87418
51874
47429
38758
91558
32909
39486
53368
50561
76630
11026
35672
89422
67908
95574
78229
13269
47060
9708
56658
13186
17846
8656
7821
3599
5419
88892
16778
42283
85817
27146
9423
677
67078
35513
97600
1628
25200
61070
57707
80737
87422
78231
89339
56728
74746
26162
51213
60716
33626
47143
70156
57177
66756
18972
20965
78265
37348
36131
48723
25296
29791
27695
85209
12172
50421
38927
5054
83191
31440
70023
80713
60540
41176
82698
33204
29836
54780
96896
28623
71320
39191
55516
33623
71551
47849
69485
72876
42290
52372
67871
95841
80863
36002
66379
81645
52349
61091
33397
76066
37993
51299
86513
21204
29222
53342
19453
76027
83006
98858
53117
80189
67577
6520
70407
12275
29142
51376
51915
88033
2355
35543
77460
56919
91413
3591
14680
93066
38799
8349
77773
65659
46932
12417
35773
26355
23090
12257
1469
3076
86131
85171
30503
17884
29521
2615
68234
13241
37937
35290
57365
51219
99655
5235
66181
89340
17499
92948
24653
2106
47316
35495
55528
87669
39395
45453
23652
21771
30460
45414
8718
79764
70352
55110
83304
64026
65210
13349
15638
2698
21786
49320
78681
99203
46683
54394
74241
1540
96473
9596
32506
97456
35177
44306
99693
6673
22305
72147
9853
88618
63012
75610
98974
39143
26257
28457
87393
3373
50722
41072
32286
20015
68545
28409
89114
54220
60231
2892
23690
64311
60550
99292
54571
84347
95188
89898
94920
34298
67876
39756
62942
2761
57543
52592
96375
15365
76554
42221
98380
6992
56650
72743
17608
74054
34652
13290
10098
36154
84432
93982
78478
13747
22683
35809
76120
64744
2146
23718
30763
83451
87264
92800
14944
60070
9703
19454
51209
11038
15787
84273
84489
10592
22452
33904
80428
29583
18115
8457
77595
73706
35555
87046
80195
97561
91265
52268
70866
24845
46975
15709
63479
16350
71276
55332
70685
54200
91289
80134
95538
52064
30172
44242
29347
79153
54101
35281
50498
11140
78023
42483
30982
60729
18228
57922
53086
36579
21721
77949
89458
22924
29992
47258
48357
48246
60102
515
190
5450
48391
83464
56956
56880
30365
22420
96648
351
83044
95460
26352
62132
32609
71820
75401
28549
82907
8833
93124
54198
97019
91624
64451
47091
17136
61337
25616
54500
57803
45375
53752
61037
81222
83853
5009
36987
71334
43080
89648
34753
12934
22103
96354
52939
28903
12846
62027
99229
14633
82745
44208
97917
21619
2675
50510
78476
66376
36608
52780
91756
76303
80287
44258
96854
69444
58137
26602
3815
22485
55151
26046
64223
84382
24093
27495
58443
35608
77120
4896
788
39031
28387
74690
21231
43872
576
58963
89974
18805
17072
43843
31908
79921
13443
44998
25238
9219
45622
67680
73526
87813
82558
84374
7565
27466
36758
25117
18920
98426
80466
97747
96131
93784
89278
69359
86097
40426
89269
21014
79488
99524
54370
69950
236
1402
30531
6629
28990
92506
49055
72593
11959
35810
80540
59650
74305
27609
86620
13303
75924
31802
84815
95676
48481
41594
16064
4606
87451
71708
66764
28747
52634
11562
52487
2078
77134
43827
85681
26456
94680
28565
85391
49116
53805
88444
68683
46609
74078
69567
36586
25430
57582
67259
75449
31676
85381
32864
86323
56321
77239
83075
67971
2406
43110
69354
99918
46826
12694
37641
27744
50741
11035
69762
38361
60378
77384
94106
96685
29919
86264
60764
83944
96743
59486
42464
86241
66975
92280
9131
57937
95929
87222
28886
15667
75713
90876
28329
70142
36321
55824
97140
3726
6061
87740
6831
79621
31941
85173
92241
27107
99425
57427
67685
95303
47259
838
64417
3227
89727
50396
49872
40743
35514
38211
98622
74916
44096
64288
87315
2230
75880
96630
29774
48213
26080
24645
27559
6027
8193
80577
36971
1702
57697
93679
74649
88400
36576
40889
68766
50201
88377
77203
3149
1800
7951
77942
10325
40617
46599
82165
3997
64659
62215
82719
85922
21029
93624
16291
19264
79864
6689
7093
45772
3253
68512
45130
97957
15417
73899
66921
49874
39717
90296
87493
23365
74301
23944
33560
69543
82966
19194
47076
21251
93284
39651
19208
68578
53606
46949
98337
45510
81906
56504
2528
54453
63233
69473
52589
6646
23026
34646
97693
88432
49490
23729
76873
75999
8926
74492
11647
72308
20174
53477
34306
61062
58639
11072
33617
35882
85429
41103
84573
61118
62414
46429
58431
46729
36605
29831
94376
88194
71203
68458
32817
64484
35600
61984
28220
11138
50367
60208
15702
54434
49691
69549
56026
83377
66594
52080
29179
26510
81413
87683
37541
94384
63461
65934
2711
45353
83983
68366
20693
54176
81469
55490
83964
20285
89149
4022
39341
51134
83109
5073
75542
87236
67058
98949
69139
776
8669
75065
70328
56166
30041
77290
24351
17199
73247
78132
98940
64705
48854
54158
186
90367
29636
62607
19645
54325
27420
85660
24607
6474
77194
1345
98326
71610
91858
42129
95792
5129
7368
26297
71802
46062
43004
77022
14666
99986
30879
54455
31810
71987
8328
75331
91264
79579
7434
78807
33716
91637
32486
97862
55559
21220
18503
4467
61060
50710
83580
16125
21178
70581
72199
57007
1251
92388
14546
20242
95365
5525
51645
46123
63754
5157
36567
69661
13331
86991
66260
5672
19146
45556
83820
18908
97433
77183
78007
3093
63695
71220
89852
68198
39841
91567
60041
79731
266
34221
24462
32659
52203
22163
77699
5421
97572
35096
40921
96206
84582
41113
95872
71412
60566
74763
32948
21099
53980
59234
33277
63891
9798
28674
66855
51544
72282
66280
7323
16032
23034
36029
35587
48890
54498
44134
83697
76516
4394
92
41185
51069
67928
62828
97805
82856
59720
29048
87977
61734
75044
85794
22769
99805
2508
42627
72865
70001
59198
30868
34139
95340
30804
59574
29303
73163
26973
2546
85165
41529
47766
7283
82022
98162
50816
13137
2731
1883
5553
36454
99588
12459
24681
1002
74558
40751
81108
36217
49230
53862
28755
81110
63787
62657
26822
955
21303
79536
19677
43905
51177
20362
81218
6636
68445
30405
11006
14839
50335
76393
6023
63281
17533
6055
34775
80022
16818
70204
54262
21189
32773
83168
74971
41330
49834
44270
97943
5139
38200
47357
42196
45508
43231
1968
61476
10921
7084
72473
99898
50213
69866
49141
70004
65727
14153
74276
16464
86457
11197
55862
66607
9024
37144
11936
32786
76511
49836
41472
86370
81169
31230
77427
35749
75748
66193
42569
23388
63542
82625
41074
44402
18025
84848
54216
15386
90163
44757
76585
50992
69378
92238
2209
42793
52630
66934
26288
49993
37245
77050
80385
44914
7275
65024
67982
88705
4961
12220
48543
46851
19370
79569
62036
40785
27822
67348
5556
23919
28301
82525
14125
94525
32679
61925
35169
79475
6470
33134
1451
16365
16802
14939
89591
64852
66807
73827
12556
25511
48707
50154
48314
35744
3576
61576
49083
99170
2143
44871
81325
79201
50070
9801
38307
5978
27041
40317
49157
42233
30672
29651
63631
86024
97327
66557
41878
18125
22809
42451
11343
19771
8329
14497
74936
31582
83406
74942
75739
83909
82322
36669
61669
83661
97092
12882
78763
64329
87269
26296
62648
25225
31076
25138
43010
92589
89036
28449
77688
60110
26121
54842
52143
58206
91414
62228
41947
16963
11237
41030
95038
21940
84826
22749
46941
71558
32840
70233
86585
77563
4068
93667
64237
33920
57900
34733
49958
28720
11623
67053
11226
63827
20209
90834
75257
18281
63033
83186
66899
39579
72294
27786
73646
45882
65839
7587
82181
20733
32915
54066
81125
87879
52489
21533
69946
80012
47870
92331
17329
21820
41077
68470
16697
83089
94648
11298
68611
58975
93870
1031
6627
90923
63761
76402
25855
23005
57038
75298
77445
72226
11854
7266
78063
10154
75148
16554
75042
86842
82857
25003
20622
9792
63720
88686
37913
58203
28891
53462
27694
82921
38787
94019
99026
38350
36952
11439
3064
95316
61956
52988
28290
63430
33305
59258
74752
50302
8201
30498
6635
24856
54477
97411
43823
50836
99811
1531
65759
81987
75214
65023
37289
18640
47285
52522
64225
57227
84272
4104
1836
1346
81453
86687
90525
29932
92355
91292
20665
71202
14738
40987
11131
89442
41253
47180
57218
98257
32632
34
51271
31970
39454
44113
88547
75609
10153
4311
23514
6702
87204
41877
25319
58373
96618
52326
75177
40639
40300
72457
50424
82413
9481
82387
63226
43030
72120
12551
71230
77697
63719
17922
94615
68880
34324
89143
52973
69053
78107
62047
76220
97688
54889
17431
85800
70828
79845
51911
92472
6353
72166
79633
45048
71139
96040
24819
45000
37626
12603
57180
26542
38757
62063
18045
70679
54273
31114
49745
1062
54802
42074
20584
85584
49154
4601
90513
21036
46463
14560
81990
36440
10139
7717
60903
36398
49547
1586
71186
48355
34470
58604
85642
10009
91285
56446
34202
52811
15530
95547
54048
97748
52012
70380
21383
96249
27762
19792
16285
98240
81949
59546
49314
16200
26116
47493
93851
85119
34798
70472
9720
24448
6067
67811
33936
86110
99971
71331
52238
31531
11815
613
35305
15504
10343
29074
21021
75821
62207
45722
2756
42837
85467
56009
52435
55849
33864
88591
76556
85667
76604
92170
79266
98195
17927
72214
72628
84215
88433
79757
1516
24978
44431
58625
55556
41982
65613
35229
46925
68912
26449
47290
24832
62628
21842
62687
51506
79224
20809
79766
24606
62509
76387
44785
16060
73626
29138
91073
84435
56564
33923
23606
49331
69637
82582
8587
1698
71237
55764
74402
75782
4734
23710
27881
56497
79345
79512
17115
10573
7853
5418
95627
33892
79656
86615
5565
32420
46650
68314
8790
68077
62735
49670
97702
59357
79269
94407
9170
16735
44766
44032
25157
98125
37076
9109
5994
89902
77560
95700
8104
25392
96239
83826
34186
36053
50469
77890
89981
95864
33768
96581
72780
99503
93587
225
23554
2077
27172
82350
46385
55301
34037
75861
45569
649
27982
56106
96589
71347
49748
34681
76315
17018
56201
52699
4884
21944
87834
40724
55544
13527
15503
20471
78080
80520
81278
92980
42161
26344
30772
26968
31316
26201
55109
71006
1699
42379
54465
95243
11242
90068
32060
5687
92656
83205
92646
6202
57029
27237
43381
43393
12125
12187
23828
55910
63734
49333
33150
97051
95033
19321
79619
24154
32188
63197
6145
54682
42005
34136
50820
8362
96597
67022
28597
21788
71330
76114
29513
12799
51325
49541
27738
11670
13204
48857
850
30642
53746
17786
79551
46577
27169
12492
48794
38435
38513
25794
5362
13509
72783
63018
77536
97798
58451
959
18879
38127
69995
65266
17135
51904
98903
76906
32035
56948
38282
72275
50149
81997
7384
44664
49768
41929
31703
32828
8302
59033
41906
84838
19251
49035
8992
98427
13638
40108
59146
76343
77922
89650
88753
98826
19153
69408
70989
65849
75019
45610
53730
92239
21796
10442
16742
16893
19378
17532
83999
76588
3614
80349
35507
16148
889
31051
87608
59560
25278
78241
86863
16140
12394
71017
83020
8936
85432
22518
83312
16967
88172
90386
20521
60136
33266
60405
91102
14782
27899
80344
67917
30997
46390
28588
13574
54063
34690
59169
41976
18138
55831
12848
94789
65657
70869
87745
42794
85873
48572
75626
5191
51843
11507
8519
28206
15326
41634
37051
9420
83690
26567
96344
5659
38338
86188
67337
51466
61204
61558
32452
78487
21064
43625
24316
79132
15219
1258
34077
86722
96911
26306
77837
25337
86904
92150
36713
78610
94531
17506
24535
94
45117
37424
68067
90218
54830
53314
25100
54276
58562
93850
55884
81585
81379
27511
72693
24941
11853
58286
9660
58012
85224
51921
16872
69698
83558
69625
1376
47048
80605
33983
1250
28646
86065
48798
79026
65036
58062
97184
66995
71059
59556
12960
10856
35988
70505
19503
82410
89681
19052
24255
79389
78086
71678
98398
14210
62964
26939
64985
82125
21785
83936
78686
93853
55140
13848
90767
50226
23396
57058
45370
71045
43307
88030
64460
40264
8970
560
10095
92433
91217
4369
6107
58516
60009
49282
65746
73866
15660
68350
10564
75448
40385
86807
35715
69587
5598
80353
53691
56410
65640
632
66107
87364
48075
24293
75501
4841
35038
71074
69226
10893
13895
3653
77530
42876
13994
19836
89279
22633
23287
25802
22890
92118
69615
71703
27794
44505
51725
11089
73286
36069
34957
45964
7975
44370
49328
5540
80829
83675
15114
88014
62156
26971
44074
56833
62781
18379
94931
5109
40133
42395
3379
33760
44481
85820
67996
21049
85274
65941
73977
58221
67248
47771
14119
88286
72239
13483
85252
18842
17656
24422
68164
8657
54661
81335
69848
53705
39862
45179
41766
43639
27743
33321
24537
24237
78947
14315
41514
97154
97141
77275
24274
33611
65838
84005
61001
59120
2308
20739
23161
57815
57008
6804
61291
51037
18158
10794
88179
1856
62379
63157
73388
92349
36778
5663
92407
25516
15078
33660
63244
45433
92454
50921
84801
43974
34471
32074
71679
58124
52555
44388
12215
89351
73009
1723
94722
34084
75348
64727
78300
85799
70483
45602
21672
93214
75714
559
7776
19893
80186
28259
36166
19858
40391
11971
54097
59879
76698
24200
67052
28225
3835
7905
55130
69928
48178
42435
73634
34271
59506
73595
79364
2395
91037
51517
20760
99788
83172
60659
45144
51505
58597
13722
95122
71672
49978
89811
45361
8226
41037
13345
73128
11569
41312
1057
55256
27313
9040
97046
55131
27669
28358
33172
97926
783
51125
10258
91572
20023
86982
31797
38059
63630
23621
94688
55630
49
64083
7952
6084
31507
45397
11297
68495
24156
58910
97440
44547
4146
73445
6195
25226
42737
73715
8240
50126
60467
22446
23273
19737
7237
72730
32173
4226
94413
88469
60104
2550
91861
45377
2117
13221
84515
57647
60723
18907
56699
6967
71999
78413
67486
62576
37908
35568
60280
8197
35601
260
92249
31779
6675
1885
7669
43744
86933
54202
92578
41577
87691
84672
73046
34996
52979
64260
71901
52831
59682
9310
71867
75638
32809
90462
4683
30225
73553
30618
30243
98886
92609
25737
53701
47382
23774
27780
71131
4214
27192
60917
37783
58002
22606
63780
33570
82692
60197
79410
33942
85298
97727
32044
16197
15454
94533
23389
80208
68304
63889
1551
99333
68796
9716
94991
13698
34904
69586
46603
7135
78115
18699
51710
46045
81220
61226
79302
60558
19770
72795
1113
72094
15246
28384
19683
11418
80788
51035
24945
35750
4553
48041
60327
70934
11626
1477
68647
50382
13613
59138
26246
29947
95888
84262
36037
43585
41522
2686
29845
86284
57972
97609
91212
83398
48065
1969
71353
92327
28832
49900
6460
2951
76902
30479
2734
52754
54342
50863
63491
88144
795
8979
57000
27095
23254
22824
95891
84679
73575
24421
2074
67133
16591
49148
50721
19366
45435
92603
97005
40944
74919
55843
53785
15576
28380
89848
30274
5608
24553
78772
44422
66833
47958
43137
82741
36804
94559
24798
35690
58226
29276
83416
59142
90158
28353
42337
1899
30302
25595
92183
36898
77004
10104
584
60060
47712
19651
20814
60892
46927
72990
17328
17854
32320
87176
41955
73574
29239
58248
54266
49310
85630
49815
67659
28970
3060
50033
56046
81631
28581
63587
60357
37899
46534
56230
70318
78820
37977
86959
81789
15450
26520
76470
96384
54456
14331
81380
35341
81129
32983
77777
25490
81287
92335
51067
87614
97392
81479
87461
23019
77386
66618
41122
24630
2706
20735
73425
40853
25548
61526
14481
75902
27437
44948
48449
74738
82485
3326
44764
93139
87390
69262
96860
48266
74691
26067
10365
27900
5531
88422
19202
73772
28850
39569
15834
34285
95978
83816
55164
96133
35098
87191
68256
86151
90007
63682
86968
51923
9364
50889
36798
62997
15062
9598
59628
74728
64353
62918
76177
86477
84078
46028
70432
80429
95810
37527
84392
56654
22947
13464
11619
79842
18990
97216
68133
21242
44953
90802
39379
21979
93974
6357
83041
2763
41762
30327
35502
42850
41296
23136
6696
45464
63004
30458
60596
64766
70953
70500
84377
52319
1497
38842
67193
68977
17005
29409
41078
95599
66454
9199
75729
33206
53373
76757
73562
44234
81402
80807
70632
67902
42632
46378
32903
37828
53825
1427
80222
91855
48544
55750
98705
87620
34210
82005
51537
97883
87567
62357
19682
91576
52063
58209
75229
58682
11702
10399
18069
26990
86850
73751
53257
72959
90855
28445
91382
39073
61303
39589
89585
160
37398
51127
38797
79610
85195
79013
48153
10083
99701
2018
42298
12736
38456
74168
32077
67915
78288
79919
39584
83980
62574
97467
94479
72860
34465
50188
69311
53369
89456
1519
33314
30591
36614
1432
4320
40727
3261
83105
96053
84294
35516
87056
45843
74553
69568
25837
57361
37467
14529
44997
35379
94224
91577
69536
8860
29107
63952
70235
4109
30025
16488
64936
53953
86523
99067
52353
99940
512
47739
81550
43804
17511
66063
61372
7020
54180
9129
2887
74863
31110
10644
83235
18358
249
64073
97495
75035
18333
39381
52739
79102
38818
2917
70565
53941
89738
5570
28879
25293
24670
17027
72495
29493
49316
16366
7180
58464
72026
39975
8039
91376
76835
54806
22785
4657
10127
12844
83581
60052
51221
82637
30550
72146
91531
51976
2544
38303
3643
22941
10377
71541
15203
44822
41791
83729
21909
60807
63668
76753
99980
8315
47139
19449
30175
64995
6123
71351
13319
4463
51318
66528
30822
53663
91815
92122
88320
53889
7639
15517
25591
73258
36196
72767
62399
62020
13804
52169
99046
96106
86351
76785
21039
93783
59182
10666
80027
46659
32184
36712
82476
62591
59746
27194
52029
3594
46460
65224
15027
57024
84422
3645
28952
93523
29378
49916
81333
96122
75202
4812
50574
76291
62959
63786
32662
8406
45976
42427
7747
99102
41777
43623
1280
26640
42304
65923
28153
13944
25266
77094
68854
46229
40552
37992
76395
35569
27099
70808
90359
23085
35726
88214
83952
70841
52137
3858
75991
84880
84164
76746
76612
40538
77964
88348
62088
71265
72625
23177
51051
5571
72636
96729
3763
80824
27628
5488
35484
14199
65991
81681
19011
88886
56499
14820
77810
66018
1046
77641
86993
55771
33125
22911
26656
37927
65543
64591
2902
35261
29509
69267
58644
59365
99450
27593
61917
60043
28177
11012
56769
40292
41102
6215
45909
59572
90280
789
50732
18764
88543
66116
49367
2217
70933
88551
34950
86657
5059
35547
50578
72683
40960
50528
10739
82841
21126
36314
69372
55050
53636
66591
66230
99186
36961
60468
48795
79655
11967
4793
35081
29438
3022
60830
32205
66953
37397
1142
4279
6808
75072
35987
51390
28640
30966
23381
72356
45698
25281
24786
33076
92164
53541
19104
16001
30117
66536
71249
96664
2353
62855
59580
69932
72317
51841
41192
410
76679
23352
11719
33517
75687
54319
31670
89059
35283
22520
78632
75422
66096
36882
34877
44473
26435
65982
70884
91759
74662
41038
58719
83363
65107
79586
50416
12327
33419
53598
8140
26683
34442
81995
93670
42649
87483
30743
48317
64412
52996
58887
18448
64682
22626
82
62754
49475
57591
56263
47289
20918
91746
92808
59892
95866
33749
7333
20662
47634
97619
56744
6634
95431
38606
11816
40286
56585
66595
13193
31057
87773
42236
20230
74245
75068
70888
52621
19032
79104
1454
45150
7804
1613
87361
18331
53921
67911
33539
95442
50668
268
90458
85988
69634
26148
46217
94810
69694
97589
19935
60724
33364
94105
61019
43733
82098
41408
20051
16832
26235
26274
86471
21872
98270
34935
69916
53544
60853
38662
62481
40603
63363
37333
83218
80412
57544
56273
87299
58742
81260
22511
35675
22828
24171
83734
98675
3380
24070
88719
38169
72570
49861
78109
91571
8903
49750
95835
61697
90004
5291
83871
46573
22342
8591
72727
20046
52704
81124
19824
96116
85570
28950
44521
14471
90261
17401
19684
1950
51352
54201
94782
88461
77123
67196
6323
66304
62157
73006
6550
15034
44723
92702
40771
45973
87377
90177
64585
56088
68991
69153
385
74821
57814
19171
28085
2367
57310
4705
47241
93501
9948
40250
38001
28541
13750
14326
49672
77036
28486
69621
16088
44624
16235
55662
13043
97127
44913
42748
54209
99251
47614
53225
20278
3539
80417
25358
43509
69626
40155
81969
48428
88066
56906
28049
61448
83751
66625
54520
95248
4136
99490
13587
49366
37621
73307
2122
2257
62372
98576
55562
77758
94665
9849
63791
5438
17324
3629
61357
46349
93348
94456
15496
60779
11280
3602
38432
42628
91485
90389
80257
42355
79787
57482
66212
66699
21962
72385
63746
51218
37255
35480
80373
7362
42607
49523
97023
55493
66016
23198
46416
92935
62345
38808
62277
60045
76937
50439
86330
52812
90276
48959
36956
92052
21671
96042
53943
40361
91587
11013
35268
75642
79395
2313
23876
77752
6886
92849
61758
72897
33789
806
30939
23588
1437
36742
60782
47538
18375
37374
86762
95802
5227
9781
27531
29626
84378
25835
23856
12309
27891
73979
76943
64600
1326
82657
53136
21652
24723
54378
42565
12606
69417
39047
27004
12853
42700
55142
45757
71908
4204
21730
69526
51043
78025
19565
15167
66419
78103
14913
67376
15294
63409
47135
77314
19959
4500
64228
59557
48645
30622
94226
44553
83126
43460
83064
96627
98366
17295
62613
4187
1881
65783
71403
36132
31109
2476
90025
87397
44759
96008
79447
54982
8994
88748
44198
50804
22320
33772
36884
90947
27730
94340
46751
80586
50964
56414
29200
32210
21472
58707
61895
36906
90249
36801
20091
78496
1871
66573
20382
79460
31145
96571
10435
35365
78415
80285
77256
2808
47697
76557
24418
31267
63931
4998
14170
64696
60747
97677
40965
48648
94217
86882
67617
23337
78324
92210
2636
8372
43928
65096
4153
28208
65278
41124
16736
72809
51926
83413
1872
23351
27403
88376
40428
11885
85639
69815
57491
49824
89377
31640
10543
48555
28247
57431
44288
13962
7602
50650
60212
57760
32739
23321
27735
61335
93148
9941
67396
63642
65059
83054
74961
53731
37055
36648
23110
31570
61618
49423
78165
49769
7298
33414
97690
12738
28653
11002
18368
70029
67868
45407
28406
38604
38699
19987
62535
35109
89025
78362
66996
21693
64695
28230
42140
72062
10432
89957
25009
36652
5425
48528
37676
5966
21473
17674
3593
62101
57071
28243
31873
39554
73340
84974
58452
81654
62817
6374
10204
79409
66462
36283
25027
57704
15562
93101
96654
47105
15437
10147
81363
71561
76625
20800
27182
18548
6009
49808
33624
69768
9647
91613
97514
913
59841
67683
11010
37364
12782
61433
35023
16734
49312
89684
79229
81776
27374
26050
50397
96003
49258
61580
63497
2766
92304
39981
41923
99493
60302
90131
10103
38714
39696
90545
75122
40490
45020
91686
2860
73969
80030
84658
10937
78114
82659
63011
25375
52702
20017
16467
41266
50693
28460
77017
36288
59894
63582
37902
80740
3278
56112
29210
14736
23080
86396
49486
54824
25992
97139
1029
12748
68597
8904
98487
40302
5761
9940
70101
11305
7137
30273
17164
80638
69092
60826
24712
36974
77759
1215
80836
87654
71633
22554
29922
76424
82127
69382
40034
48609
98785
72446
84340
9133
45200
55697
37648
78377
5957
18794
55926
80794
94140
67997
79284
18547
39596
83585
40820
89080
68547
46911
63860
33686
59752
70449
71557
45126
51074
74788
53589
22158
87166
81899
65801
23043
28201
66624
70673
88502
19458
32917
47672
47706
47680
21033
53719
77718
35891
36393
32565
47338
50936
56534
41736
80720
904
51438
45258
65061
54540
24619
54169
36097
26261
36187
14626
60270
24133
85025
81648
4572
6887
70269
63412
37767
7854
82508
54078
2479
38367
26365
77190
53361
20938
48378
59020
20631
25024
67981
18408
98013
89872
71063
97954
8080
54782
92636
44992
34692
5552
81912
50869
42385
34962
87229
37314
10669
28521
93754
34863
81505
44656
11483
63158
57584
25540
5356
78029
64677
99100
43752
27111
59343
47363
84782
8239
94806
51511
71489
697
71335
74381
10616
43052
17667
81614
54906
89095
11528
36489
37190
35039
52405
89799
9886
29122
67693
95447
72201
64305
97451
16432
16889
14674
78879
39935
79856
74592
53294
82893
69527
80676
47293
10719
54052
13850
41933
99325
74102
526
59969
12549
29198
19178
15703
71245
5303
5434
46422
17274
81561
45850
47463
3491
26583
29469
58672
62605
89024
27260
53487
2051
98159
42970
65129
2965
26505
34887
19995
10467
55270
68241
74309
21651
9160
71298
74296
38485
73521
39418
32472
88920
75373
22517
85026
86049
41033
90680
44424
12222
16457
8078
55975
58074
33676
85738
73263
39997
45192
22718
1500
72164
17803
15121
73808
99302
7329
72266
93508
61026
21698
82258
60359
35562
34559
85722
36403
50320
49785
88188
34680
22583
77735
23740
16377
59978
81883
87480
41903
39525
59497
70827
3567
43253
91437
4828
93943
23488
77342
16795
21073
35078
28744
23635
83771
16821
11175
14660
26503
76430
27898
86964
41091
41931
80871
67934
3321
281
17459
91249
1199
65863
55708
43559
46823
72970
58346
25471
39483
52164
65222
98011
57291
85536
27783
43534
96461
69610
48359
61902
36006
61066
90126
98074
53700
27181
93157
46146
30291
32155
27492
95065
67260
45981
41675
5751
35257
63767
83488
36756
38440
80987
35314
25043
83239
30214
47324
23906
27810
75075
36218
94909
56697
78532
51888
79184
90209
59418
82229
70969
8612
31947
52373
82439
63955
60424
89798
767
6306
86597
22390
9700
78524
78514
55984
15826
93776
12311
1825
55442
57441
1897
55732
39010
72987
73976
204
78668
76026
94506
91706
95106
12710
46798
76274
76219
90578
95007
84528
72764
75205
46734
45288
46799
99514
38312
58882
42080
86925
92482
62603
26312
96611
45396
64257
44649
78675
5417
66719
24285
45337
51402
69649
77284
38984
66773
43962
34126
86040
55351
2493
18337
64177
2958
31353
47243
81241
24698
71977
58245
34858
98432
66551
21897
53398
85296
8355
49924
8837
64620
72492
36633
40310
92954
56448
34599
84045
26243
59641
94779
25639
12638
17445
14847
91383
80849
34388
86812
51953
5398
1541
73158
85769
42466
66720
90612
43097
40464
70315
48801
59786
16461
98603
58444
8352
35378
74513
94163
68995
693
17233
65113
35313
30125
85034
79027
83035
93478
32667
40534
63841
91940
14475
90662
30133
39633
95468
4954
29193
2721
58950
6659
58303
55855
80464
31957
70082
91228
11235
34847
68623
7077
41406
64002
97626
50152
87508
49327
34641
37400
89399
10801
25057
44654
12453
22461
96240
46960
78701
75170
12450
39700
17833
38678
28056
94156
15265
28556
25040
85135
8583
71838
49080
1992
81513
31936
39984
62140
88441
97128
53349
91448
39317
39394
87066
32034
30677
9427
71667
12635
52638
54579
82955
37376
42220
47028
84822
86976
72910
10356
18576
4542
12175
3174
12781
69333
23179
50824
55995
71995
6790
66903
28547
18211
15011
20212
64629
27392
50482
81475
57945
24028
98957
35256
77255
96605
83632
47736
19014
65073
8868
45612
27496
17840
66228
98852
19305
61690
7090
38341
86138
61793
77551
76784
50471
96313
31807
26787
47168
39779
55777
74174
18209
21223
13843
99058
18456
94554
42457
62527
6698
48756
32424
36720
48831
80724
12538
57363
40295
76265
34498
54971
52745
60199
60990
48620
50582
49284
41466
67986
97104
97518
69071
84562
54143
94100
70738
45888
68630
28149
49835
25790
36152
51226
8341
68024
13814
34373
71133
1765
71329
69148
46987
17178
90569
41784
6465
54334
47732
13630
6277
76101
57768
5168
76853
11955
64207
20908
48148
65356
60615
55804
19941
24369
80945
95260
62271
84093
94112
78337
59761
53989
3489
91067
42122
91117
58143
20057
38319
52108
84798
1423
36326
57727
53739
81459
96200
61464
70261
58343
59817
19229
41257
82343
95394
25128
31373
72721
33198
59167
15943
2233
78284
46667
85510
81452
3396
13309
74526
65602
71493
69103
92518
32349
73273
62168
19119
9793
22405
55801
13475
89112
12917
82994
8054
90719
51933
14034
16648
83102
39335
32940
65273
68755
26570
58711
1336
39926
85776
82305
15418
93255
44962
76950
64194
88064
46344
95928
95674
71247
38515
11952
59309
16470
50903
45797
75962
52746
38124
39288
38403
25834
63289
39269
98026
19383
25553
170
34530
4158
39419
39414
25268
45655
39326
58295
16975
48376
92384
87286
29269
21205
83498
79940
98072
57569
84391
7128
72363
90410
21553
8562
95634
44924
92510
40165
4650
10084
51310
39659
57190
35120
90828
20529
42857
10327
37214
83164
25547
2426
528
6021
31928
70237
8452
67841
5716
12560
12589
91982
86919
33979
49095
83181
60669
68245
99308
14120
19850
15233
21433
67207
36881
12962
97952
45756
81885
67676
64989
45576
25532
98350
79875
81298
38207
46253
28125
15416
66896
34974
92812
20479
17032
4493
97379
70650
32116
72605
68258
55189
88583
56815
58517
28185
5912
50632
3778
65694
74839
53899
5127
72232
43029
88147
94277
23853
25233
64025
58892
12755
72700
93099
47931
96619
22268
29830
49837
24443
45486
58049
15362
12370
67180
50202
17344
81600
75730
78592
74284
40674
37975
68145
54212
2500
77706
40723
49701
6197
88762
12807
88334
94052
82371
49811
62021
58360
66284
92060
69232
5321
88125
75760
86286
1181
28624
89997
42754
832
12881
34273
25658
90792
58312
44841
98941
73970
88970
74514
17689
56525
12717
63251
57480
59959
16348
54638
4622
35014
4454
68353
40885
29594
65041
69069
90098
89183
81255
81917
58976
80531
8622
92651
45826
9081
3113
51599
24248
55127
62969
93881
96615
58601
35211
42681
56370
61080
69590
32832
41959
18540
42481
54879
52881
35163
86742
96951
86397
64898
5040
91902
92485
37428
51591
80306
27393
93355
59206
42576
65371
55010
77757
91226
42371
76175
88813
52021
20446
71478
11011
54757
24343
81158
43126
4616
64734
61497
60982
50583
6694
90289
67707
4733
91088
76580
93343
14260
67588
54609
27113
27704
95191
74922
80696
68255
68785
2448
51808
94875
39148
79478
19686
71896
1362
62333
9124
13739
19517
79416
51906
39940
55093
24793
94050
10252
30729
88947
26285
77352
4195
45571
90794
21378
30071
22990
15704
50506
82043
2994
45454
86565
55033
38878
60856
38152
44071
69616
9767
29551
14979
61124
94079
49937
94924
36347
62280
76058
97517
51550
56190
14346
73443
83024
61912
39623
25485
86521
31765
56063
75964
91056
91922
44813
14093
39054
36190
92999
40107
88324
74401
69374
60087
83883
43094
36612
42851
3669
58631
3091
97651
82198
87770
694
24433
33077
21405
39292
29782
54428
45327
56575
97076
86382
95265
83895
16605
73324
23059
9190
79507
96
43893
97661
93161
71736
70468
16260
32433
20343
43498
62573
18818
42397
42914
63030
87043
65216
24800
49518
4672
13600
26426
16917
10565
84565
18705
17778
76032
51339
21456
3985
8063
39842
9171
85996
9924
49205
59677
58802
2599
71903
74341
92996
39593
68829
50071
47089
82906
2202
63943
3014
54937
46901
32427
73947
88846
14750
45146
25686
90431
9745
22858
16904
27878
34601
75224
6274
94807
43679
35859
91697
98701
97373
203
31925
62824
92330
19554
51844
15369
79360
37448
7723
92332
48014
34400
23685
23076
95357
32871
63415
79570
75568
33850
59713
62090
83117
81388
36750
32255
731
68339
38203
38266
52030
62972
2801
23012
52629
27258
42991
59763
40238
37179
12857
65883
74933
49236
24883
77625
60765
29524
74462
60135
56467
2911
37538
5997
13092
57411
57147
65858
7379
22386
56544
73671
68092
27326
59373
44016
95623
21417
72285
26833
96288
91891
3787
44019
35780
22560
49926
75805
72021
23167
8549
20151
7300
75497
43236
15510
44182
42241
67732
30770
46230
35418
74948
84506
64142
48663
82479
26803
29691
80825
86041
338
56071
61031
28570
9911
3382
7625
88830
75966
94253
87964
17685
84138
95214
93894
96617
99267
57651
23576
98939
16595
72679
323
92450
44773
85985
53052
34414
75301
85302
13069
79818
45928
81332
10214
42923
81154
99193
5436
7693
78382
65967
28221
23545
48409
98592
89917
45037
81228
72857
22318
81165
75588
33669
22907
94463
49799
53881
10949
3622
95499
29766
6335
40457
60840
97963
19220
89251
64710
83537
21471
9433
94631
496
8489
12601
42453
27130
96490
67463
9680
47946
49830
2471
51983
51862
49715
12089
53447
19883
18316
94159
36100
20849
87194
5460
84109
52970
15964
67887
94540
73184
74885
12351
58875
69116
93469
23294
45993
98806
129
91530
92945
82842
8999
43795
27521
74255
85111
92250
48687
25634
68610
53924
56985
10329
93828
6653
40216
94075
84593
21772
77512
83198
14676
26867
56200
63255
52415
64213
78498
44236
79290
5319
16171
55309
73073
93476
92956
84420
87256
89097
50286
23668
63911
81401
12468
62632
3981
38570
60887
91308
73299
79274
13416
35446
31437
76342
94692
80659
69603
95283
1749
2506
43582
15615
16936
20182
30652
96790
86945
3888
51342
58479
19803
81807
1691
82275
69313
12559
25203
57159
20059
20721
77305
75028
69589
81054
99272
11974
49862
59666
13920
29033
4698
54366
94388
24669
92260
52483
60520
42508
58831
21201
48835
39833
46752
50357
97167
78242
78937
60781
82076
87296
66222
13299
82453
94216
95683
73186
848
26040
3690
31635
92874
15464
92403
62709
84448
64141
5684
66180
33040
94027
13522
11500
92944
29334
66188
99318
31776
46320
76279
35669
83838
91465
47894
7292
84860
4741
15470
83341
27692
17723
80554
86780
41495
79997
29518
59271
73873
38401
19373
27748
60809
1333
63378
45825
75889
48599
63659
3006
9925
19027
8262
5778
3274
54411
19947
63136
87334
12226
12971
14449
59447
88105
6285
90043
77206
76807
39164
71105
19994
64435
37261
24115
10656
73
79686
82110
54391
28073
47688
38803
67995
40227
37466
55623
21977
70951
62043
69076
34970
64258
84065
11969
53894
63139
66915
38850
15574
86934
3144
43065
69592
77990
48628
33436
34673
53503
14991
43070
98264
1785
57794
86792
19136
73254
15627
77588
18465
89831
305
24901
21582
8666
896
57856
73277
11987
53382
64117
53332
81458
24386
52524
96821
46697
90726
5806
43722
5461
25132
52515
35717
98828
5116
61178
32159
77245
16063
79945
62841
15676
58982
8117
77416
79100
25013
56081
80753
80874
74692
18177
61254
24521
88272
83098
88717
69691
21465
78998
18055
36838
50687
92922
68278
11149
78062
69272
25019
26929
93758
26053
78598
77971
49276
66026
13518
49397
63489
38049
42059
64626
78183
35013
43900
83162
1239
93078
63293
19537
57445
14329
89868
62461
4675
77975
19579
94046
90193
61214
84695
12426
26460
28942
31866
54259
34892
79609
76361
58161
83859
92900
3733
65767
52249
87606
28410
95773
51895
58132
96828
36863
73177
3954
76771
74131
28209
67407
28068
62199
26421
21004
82791
21138
7661
59260
89795
17425
54701
17915
94442
67044
67961
63441
85706
764
28385
2703
72788
92540
29863
71382
10407
84338
11052
46141
17230
88103
86407
53063
66198
92422
31226
93221
58166
39408
93363
81974
37834
65242
24148
5858
98116
36012
62314
10074
65515
41919
54072
8490
93306
71097
7000
19193
67576
83169
32327
10053
77950
14297
83542
99053
3606
83249
83553
71034
71141
60894
61011
58433
11205
44744
99152
18280
14178
99718
39510
95099
99231
78757
9777
2108
36258
52896
11917
14145
5067
18135
22552
46209
63270
15097
78
72962
90790
27077
54716
77906
7224
50969
92807
81510
49630
85889
89820
49676
75284
58417
5174
71768
2289
10310
2033
96884
62076
88770
68937
10798
64197
38029
70737
3442
33932
45738
73663
66962
11751
91543
20060
49551
85913
16838
2541
23714
60625
61481
82871
83407
96289
86023
5424
33774
4630
20955
37615
7929
77270
48893
73855
96186
73612
74525
88679
38630
87718
25457
17318
25486
44066
83609
28953
42973
62187
68602
9068
7278
22081
53792
58836
97041
88108
91388
6777
25652
97826
92222
35803
55906
93042
76031
30811
67181
27442
2592
97823
64561
64077
21006
12872
37617
13918
89325
91034
9634
51012
68044
41677
85567
41580
46857
58376
16202
12685
52674
1394
84795
35684
54042
29485
10133
39615
45794
73789
44088
88760
35884
3910
69484
65669
33320
1696
92533
66266
18527
80360
57748
72138
29665
35410
17937
91733
29281
83396
68475
24716
11037
56842
26055
50890
52474
13971
61575
24863
92652
58596
99660
66149
57233
76515
62285
69369
17265
75777
96102
68498
81383
52059
90424
67516
1818
76037
93732
85961
50920
92802
72740
71927
84011
79194
59953
50618
60626
26543
22777
73741
57036
29752
14374
12766
63070
16770
59946
18979
13844
44442
93315
98485
2735
57613
18397
26411
92074
2418
52800
78298
67507
71266
75928
6647
5341
17482
87644
91152
41461
67056
80620
68259
7244
31681
23332
9241
89850
45885
10547
51854
85843
47209
62694
46666
45829
80376
92026
58220
23552
27327
87144
45338
16333
59765
28495
35227
27104
34009
37678
60054
97764
40009
50354
46526
33806
89989
73121
39794
40521
73150
99600
51986
85109
84049
63534
2893
36535
85868
51356
42972
65322
13545
56474
1106
57452
8636
97121
51722
21329
64870
68028
56282
25468
43569
60597
56493
52568
1991
4987
89501
72587
92906
99485
67030
80731
20119
91162
87970
70896
96352
68344
53692
36008
48792
47364
80194
55303
65103
30792
48721
69740
44760
30793
92992
11616
49629
18967
34609
17335
3384
36958
18242
55317
71705
68890
41863
82653
13218
10775
72430
81511
3897
64548
29304
3336
53574
90012
12310
65903
10703
35985
81370
27091
11948
30630
69362
75254
78924
88676
77678
59616
67790
29154
1017
46572
12535
91080
64493
81859
98218
98389
86798
49256
44799
75187
26082
20462
57040
32669
11805
45640
12842
92317
71628
49927
91642
83583
61867
25951
46686
30050
22540
47065
76645
79798
52274
56069
55096
85403
59289
91968
87569
1577
26689
80162
52267
7736
17449
67428
21497
17223
85293
32216
17395
96374
86654
91007
17613
87335
24714
74019
45488
20543
76744
23942
17405
42657
58580
17204
43115
63601
53505
26659
43175
33777
21556
54916
1583
91176
26832
44903
34308
79465
2954
63111
51398
78424
42099
54851
31542
46331
43952
81141
62495
3122
31079
40549
38798
27791
74862
74086
65461
2620
43167
10058
1315
38347
3240
86402
83702
41282
92136
39293
37463
28992
33786
7317
66727
80530
66939
93292
58938
57998
54788
30004
58793
35238
86073
62320
58387
2908
22117
42444
27882
8977
13362
40294
36162
23011
97779
57269
10765
24688
81267
87867
93656
19424
36680
42461
98017
31239
4417
24219
39170
24320
93162
95125
20916
37162
22673
52283
46351
36226
84747
82914
26669
90347
20934
49761
76767
9655
31653
73902
29950
79411
13556
64268
41753
87445
72567
11359
27128
54610
31014
57862
65848
15796
80534
97970
63627
63316
95656
48817
82913
65974
45578
40729
27637
1044
57153
18487
37528
5582
97746
40093
9386
97355
46830
41387
50873
829
41799
32836
57532
61613
77642
67738
22107
62370
92767
72223
90648
59012
92643
70441
97821
16977
47705
22915
34381
31989
13885
56436
53159
58325
76248
90003
77242
36834
90812
72038
86581
17567
4400
21058
37060
17537
70348
9450
77927
86551
66406
77544
23068
79977
23627
38201
33642
76707
58115
42212
53440
93384
33613
98799
51616
96699
87793
27575
57670
8556
36109
22724
68924
90010
12190
33270
76526
90606
39906
12494
92837
98515
98733
11963
75163
65509
76379
32575
15436
39177
59256
94128
90219
26612
74841
45905
82180
33327
97199
47401
21490
94229
7420
42183
31673
44184
23619
99376
69508
82379
33337
38095
38719
79815
48487
58543
33577
96317
47947
64082
57298
11889
84233
7740
60664
70171
33156
70196
67616
62924
26271
74280
55419
89762
47362
42688
67341
28946
3772
95305
93194
65344
8411
10522
30089
3753
45683
71095
23546
88645
14302
90197
17776
72303
92858
60621
77097
3964
1721
9724
53114
76198
57776
56453
43790
9833
78875
37442
79103
92479
29546
92477
21067
52284
99016
16427
2972
71429
84537
19707
19755
50058
32839
72943
12342
70390
93334
75915
93197
27475
98753
60546
31730
95715
48120
9567
20678
76253
81415
21327
2063
45562
77561
64851
40821
46756
13062
82548
52053
45967
75940
11071
11818
62589
43783
68928
41673
46452
55094
97930
53287
96994
5387
86632
53915
50014
27656
22445
86348
23647
82715
14928
40564
48227
27938
21322
26552
60828
43984
80483
43892
95405
76284
42054
54980
82440
31450
30808
79369
50587
12461
13136
99387
77413
32307
84475
950
67618
68153
28675
7855
22273
7089
47671
40579
60986
25049
30068
60108
91744
41701
93310
90484
70689
62940
28062
25252
21706
43839
81349
34943
88523
63392
93443
59944
28070
55217
89273
18830
59008
94186
81827
60201
65104
36155
63274
19984
91087
12051
80135
81998
95
95376
96420
98906
44627
83348
83447
57830
61972
10231
87534
46286
42617
47182
27611
58054
22114
80277
2870
7966
12627
35696
59389
44791
36699
22435
85480
86508
77077
46138
20836
69123
23614
52858
53449
33335
47013
19835
99653
23258
75800
94872
38412
79763
38472
92053
91894
23726
3703
42317
5630
33271
68814
49344
20474
95593
92655
55638
38343
31407
30036
35556
36312
53615
41786
87810
26454
58475
4539
45419
56693
67395
88594
51586
28791
81886
59499
40091
79696
15571
41394
25507
82359
16393
71985
50496
15445
37077
34376
86510
69209
60169
47754
43785
13498
77306
9486
62902
93507
16150
11888
25797
10711
51340
7338
1609
47733
6116
19434
53186
13985
29732
68195
103
24280
68575
59134
67171
45065
50957
74960
69300
69778
48346
67673
65905
56084
95452
93604
78870
75141
38153
89405
21522
73132
50595
61959
13859
43527
32943
52486
428
846
27221
671
86363
44210
35309
29700
60222
65159
2521
70232
82093
87042
38909
21625
9681
75545
67235
35007
87564
49831
24571
69492
66598
67128
39109
21413
87764
95750
8842
92113
17655
63478
25174
31320
7068
48088
1349
26293
37182
98179
68930
25742
17889
15852
67459
40376
89568
84240
29025
1216
70377
59408
55199
50572
11090
5243
4462
14276
83260
48035
32285
20004
25868
69305
92818
810
13054
28779
45165
44991
61817
53439
37785
44571
33349
78817
36302
93532
82060
36746
31030
5901
90771
99518
5765
19518
99620
9735
30711
39705
7254
58377
86888
99341
49695
80430
40178
10224
60579
70045
58893
29763
44105
62626
70105
2473
33104
926
96961
12634
51291
70899
50448
70812
2024
68605
36858
85960
92343
11995
51979
54813
22250
80677
14577
76959
32458
46918
64355
39134
20766
71218
22848
73552
87945
50043
22719
54355
91235
75535
83436
61389
69991
13141
9662
8517
99032
15171
17146
91230
55416
20624
94266
35122
76001
50508
87904
78714
85068
93577
34503
97859
93598
89699
32354
24675
31569
57874
96925
83646
34969
79477
18900
98583
59744
91397
41217
58328
61813
65698
7133
2235
71267
67163
38653
80091
56977
44746
34274
63581
47903
80456
16592
8466
12479
25007
97256
8515
88529
18133
20784
27583
2454
96578
56458
42815
74362
67888
85484
68851
81763
60383
54443
91825
54621
83682
3885
51959
80590
4509
50347
60483
61953
38779
74534
64731
5991
30725
89760
65236
26752
56264
19626
19709
95185
72161
67297
26972
8962
79776
34534
15623
78928
1686
63042
40352
43368
39132
96169
37694
35046
37534
50573
88060
71857
81555
96366
10284
28341
79138
66558
60778
44235
63248
35320
98113
10006
84406
70292
8169
48469
15886
1596
32162
97604
82694
85008
20014
79222
77692
36790
41751
74646
76815
2205
40399
75127
71713
31645
70481
35827
16941
31610
43659
55681
17577
4687
14658
81429
2503
1511
21280
81450
17348
53401
3637
39302
61966
58638
24747
54713
48264
84837
4445
32280
91869
87402
48152
71932
34048
81339
95714
90268
99204
10859
9125
94767
58799
84876
77403
30522
77251
13703
79031
17279
27764
94308
88332
53803
67546
24749
36264
1440
17555
46875
49374
29202
46829
94248
26629
38122
43496
50389
97650
67895
64569
44918
614
17281
2060
29290
65125
89640
1248
4253
99756
32228
59475
5467
72720
14663
2677
96333
31215
6308
73842
67019
44999
57410
10992
76817
19793
85174
11387
72588
94716
86855
69319
36287
96109
53438
17470
31084
70471
65914
32775
87748
54467
72012
64816
59156
20878
40195
97313
20559
31942
84622
33501
37545
57311
40032
77263
52124
85828
94638
13578
64923
65888
75182
18387
36207
54100
86302
76859
2119
74440
13524
39049
79233
34454
91904
44578
74089
5796
76255
61585
97578
76674
40665
14807
36081
99889
79590
7465
21717
49302
74156
25536
26991
16383
40363
74968
45302
53372
7630
80823
17944
54684
81336
86662
30828
46981
371
4724
76693
26496
23410
8381
47513
8120
47586
34917
14351
10246
49294
62416
81186
14856
56210
42620
69780
43016
63410
6586
98482
43044
88674
88755
34661
87572
82836
91850
79075
47585
24123
95567
20121
52642
8578
51473
26025
12869
21419
48947
44501
87093
59533
58593
74966
88476
28466
34555
43874
12511
39852
80926
94708
81786
14932
29082
19224
41275
73643
70626
82716
9260
24470
52529
55985
88401
18018
86153
12539
17355
79357
93086
34367
70451
63278
29941
45101
88443
30127
74248
91569
44295
42450
85747
4951
56797
40474
52606
28919
95505
93668
76481
32440
39295
22425
33720
11398
47529
72705
92939
88344
28930
88956
59697
85986
39272
71765
44826
52189
28431
88198
16170
75330
44160
34502
82661
33122
95250
30185
62994
90721
28102
57565
8376
11168
8708
52459
16619
41368
41539
40271
26407
23129
11022
53495
40840
60120
69396
17983
86010
63066
48677
9863
27792
1990
82662
58022
3236
82497
32525
32217
81746
75258
17601
90953
67932
22353
63812
91991
44381
12929
97751
3857
54831
70283
19716
57610
11372
32994
48100
72616
98037
7503
35880
20427
40433
81777
53132
81606
49984
27845
52556
77652
72429
52287
45548
97584
63925
4945
7259
35414
91970
39966
28610
53872
24440
80270
36797
31470
86215
45900
38292
67156
4123
50715
4960
59268
81686
7784
92677
62302
27671
5382
34299
19541
95395
41352
15231
74980
29582
82727
52769
56731
83328
85602
58178
57169
86326
35274
32083
62402
12328
53666
60667
51856
65033
63864
292
7281
44000
42396
42542
54346
44340
68725
73309
14413
27680
35731
21416
70940
68529
83462
35348
68834
69721
72841
78009
61903
70865
79077
80138
79903
24990
36800
26384
68146
14272
68417
47038
91699
87243
67797
55478
6557
45863
48694
40290
17951
76600
13052
27763
89361
69755
50516
77028
76059
24857
42058
9034
63283
1995
22637
50502
23536
87123
80438
96546
61609
36040
17963
54114
52696
26085
4477
20544
65882
16037
29903
28079
19561
12414
48398
52290
72439
62122
60740
27166
7129
76737
61521
47198
36342
48540
59314
94899
43753
18130
45585
44551
23342
25416
21535
14264
8957
35877
14184
80514
86922
95001
91729
71507
43906
59288
15290
31025
54528
8344
90327
68384
65450
51507
11961
21697
47244
9387
66037
34220
45692
29771
25841
86494
38523
81397
78560
16728
7325
57208
30105
16634
93010
89018
21025
59550
32559
2505
64856
47512
91097
54896
11183
55694
70764
14886
26502
73125
72708
31179
29329
97792
16741
37979
38843
76974
30160
23238
12754
29514
36642
17160
57401
14208
21603
35796
89832
92123
58503
93767
85764
51918
5031
21895
23096
80970
41637
66165
80976
61252
67998
40083
38702
80305
98348
34545
77422
91528
5678
36584
68530
15606
8642
91378
79457
85554
4264
49278
80211
97749
8728
52758
31313
12087
28484
90356
72878
87200
79620
53277
24300
24314
9963
2586
9460
7915
7925
62290
16006
83368
90099
62908
2464
7117
94843
25815
32924
36167
30748
44143
90824
91065
31404
65748
65080
58281
89434
22169
31161
60503
61377
64973
93471
280
86540
10881
85967
44221
25044
32977
41112
42847
8223
90297
69759
73364
57662
24695
5352
6349
13274
13815
86031
41054
44769
10598
58991
21167
63022
38301
91339
7754
78539
44456
11599
54645
31624
47846
41335
89839
52152
41530
49625
94295
79761
16752
6074
52646
98524
56841
36551
55101
32826
35172
94800
54634
35978
25459
51964
93611
48981
42767
89281
86064
44087
27137
97780
8459
34806
98989
39092
33818
11680
97376
70177
84618
55212
5833
9933
8374
55297
6855
52575
16745
6726
68615
16382
30689
3750
32784
55138
49193
88810
72980
53511
23622
95545
23874
97958
75732
38134
15934
49250
37925
27853
35632
27254
19542
84488
46678
25146
78199
25324
83565
26485
87439
77252
62619
69477
54756
67404
19856
15612
93684
53612
78614
8896
62989
9017
34781
75208
18618
8939
20506
96695
93561
92687
74853
27673
4198
22916
60448
87563
3738
36294
60476
818
48156
45479
34301
96152
95512
89098
29508
99304
51502
3625
5854
1806
66425
82296
75945
43228
28732
27264
35355
35107
46757
96475
43412
35947
23439
62117
70031
86869
21092
95724
49652
2844
6754
35390
38108
42976
32690
18215
22782
41
73010
7567
69389
57141
9147
93493
46265
66202
36120
4764
233
60151
61275
96432
66534
32560
92994
83827
44466
73959
73500
85898
32519
19375
11309
75288
75985
95016
39916
64249
52010
80914
63769
2015
48982
37046
33587
12674
46948
72547
67130
39927
86536
22778
39266
36745
262
1840
18916
11432
30454
79251
77401
25793
60532
54025
58594
54061
69982
10829
55346
15406
74114
97811
48800
77081
87153
59105
46628
23698
3368
75939
51393
50185
3365
39124
78092
73994
45979
74161
5867
44640
26577
10355
49127
17547
88797
61182
67237
35075
33417
62250
30615
53182
50342
1390
70854
36355
40037
27756
58356
35396
63331
88109
28906
83277
95890
17306
90592
50765
26362
34275
22125
27354
64865
8208
80112
95820
39352
51453
34710
53098
51059
42425
12772
64410
59530
17955
24807
60719
69156
72852
55470
47518
51167
94978
9569
69233
72976
41550
18048
78954
32996
94203
53607
42615
77156
26440
38443
89625
10014
6750
1299
98076
85124
42952
22373
46816
31171
68905
39622
41369
47545
75864
76355
82099
13145
59950
67212
57429
20464
74348
53735
17453
20130
22341
91074
24866
78190
6126
72433
7972
51995
7119
62615
90120
21409
81209
17025
85511
20012
55319
12553
17891
79403
25245
95738
54300
24414
34666
97571
81268
80379
62630
47828
10437
40902
94211
94877
66132
37497
59964
71715
82035
41029
35625
24080
60688
70942
68621
66163
50042
74824
53214
74457
90669
29336
19928
98332
89272
26090
55914
44079
88101
41273
5825
45972
16264
52578
39233
843
24286
20549
46843
30518
40467
86306
95087
90216
89249
59707
32441
25390
60245
27155
9956
79191
95237
24685
61494
24552
23871
17399
96787
23042
25747
86849
20608
88162
73603
14094
2624
65529
19135
81697
35808
20024
33796
96872
56970
99072
82386
70547
83422
99820
91399
57067
95391
79923
55347
44439
96159
11826
73387
1301
6365
4103
54539
1287
33521
35681
88914
55447
15756
97613
87470
47104
66529
88927
55842
70194
13762
39573
16842
23153
30871
82770
55248
59885
40430
71
75926
66933
42468
56199
85685
28030
47702
36060
66479
57296
18036
54221
79847
77012
61168
84226
35588
49065
4798
20886
2932
22458
57887
41385
92614
97938
93908
93826
10469
93382
64274
86021
15765
42084
88566
45164
64248
56140
57555
38910
20677
52885
89680
66270
20555
71214
34374
17061
89742
14289
77611
55693
33499
72402
14051
40640
13959
25222
31023
15455
21876
72009
38894
34363
66321
64912
78372
64155
49419
80719
815
34059
88784
13927
58659
77478
27755
61952
56449
70567
48971
15990
4351
62107
9820
31660
37766
65477
63332
14140
66324
79220
98433
21000
42391
71889
91981
10444
7091
59646
93102
27793
9294
29658
17037
87494
54703
43182
29563
8394
63174
39343
48569
85816
82266
4411
42030
97607
19349
30703
34785
11212
70839
24855
92850
46120
64577
61549
59855
6028
22623
48888
48702
63127
20359
42167
12252
20445
17905
23539
46832
7270
54728
68283
36647
59583
13655
96993
3796
92000
96046
2411
77186
35883
92351
55974
78709
61236
65306
80120
17934
67584
73962
7744
33331
18601
86674
23983
53930
22593
51750
67498
89586
59371
77589
21965
3356
59081
49869
83247
96840
81742
25627
4564
18815
16387
61749
37138
8744
49223
40161
30475
3633
32622
10594
31011
51868
51415
29243
86320
87900
67041
86604
44343
44172
38879
55203
66488
28814
42114
66746
49879
42553
12
16349
900
66737
78422
48526
93591
43492
68269
32931
66415
76305
86421
14437
66293
2905
91801
17752
22291
20746
95286
19500
95668
93452
4809
49066
87413
70187
21659
21290
91762
74332
59028
92790
13370
98416
19272
71117
89219
79382
17903
64609
10254
16874
70079
79705
66426
21837
20740
96331
51045
69490
15415
51179
43226
95368
92235
46405
24808
11302
39044
5923
81378
42899
12488
94778
51823
48329
28306
75486
68550
58869
34880
49578
48660
13917
39175
89841
1647
99726
27053
19355
50951
92318
51504
69736
42950
47840
30201
21727
96325
63713
69644
86355
24204
94726
49071
54656
5335
11541
11903
88560
33297
84290
54692
47249
95470
14277
12943
59750
48402
13514
34702
80061
3422
35196
33940
19005
89887
24818
79061
81661
55192
49315
87794
33350
71073
63830
29106
21865
35310
63507
74677
13621
21007
66895
8635
32605
43011
24339
6972
6934
10528
85526
88082
73416
73877
3214
11916
17101
13150
20489
76904
74674
15749
90668
41992
52723
30466
8279
81276
64674
96268
3522
66612
5837
59298
26128
76971
75717
81918
27114
5423
9334
87097
40129
8951
13949
59007
13551
80654
82664
69771
6621
91269
77469
34711
7870
44286
53040
29427
96262
77710
26132
1221
98465
93052
19898
3869
12950
4491
62563
56845
47154
71449
59009
93840
11144
89019
64831
12655
30933
44413
66991
21377
60788
8723
36101
34949
10542
38637
22377
57087
99284
56203
7829
562
93425
34423
12990
91365
33440
82938
94895
80396
6488
41789
55461
62698
70904
17376
90832
94571
98070
4444
98626
21113
33895
19432
75277
46238
74898
85081
57015
74448
29837
95163
67027
58229
87277
84067
95147
51789
83402
40988
95779
81474
92476
33359
63449
14101
73813
92338
5149
43437
65010
5172
71324
70559
78991
69720
68215
24313
32048
22113
75308
70090
79939
38080
69775
8036
13258
49827
33087
34902
88290
24713
2790
53646
54377
51498
95854
77903
18275
53545
83800
94141
94077
85125
27963
68633
38466
14405
99827
54271
76451
33808
87898
97523
65489
82272
15687
24453
61457
34688
72789
73600
60918
91390
65049
7964
55008
12753
53645
5390
88921
14537
53064
40562
33467
26891
62701
91248
61863
26258
52712
38232
75280
66430
14238
4981
26942
63347
53621
481
78778
71426
87727
29805
71182
47184
6867
62836
3200
41622
73320
15284
96328
44634
52449
16034
10272
82011
32725
76524
11179
16326
13880
60819
33303
5845
91767
44960
66615
80843
6672
29777
4783
16045
50585
63159
78768
437
71697
37384
49562
62189
70428
21768
24194
4899
35166
3334
82788
20841
43064
74880
61035
77686
48674
57602
91507
84873
96895
76659
66758
3088
24544
83433
40053
80580
36818
423
53139
67211
16961
81461
97064
73687
68919
52261
32384
55850
59635
34062
34191
45983
54947
87141
74596
21904
15976
28154
44489
51751
16900
84047
27332
72941
16987
73948
78083
65262
37651
43125
833
80164
11817
60254
5282
40863
7908
31794
81109
47927
82571
45432
81264
28638
50530
78411
93733
35982
73887
217
37262
70077
85108
16071
69184
10912
49843
32852
28501
67391
20913
94983
58243
50590
85826
93028
44330
76951
83757
25477
91306
92734
882
34727
82141
24640
37634
28463
11159
91322
20309
77754
96919
74671
56389
8761
4108
56048
58700
78316
27372
65193
97818
77071
75461
33531
49507
9732
71696
71150
78588
2993
43782
52935
8580
55585
15098
12767
33227
37956
84206
70000
94393
47877
84981
63310
85327
99471
91273
89912
82956
22477
97990
48913
79462
36692
87766
12884
90921
89505
87252
32396
52071
50148
94239
91053
64123
46519
66961
44414
64884
29869
74563
53506
95672
31275
55989
85853
76316
67388
92912
75627
47315
53627
97477
43322
99337
40669
28974
81755
8506
80255
31252
25812
16754
77143
93412
90796
61398
9381
70015
42332
84306
11208
76036
9090
3439
39886
56423
30515
55477
79157
22971
60867
92527
83091
75620
77598
83
21569
99822
73514
79354
91883
19019
28631
17932
12648
39116
30354
32361
39948
84659
54372
21038
84036
79449
67236
71401
82923
21298
2575
40104
8068
54804
61573
16845
5374
73881
60908
16248
59578
86911
74473
58316
13474
47819
71875
70147
37359
91784
6524
72927
65713
77812
6631
82092
56039
50620
42270
60284
9049
18026
44781
79054
36286
67768
37796
39559
86507
72803
55341
40
71562
67782
40657
84923
5937
56524
58419
51381
70284
54398
26455
53897
89275
91669
12202
76705
49114
76263
33422
88022
26007
18439
6788
27215
45754
40737
11303
49061
61198
44847
50246
90027
35788
62099
45114
73503
27991
37128
83969
68170
49534
70844
403
27508
93207
22812
79
80923
86606
75164
62802
63446
46315
11601
23549
30055
48990
57028
86559
62540
7249
65830
46026
59435
66867
16681
27187
52097
97413
6899
87237
95035
18632
84150
5130
67665
59731
83177
72263
3242
37049
63987
63494
57574
430
15772
99268
91430
52907
34103
43294
15298
79999
5361
77166
18285
55021
27851
39772
69011
50943
55944
24205
38339
75169
66186
46068
97069
44127
97903
45675
64433
47415
62256
40212
92801
36828
2373
59923
57293
78348
99346
30352
46896
93924
29119
20818
65797
36137
22123
78004
94256
27808
90925
64769
12517
73155
25588
75981
24273
35336
71114
43695
4613
68665
4578
24245
66338
44792
33056
60342
9945
23086
99672
19855
99174
73495
23029
85887
58335
61547
53754
46308
98316
79991
24962
96139
77627
5462
87731
55334
23348
30916
48254
88658
12368
98043
68922
93346
91425
13034
69208
87114
8447
94711
24361
55888
5146
2545
9722
47986
27473
89316
85978
77613
87125
78177
61465
25473
32988
8827
16372
1870
95908
68784
92002
35576
65896
32401
12168
2152
62417
50161
59129
61815
14799
35533
10378
35433
5435
62901
12645
32796
94565
24233
63691
73295
25199
94204
46525
40817
65263
27547
28924
61850
42276
75398
56205
63264
82246
15822
77135
4944
71185
10539
54926
46687
49723
36495
24090
75168
84224
57550
69765
7312
71070
51269
20642
90717
54005
41268
32756
404
69954
91421
9690
73147
97881
6489
10662
53973
41592
28027
47194
44550
65739
34188
45649
1271
95578
58822
21750
19243
45561
97844
91585
47964
71685
11988
93770
30867
98342
64168
13049
2576
48338
18116
65264
49262
61143
55191
99517
46233
56055
90651
98671
35688
78442
49847
26862
94121
18965
57021
72493
60003
64627
34482
8059
91107
85373
66638
29026
33377
20181
61428
67901
75867
31672
67682
32133
7289
58628
47069
67966
69677
3873
16316
45551
46031
34930
97050
50283
11241
64773
24005
69315
46012
90760
77532
84188
98599
45542
97833
87181
41244
17822
27145
2036
66332
53211
82156
12287
27990
74834
97765
60077
57518
26335
38957
97949
89099
97175
14728
80537
52385
42539
52352
40488
41053
13661
23058
73915
83103
77575
15512
66810
77343
59760
11438
19318
3989
80937
91598
37763
16433
99491
2852
32774
19608
11600
54767
43570
344
2267
4492
61493
9404
61110
68349
97569
11220
34317
59986
52526
624
54197
66066
70243
6721
98620
46108
92017
61013
19571
53298
9205
72899
73395
20322
64636
25365
43864
47582
18315
69086
41867
28174
7447
51315
77529
72945
29608
53763
7102
70849
20009
68
98867
16863
96876
56005
33428
36413
69699
62708
21502
82384
24230
32627
36659
14885
88381
44902
7866
50539
64837
31705
29746
43980
83614
15350
18704
44366
1770
87071
67240
79170
72494
16165
3688
52253
77498
49434
47542
78719
83062
32183
98323
18874
51573
2754
58905
37743
68668
74910
22
4801
48458
72037
12791
92487
74938
10405
43472
73394
16996
29352
11890
52466
56468
28235
99488
72771
72607
96095
47800
78744
39298
19879
21953
77859
3359
23763
44891
47613
31037
42068
52684
48057
12690
75763
40528
69125
38640
52127
20947
22969
9221
49810
54828
29899
42199
93615
70060
50901
23165
50963
34430
83651
37961
37224
81610
51916
31176
87348
50546
30740
48734
43697
93925
70562
55020
98235
34960
80819
43676
34990
72023
23925
56281
56118
40722
10289
42017
29653
72984
26745
28828
83045
68401
1539
61040
63669
31525
78694
29698
98280
81937
96245
30891
70616
1024
21729
92100
42996
93041
62026
85204
44670
76144
73485
4299
88957
70558
52117
2145
32985
42398
80406
80798
55567
752
32692
93897
81817
90058
8389
98236
74744
2021
29123
34542
70613
35670
88244
35554
3825
66826
79808
77522
14776
51501
59687
50691
71525
82108
86415
70767
39888
71044
53282
12704
74778
20145
72544
44051
51357
1572
45277
42226
9691
81455
27449
57514
2252
12563
33751
6230
68010
5225
45937
42400
31377
47955
49260
47452
36142
65176
51009
79822
71508
23490
45871
3039
83424
657
55612
23009
13158
27311
22644
72135
85059
26715
56431
33011
18938
78142
33
18384
59031
95332
35722
85370
31674
36870
72042
66614
99734
27347
5922
42388
31643
15289
8097
35237
93203
31059
66144
17900
86936
66049
67272
81913
53198
46961
10589
97810
16052
91683
55724
67065
17483
31687
82771
38776
8014
35491
9425
46
3818
68846
5973
26294
59472
6321
87333
29381
12611
9759
24523
47500
35666
69859
1624
67722
16661
14816
4866
68973
41633
3129
33002
55465
39029
21681
22564
2405
13302
97261
13330
47188
92013
70404
84833
13977
55136
12411
11757
45379
79497
63728
78557
70396
1615
64473
63924
26316
55949
96326
19618
69618
33544
88486
61362
93289
89056
31468
37669
44149
35093
26089
29529
58128
84805
43786
58
57559
51946
93497
7184
98303
34729
4499
67244
3589
12290
77694
31419
45961
49764
7913
57188
90016
729
3273
87381
30849
38896
44949
9637
6214
13007
47398
84120
92683
86584
35620
86647
13057
62751
35894
43755
9765
71585
72678
44911
26626
37658
28652
70191
25754
74684
76428
39688
8276
37955
8414
38317
70991
61381
25366
90989
58388
86207
56385
26829
74572
96770
17647
41415
14194
81390
68971
97091
59587
26422
42248
75540
36450
52060
23169
23392
78236
4313
91783
63985
1474
63970
9499
78777
39256
23702
15471
52044
27936
35679
64289
7460
25164
90412
33971
206
48208
38983
95936
79034
34058
43762
73021
43184
24765
55929
72063
10885
76070
56347
20702
51214
28846
32435
93920
49890
43561
50874
13517
58315
45034
56627
23705
16245
33606
80259
71049
8832
93135
97631
35284
97040
78041
7168
71260
17965
87915
83401
13716
85921
2369
28949
66065
17030
68492
69000
38700
39904
91741
89158
58657
59839
89673
15328
99319
25176
95215
63876
194
69475
65120
53593
8491
27297
47303
15212
86838
87751
15109
36522
96650
97714
53827
60509
48411
21208
70341
93520
65151
88616
47301
41032
5506
93322
70982
23111
44389
62873
76980
33652
48666
11322
73384
44951
74605
41380
56894
87943
51065
2690
62332
87700
85397
12592
94281
79901
47620
44767
65634
11675
17971
55744
2279
34638
20031
85535
15316
82611
72581
3103
76335
65792
87609
39636
57632
86517
14650
29153
46727
88199
2596
459
21769
94529
93407
45373
23232
4547
38551
99858
54854
75498
93846
9087
54104
6965
64534
11811
41954
75310
36670
16691
75432
54977
74130
77174
86142
36843
47019
78920
20370
68185
20350
7644
47231
72508
36793
27595
33196
27800
14191
18367
73087
43116
48523
24985
9862
10762
94949
95367
85598
24655
18662
6518
26576
54179
82129
11281
44906
94752
66828
30950
73438
92217
42724
93085
77984
81041
61195
30222
53828
37947
63634
46796
46116
19049
94720
1912
95019
39286
89941
95349
81780
67921
23783
57731
4526
94555
37940
76546
20433
32156
35525
31556
45788
47804
48085
38497
17953
58993
81925
37530
22539
24482
35371
37831
95111
18713
34028
65246
77578
58733
29981
20345
50027
2007
2931
97260
79484
60605
29660
52823
46937
42215
22476
4627
12432
26277
62330
38635
18501
1241
5682
92625
66627
86358
4644
62559
84264
9074
33701
5588
66481
12515
65714
1461
18318
74978
75452
28114
26347
28166
27450
77832
34345
13808
37907
22854
34075
58571
91256
35291
77326
60906
87919
61600
9300
52288
70344
55149
14017
60144
38274
1237
81578
18350
34355
77705
30500
96564
93372
8130
68836
57653
51237
82234
30154
11583
21273
13159
93258
44010
8069
83624
30731
37744
58956
88773
65826
70053
86313
79774
98758
12651
5932
67209
77779
55352
86307
99424
92512
68426
72822
47022
53523
22781
15398
87034
17441
75595
15974
62782
63099
94906
813
12306
73546
31097
68136
67728
64928
75116
72150
6369
93802
37445
38728
53766
41274
68719
59609
31177
28896
35114
56820
11633
12691
57357
21674
23343
82489
57386
52508
95374
10694
37189
91581
98379
74201
90076
38198
39324
9679
89846
84728
60067
93040
13323
88910
10087
4641
61961
14619
65834
64392
7689
68060
26742
32707
33046
85189
28094
87941
79674
95461
49498
50514
1230
10484
77644
46289
54404
11199
27456
98909
61176
87983
13854
3542
34429
80435
2190
40961
56963
42763
27986
70572
75695
44644
22195
63608
4936
26140
74953
14053
21467
9622
17491
92524
22110
93823
80997
83263
30429
2981
32724
82730
2176
9547
71278
51535
76174
66307
53895
22243
54249
71692
8433
51480
55536
29372
30656
80688
25829
44314
46635
32446
26941
76078
7322
3251
82587
65782
83309
32861
26989
27404
81496
68720
51394
86058
71175
32841
5378
75827
221
77626
49634
86502
40281
98120
70442
83394
44391
24965
51083
76407
94420
27452
94966
84474
46465
9887
6917
28028
20430
29654
22115
83431
38769
21339
10050
44449
21809
73975
53830
80151
82330
95072
47120
73654
1732
6713
61441
8745
2759
85947
3121
53482
81708
86418
99331
19003
51989
20093
56533
85346
74494
37323
51491
9897
3348
71590
72208
38730
3342
91607
3106
90414
10255
15527
97263
89835
48804
17386
12626
73176
99009
28843
13761
38768
31152
46644
96865
16713
53050
15301
26023
65376
21825
99969
84786
41647
91760
97566
68205
83600
96674
43577
85459
30328
95204
98250
12650
72821
19142
16811
5357
6710
81427
8802
25726
19085
79218
91633
58678
31309
3657
96269
45904
35604
46211
8494
33387
91085
90470
9443
26019
32376
95278
47212
17481
95711
39122
30001
12006
42829
81877
10066
42469
74542
52228
99547
9797
77673
19247
99569
33211
19222
89120
26894
11906
20594
84568
40809
65722
90917
17720
23324
87962
53042
23996
21358
24677
95239
94228
19575
10938
81226
10441
83212
57467
73679
11866
77447
81595
91973
98118
60146
16477
7127
73118
38560
74704
20764
66793
50570
45605
14389
87265
83286
18789
52470
58694
84274
39925
84239
46102
41555
35935
76150
13238
13592
88965
31090
54572
72623
84554
34752
86450
21209
96111
89140
7671
6176
93475
32916
19066
18312
12797
68068
45102
5644
84090
95641
98122
70273
47816
80768
98021
93586
97998
38908
39157
57691
56957
84930
22729
12993
92116
87957
84745
65601
47397
45654
94747
96936
37204
89418
69340
65247
76065
28483
15561
98340
37275
28234
38861
40109
93704
80509
20292
19214
64781
25154
12354
63917
9274
90587
2030
2083
84700
84201
39118
35686
34076
91738
46705
63081
63740
23448
54817
5155
72489
61190
51186
49531
41230
87001
75829
98121
97322
45853
87341
46451
71776
66390
80981
32331
72175
48600
93062
21044
8073
7369
18611
10075
68179
46568
7809
96784
27460
5266
572
42123
76306
24304
73108
84670
74988
63181
66408
27307
54774
93511
10295
82364
87665
1350
87020
73796
8492
45319
60283
73084
34947
85965
89319
89804
92495
19183
37154
21749
99329
96291
71519
7696
43130
32128
78434
98053
85566
40807
18669
81337
25757
27422
25531
77576
82459
41164
59469
85702
19316
58766
14869
88952
67026
29254
85273
20519
71762
67394
98658
28712
47346
12128
27109
52588
26465
16482
95492
11409
35945
99621
6253
15126
43152
84483
38684
82530
78751
1455
35124
28456
44819
40041
78713
25405
50261
6747
82103
28099
42014
25339
86474
15235
22044
54888
47448
30581
86531
86784
20871
37283
20801
53053
22097
21673
66950
65656
50327
38720
74020
74940
49430
35875
68148
3156
61894
95241
64961
23271
32716
40193
35231
68801
26241
86830
75878
27880
84043
59279
7730
74951
27627
17077
98268
39564
98560
83830
77231
33893
76236
49014
28985
41485
26806
49207
31170
1673
91789
37066
70928
39263
92728
16434
47528
76893
60185
84645
78758
36754
61044
99131
38599
70903
58036
97153
50776
86092
94579
69690
95270
23049
6680
34846
5142
9489
49615
38839
7046
89179
13942
74716
76558
22339
19481
942
69143
75354
45099
89618
79990
88730
55144
88982
97368
79906
71009
42967
38300
64454
68533
87313
68539
28054
34571
54581
67412
69217
74972
76799
28660
81695
25231
84538
34095
38504
44301
47015
24899
70931
98606
62639
13941
8725
2926
68108
7890
16940
551
65027
52583
45708
62758
31838
43511
5914
60661
93294
45119
61414
44033
73452
96950
49684
60527
16217
1811
78260
15557
94215
37687
58436
45044
89296
83557
48938
76834
7047
72177
54508
91501
93147
40431
98293
92255
60880
34171
38629
37883
70461
76392
49628
14751
65158
24581
70882
92820
19333
67910
18946
2270
59973
21761
90911
89764
23214
64394
43730
95720
33516
77746
35695
43015
49265
97304
49427
63563
74782
61370
44714
19710
52913
91950
80746
42717
80748
46472
94594
26011
34078
47848
79713
62119
56961
92727
99364
58730
64428
75252
22577
29148
15300
81434
70257
41507
85713
26784
72812
7015
29872
84094
4983
56297
84326
98580
59282
80682
60480
30220
12001
57346
42359
56152
28516
83721
23611
94957
88321
81902
24694
25115
91172
5759
18930
56429
82115
99711
31647
68369
17981
45755
24014
45545
8589
48948
57505
48306
29592
5190
45196
13665
70939
24380
10999
43447
54746
80601
47751
59316
52920
54970
34897
40224
95266
13387
34735
19487
36468
72343
44730
97891
74436
60149
59071
97545
88047
84516
93934
54623
33996
12153
35458
33369
17862
24580
13166
28426
5148
99106
98800
13623
5859
71041
26185
28289
67651
63770
40587
64952
44122
6256
46291
40364
91069
93541
75513
9739
84927
25905
75651
74935
29297
90026
24966
37142
71007
17116
47514
12443
42901
91255
70325
83016
16096
72501
82247
63351
37025
64331
30887
57389
82308
16374
87329
67700
21912
28582
82111
67681
44985
88285
84871
33504
91239
82314
86823
3046
77620
88312
12928
65207
65835
13026
3206
10651
44598
10311
33294
61159
40512
85723
11748
29827
14821
17337
39042
86948
60578
96666
20132
73356
83508
79037
38556
20926
39776
80944
3545
1801
23727
94273
77425
35009
55981
67810
81534
95983
3805
83722
47075
76670
92112
2813
55982
91477
57755
29325
13097
1701
24584
29643
85114
56502
94185
85354
91041
69388
85518
47970
83233
69496
65223
32362
67161
1571
35044
75394
28042
16906
72404
27873
1845
88296
59124
52314
47589
1790
13549
5642
47486
48304
70265
68052
34948
10228
24417
43603
52492
66966
37171
23664
99963
42506
36219
46370
9208
99451
64713
25688
108
25364
99536
38146
54764
88425
72418
65390
54321
31819
13756
91209
42421
87547
24932
2049
55621
29342
63751
35530
83251
76362
75530
50243
31140
48450
62716
56925
84960
77587
58637
68865
3012
11385
56032
99352
42467
13335
2381
57870
22351
45441
5441
29059
58413
21063
10734
94566
51407
37347
88150
83507
4456
59277
11618
28592
70363
93822
92762
49153
85070
20100
40834
97137
87464
7085
32196
92623
95480
29893
57660
60873
44619
21289
64159
36221
2414
17429
9495
6106
59531
97832
43615
53189
51244
50484
20816
18419
54523
69244
52047
20660
6110
28370
52743
45204
28916
60036
58460
72244
33108
75248
86105
68598
44002
32558
20241
20770
18329
77891
70486
88055
71229
65950
14746
54079
21931
63165
81596
38883
63314
16188
76422
2513
51955
94096
43923
3185
62667
77911
3616
20400
9226
98655
75660
34490
17796
29246
68183
5791
43254
16044
4684
13811
20179
15432
83403
81865
47133
9638
59695
6408
12099
91059
56304
14985
44824
50477
80278
15055
24795
21617
29840
75082
14298
69070
96436
52308
23997
1365
64427
81208
20198
84881
6346
54988
40492
13405
47891
72270
19582
3102
85845
37095
12211
28812
36357
37592
33313
8241
195
31920
54547
21003
96226
57821
87545
3635
12296
34021
59045
77213
83560
53246
22787
21124
88487
2509
11203
95036
89571
58743
88969
3295
90577
33452
65600
46328
63374
6125
82070
40173
72227
94932
8368
14480
70893
16141
88076
64236
18440
53163
3595
43146
87988
81761
33157
47603
46995
93297
89280
88697
26045
93436
56706
28323
50610
22011
13849
23283
85863
48739
67605
69479
52992
43630
82317
75644
25679
37143
35254
67298
6969
16633
60068
83881
78129
4619
26841
55030
18605
95050
42745
41558
79638
54311
27545
45285
42166
60332
21777
6556
80532
93984
22220
53722
83213
75841
77756
6244
61235
50205
65258
17078
88219
85359
11223
54694
22802
23359
73093
66584
24174
36831
29632
45595
96272
81932
62846
39826
86259
23917
8840
43870
40852
37840
92853
67880
64879
31258
11611
37054
42915
92134
90368
94561
69731
28430
27964
14543
42630
60573
39337
11663
40877
37877
64192
65653
64047
68724
44832
35408
20928
80378
57845
45394
52565
57202
22975
36574
17793
20557
41487
45463
86292
10546
59484
51238
28474
89289
81081
5688
16065
63473
33770
11710
13553
86730
61675
87769
47537
87255
48345
87208
38538
71217
57473
38734
19106
54034
3138
81965
67500
77232
443
94502
82372
25712
38953
10016
9232
71909
63091
65474
16570
27613
58907
59456
78964
94164
96811
98493
40590
67640
21534
37618
36214
86837
75376
82109
85258
5810
33465
77283
64165
48399
58589
22544
94233
3070
1594
23146
31153
35319
76545
29345
19507
61021
32895
64136
40574
46335
32874
8949
18311
59459
4304
46235
79180
82543
2042
8158
29917
5661
51388
61907
16182
32581
32283
26654
19180
21774
60184
82130
84031
52150
47557
44386
40672
19601
2858
40777
43405
3048
39991
40655
21317
28977
35580
25740
60081
88904
78084
15402
95836
94187
9734
78890
62631
33168
97606
17004
54131
22221
45170
7197
75136
34841
94569
87750
52043
23341
73529
93489
55026
26462
55480
92360
5159
9623
30095
72259
52307
10828
56286
94057
93542
38120
88298
17029
60655
15490
41526
4178
24410
91901
34326
38705
53066
74614
67013
49295
67906
67684
74315
76548
92147
98933
47268
48608
22015
66386
27063
40134
20758
19927
90852
7055
34389
90313
48991
28025
15825
47813
95025
7898
38676
25515
99316
27859
30355
26300
24548
42595
71254
59264
39250
52514
15060
6142
26100
10121
3498
31104
40890
16343
98176
79734
32456
37998
52132
70170
90518
16145
38366
20098
99556
82939
61148
96412
89284
8651
27003
91348
61901
29104
23990
96780
25063
42804
84363
65632
49829
59781
8164
80535
90966
6697
55474
36577
76283
94785
31483
83325
57816
20180
7865
12225
22952
61208
33325
30542
5234
80440
5788
46627
16115
41916
2612
19332
77365
82417
41434
90544
32389
39106
9845
5949
98140
60811
58745
47387
85561
39386
46606
25153
94820
11214
56527
11450
69624
44144
73362
56452
87310
4888
17251
53712
73745
87399
15754
75167
59026
99303
40578
93144
65841
39198
97362
19123
68404
28271
27653
45664
27006
11221
2614
44271
9587
50756
73043
61317
6889
87880
76345
92746
54183
52790
64020
55204
97171
20390
21362
10939
3140
50113
90623
84244
41132
56931
82466
98203
29267
98664
63613
17771
20707
44784
26169
46366
32672
26561
65451
47023
17105
52389
11526
14774
83492
92046
90066
18648
52076
23746
2384
26282
98805
60677
8318
66097
44646
51536
54613
1900
63825
37391
50311
96843
20237
39131
53346
15632
74764
21946
4629
37963
73215
55141
7832
21488
77056
14983
422
68654
36621
61048
94830
91040
38089
79178
52924
58465
52948
77968
83822
80439
7065
72855
45262
86908
85616
28593
26555
36216
71327
10079
63184
17703
39146
65149
60508
67343
87758
29871
54944
25363
51233
41940
52919
37587
33618
6582
78212
53226
12693
12696
64707
39902
7358
15776
59181
94446
39218
94477
75247
58899
27540
8397
66929
46404
38177
21496
55874
69257
9315
55878
69989
61781
45175
94153
19851
61099
41052
86706
99737
27973
69850
8319
53863
41876
71135
84270
8253
27634
60402
96637
22509
97457
37110
44607
4140
6062
89320
87556
27020
54968
66665
27892
38976
98396
41277
46786
69937
41602
14978
59957
63808
10791
9296
53788
13775
69120
36962
28645
73923
1769
16989
8235
72360
48908
24318
3120
92883
26979
90005
82533
21806
86665
60948
6835
91410
8747
25696
99000
50899
33536
44357
35085
48955
8525
59856
10688
45804
87960
82087
10558
32139
55475
54423
14444
5372
38075
88816
37382
55860
54323
10806
61739
42568
47506
4532
88555
77926
77286
90143
67472
43972
54935
17774
92957
46750
62142
4655
70302
83420
25603
46774
14980
91197
94964
88046
923
59001
3937
66178
96652
6912
77924
57925
58331
66708
80063
83803
11691
90357
73349
57793
95671
50563
9130
70822
98436
85559
31884
10903
5951
30521
87049
99487
54419
4926
40589
75549
55236
36795
78182
43853
10679
23506
31991
57368
61981
28239
94645
44946
27179
46155
53333
9484
39445
5337
86104
62028
74408
6592
63047
11319
70030
32711
74577
60074
11420
20803
42581
56787
35654
88980
16120
51369
46674
57838
44373
80449
51974
30019
49954
73507
22207
28726
78973
30318
42094
32025
47000
92501
74238
67733
50883
38382
34550
2429
18477
47768
22471
94339
61640
99690
53004
82367
39283
90642
79550
48046
49610
90752
56520
3553
1778
58108
39872
38622
79147
88845
49156
1052
51647
57926
88943
40240
20891
13163
3354
21924
27969
1166
46080
29181
66273
37729
96009
94374
38935
86404
36010
1354
29317
36451
84980
48921
64954
44919
71487
78191
3828
70440
46336
98993
24275
55811
77302
96613
4135
13466
97610
69962
21956
69697
89228
94766
47296
59018
23200
1224
80556
28145
79698
85451
17123
38368
2134
94377
68111
98726
44220
10424
64166
73041
81664
42093
24724
6938
41393
22489
19739
27158
51078
12826
56612
7715
85410
59213
83434
82928
49350
29308
18727
6859
60647
28473
83760
30674
21213
59420
69812
85238
31846
46656
52491
47576
38161
51489
71072
88997
85483
91387
12176
99799
19042
28819
89057
8331
28098
56981
39457
31607
5351
53529
76796
26313
68825
13559
52327
15012
32301
40937
19101
45728
99356
39620
84388
18584
79592
78221
70802
4943
62880
23558
85870
3328
37081
99035
67898
5981
19428
33228
65796
28002
80223
47992
80971
78676
83468
68262
44573
30205
13431
3249
50172
25573
64049
64616
72759
31689
52199
40613
51007
39301
14441
38096
14032
65907
45685
95336
64745
90121
40421
62581
73047
79296
74262
59494
84793
75377
74016
47575
60544
43895
13138
22368
77209
10752
1340
65606
88880
86901
63389
30570
14415
84260
62162
72287
14216
89043
42779
44275
22530
39033
24953
96158
85272
56158
20525
39045
23003
55716
71404
98213
47368
77464
55945
76453
39319
31550
83761
99927
56896
82468
61565
61188
35778
50665
17510
30148
49899
72649
69939
27134
39649
57137
6265
82249
98594
60635
82949
47655
82919
45145
91092
78512
35793
7757
86954
25814
82014
89651
77992
50017
36135
88220
67884
39035
20334
94443
84851
45324
50854
92784
90032
40557
17798
230
80722
16061
1796
50858
74842
30559
75197
26874
65807
65453
88413
68693
83334
4609
17676
32268
30702
74599
51620
39585
84175
26265
37909
65891
65584
62555
89144
88788
24411
40744
16526
15910
33415
16816
74247
83974
92864
8783
28955
61319
31154
21811
52748
83254
78994
20603
14962
74681
93904
85075
23173
2628
6102
41194
23603
22051
32068
81277
83749
27647
66678
70065
38147
97577
18509
64121
16777
22610
12639
38233
80431
80757
62489
48382
79421
4813
96537
97708
71872
51914
40515
63717
4433
22964
34664
28718
64350
17341
55898
16485
64370
87909
83733
35865
74680
98287
3681
6944
47945
68433
83867
48906
27159
19619
68504
49536
28411
52960
91398
44710
95753
50568
20061
72174
328
97122
10293
96621
94842
21531
20888
43370
45206
5551
43685
72306
26176
2777
43645
51270
68500
39181
82072
54972
63299
20973
32102
76908
40106
23356
38194
41157
19759
54412
71199
1332
39360
41362
61486
5850
49307
40975
7746
3929
43924
49213
90864
52791
65283
77934
48448
23928
14048
71158
60434
39875
86789
95129
82714
7869
25968
41453
61857
42417
22640
40066
37620
26901
6156
67400
94791
90768
70511
28867
82758
60147
5062
93281
94908
4113
97088
59613
7099
22267
44889
89044
25750
39703
18924
24814
18644
85353
41862
21998
43573
34019
34441
67290
11502
48642
41108
2282
64588
79115
81042
90101
3928
33650
55679
13376
69773
65728
63055
78294
15468
32325
21657
27239
12409
40404
43169
3213
83786
43365
15513
98390
53976
22171
92504
74914
16567
21116
4638
9207
39664
40432
76134
69668
57668
796
65161
34658
12905
28444
44240
43556
226
63382
18806
40981
49468
53162
89073
60313
35969
31893
85105
22160
75623
47837
41471
55895
56450
51252
60326
42852
40929
65017
59927
26457
37889
59992
8918
66652
65673
61418
62220
86395
48737
65259
99351
85016
50749
42644
8836
23599
34543
80516
4265
43002
53267
12003
55086
92617
12460
79167
17133
12349
33435
73874
76928
26118
14810
14686
23114
46268
82610
7778
51223
23112
34866
65254
94264
53341
54454
48695
3132
89893
3130
17541
77501
90330
82718
71962
94534
20689
55173
96937
40738
10572
32749
91782
77677
67742
41497
75883
21985
17200
34010
12206
19168
36510
83450
31609
67796
63508
5414
1587
90725
77453
70692
14393
1911
72307
18493
69689
25052
11080
39561
54080
35082
80116
31356
74705
76431
19063
56621
1331
39778
112
2642
29057
91464
23741
63209
35504
93361
1727
24943
67362
11136
51346
48067
70008
63256
8317
6429
87550
71414
16620
66083
43482
96542
765
9053
1821
5798
74850
24383
75051
14268
61431
15887
56638
70677
55745
89777
13224
1617
41071
57204
9238
68960
52751
52464
60298
41262
42459
60690
29792
31342
82463
42726
64639
94317
84983
71992
47710
25349
78993
39796
76664
19148
13784
74970
58904
67777
48718
75836
53808
59640
80082
43517
74460
95731
58106
81356
60984
24404
82357
84719
95597
94092
75021
9154
16881
93682
39063
40594
24064
67198
70378
73801
42202
62145
80927
99389
55081
77623
41757
52698
47247
19266
17861
61205
53238
32153
18451
80352
12448
23061
83355
48296
21199
1063
424
3569
15485
7595
51122
8522
10138
56469
22054
13112
89554
21163
43074
78607
67153
31355
46760
65187
27534
22892
95413
37949
67512
28788
97932
51866
57712
9471
97899
19671
13705
79781
33278
32908
15742
12316
35234
49620
3212
46516
87950
113
74044
55099
53241
93537
67309
10304
9548
89454
46270
40135
37042
28546
386
8188
96710
47552
84904
10065
12512
52395
26022
58073
66916
12271
42055
10628
10767
98170
28464
99743
35457
3655
88020
21679
19070
12209
57567
8137
89558
60501
61759
19868
85778
96043
96965
12472
89232
57895
14800
13654
58828
97527
75230
14198
20397
79604
43446
45598
95728
97540
24155
55806
64328
81269
46097
27277
97931
20101
36727
10720
33663
92569
72634
10993
72188
36375
7879
1877
68820
63216
71564
11508
27939
28875
61163
80861
91123
56447
38016
28826
82699
45696
66057
40229
16868
17277
70044
17330
6280
35786
57302
52847
14278
99983
28388
53306
60843
46996
71877
73482
80170
47874
71634
2584
36464
42765
55816
17407
47455
67688
51661
56184
97465
35055
30428
7482
19821
46854
35602
67276
43049
64938
18541
75971
18941
73676
33973
76292
52768
93225
6401
64179
58698
93937
83717
13759
96151
30091
63703
94821
58830
46540
25353
56040
45345
30436
5023
56202
75087
56834
45662
69826
17292
57938
23890
34790
98888
29288
45254
85223
77137
81984
56860
36000
67050
32312
26960
36392
62193
11088
46279
98688
92213
37459
90248
39971
31931
6070
64235
47678
25811
88780
12944
10116
71931
65418
5685
18544
17451
4995
41178
7053
38928
95783
42668
74165
77312
19548
48649
84458
35018
28480
30059
65523
88805
83491
14833
2133
69322
88492
98345
52193
7069
52884
15319
8062
47509
14129
77165
8805
77205
36709
31203
12801
68086
77293
82503
66582
89999
69112
6080
63624
70209
29028
78334
84653
84376
13687
54396
89793
44005
68696
99459
20599
92690
69199
88031
30083
44365
77442
51737
39945
13066
67381
67837
11603
302
57379
78702
91361
42181
19902
32661
11681
27325
28378
86301
69701
55246
92340
19009
99271
20715
54294
118
77146
76759
81710
74897
15410
70932
34973
97782
10563
951
62792
6901
96112
52255
66968
26042
60630
6166
53703
70041
2238
74618
99250
39743
88213
32118
21090
77516
47479
63469
91800
70014
44671
24638
49935
51540
20147
28512
9089
69828
49654
91083
68745
46051
76349
80048
56711
27915
84982
46223
26507
4373
31072
11370
56594
21969
17739
26741
42916
32750
66069
68910
5005
55023
85973
97437
88204
91557
17045
91719
12687
93233
82954
54766
88504
31055
1037
24374
93185
2577
77700
9370
40667
60230
36590
43976
82491
56035
60891
12584
68428
99261
36437
91726
87349
22555
47978
13348
98861
96365
57052
72613
29284
5293
72355
17097
58255
37715
97330
25284
75512
45333
73159
10943
77090
92940
58736
2167
44351
26373
78884
2873
76360
7628
14986
65178
13016
40088
68787
68040
48560
65399
94563
17586
52724
84027
79129
96323
8653
68842
95289
27638
71942
83955
19787
78842
32573
6389
19233
7401
98504
89814
18739
99912
38838
52888
8044
73675
5902
13339
32383
51622
65511
96713
3440
28642
94042
41233
24378
60637
26947
40153
76288
48437
86810
21088
72312
14189
97198
9513
45234
79892
48124
80298
43533
63919
73838
91647
47269
85040
90755
34955
24062
71238
19471
55237
18263
73571
1434
26714
19296
89308
9035
94833
60569
60672
92302
74000
90589
52880
88867
94543
77095
62411
1904
65957
8602
35449
86659
70465
76213
27428
92056
75227
2977
254
36365
91457
5010
78376
8108
55669
99313
64216
25403
87939
33657
47674
82345
15523
66543
63456
85524
21262
40502
95157
774
85555
80669
21075
53441
60472
49912
39334
9991
36031
72996
82909
50525
19860
51530
88808
1915
7106
56588
17979
53410
10976
40874
6801
83192
82467
20791
19536
11491
13984
31417
20055
33598
57194
85610
39686
56172
67473
97293
85374
5114
79228
12182
75090
60708
32847
81980
73371
19870
5354
16322
32998
68762
97054
23066
51469
84706
96302
12731
86852
5504
67281
39661
50035
49754
1529
2838
77935
2667
74597
69249
77199
44460
27524
12980
83647
63568
91889
75891
47936
69387
13528
27737
3717
47694
95867
34347
52734
29504
14552
48236
72045
30062
85623
2090
13639
80495
77624
72898
87889
23229
59044
26619
57481
7850
87761
69659
40680
93543
85641
80446
19841
81123
76113
21234
80105
51534
87544
2107
48977
59205
60704
15816
37751
71527
34964
55680
97713
5587
74643
96225
78013
33042
89509
55576
25454
17187
64693
13460
52952
6667
96192
89031
24071
18994
55619
36266
11524
41566
68997
81374
5547
11202
35699
45278
5875
43544
19876
64063
47773
19842
8092
44525
35152
44933
72461
37294
13552
38506
35949
76325
73779
34097
47621
58496
45623
60053
38238
89593
85096
41245
20889
42691
93683
33877
54421
3587
31981
53913
69997
98099
75983
98425
27439
54632
21841
78940
87623
45648
9304
51207
23030
12575
16840
52040
80454
16450
80327
23660
99264
24287
3580
45006
38269
90565
68804
4810
28900
66148
80099
44369
89346
34908
27698
36253
32607
6196
32503
11667
77582
77604
80265
61088
95114
31426
61304
70513
81805
96381
59145
24893
31370
71744
68071
21843
47317
5844
3246
95661
83805
60111
7144
22092
87912
75414
62820
33960
25303
68563
45573
11447
40461
98767
27398
22399
36184
69835
13096
88660
76598
46640
20168
2848
80433
74768
84773
54639
29928
64714
77888
68296
63480
80933
88275
85709
36305
25871
55583
40371
64795
67143
38389
58067
35399
27368
40867
18340
60462
94292
30141
84424
31222
52305
79211
10358
12581
18885
34676
57423
22569
15532
9790
93270
89746
87214
5058
83978
82069
22736
81879
17583
81467
27706
64676
10777
33959
43822
49798
59356
50834
41308
22079
238
41100
77280
1112
47304
56151
93814
60340
48534
76713
37837
66798
4114
35333
41809
87369
65458
74373
7961
42204
72035
9312
84968
65852
95008
58668
31027
41212
25569
60884
76446
25974
98075
66258
49377
11099
86194
49893
6817
56821
77045
99580
35474
50391
55751
56675
88468
37157
7194
94803
13179
50630
7810
86387
33724
53480
7083
46676
97539
966
45090
57711
57289
3024
22396
69012
37790
17799
50450
56462
52983
6661
18268
440
54900
3096
29875
34350
45355
407
21365
47915
64867
27328
54834
56367
71902
93094
51385
89971
56934
63890
93483
45339
70948
30869
79339
50099
71053
42507
83090
67646
95297
34978
25103
82132
18008
27031
54152
93001
9376
72394
48287
33128
93400
21487
41110
96113
41047
20187
68325
88264
46930
20432
19159
27903
71366
33745
2221
7437
80106
96438
30360
61183
28964
65743
87588
70984
79330
98623
26662
54760
44459
55220
21470
62931
73406
3205
21663
38948
81156
40559
49404
92261
9067
82575
21848
23696
31803
14557
60420
56661
78166
91175
50653
21632
5420
37680
61676
16992
81502
27353
35272
10958
24151
71869
20695
30290
64521
40261
43401
71958
74303
72397
83903
59421
17342
73494
26647
74134
77840
71592
88576
3275
28315
53554
77042
18251
27219
96337
50746
91479
29572
10048
77979
73166
13467
86574
28137
7949
6971
347
74018
10897
62336
97533
71779
79850
27515
67609
68551
96332
87976
40443
26119
63578
39792
1472
4833
78736
18992
32447
58903
97684
44535
83437
86159
82431
97777
1309
8864
97253
93045
38041
54390
29241
52180
78218
23152
8705
13213
68367
92042
66192
4895
77141
56189
67293
25666
1425
17847
99852
69018
31012
64188
80330
85968
94919
92006
53978
98299
17945
99098
82576
92196
74270
59512
48006
15213
59254
77374
88134
41901
32277
88246
41556
35103
14259
35736
6712
76235
78703
24761
62602
50990
20027
18568
38050
50081
43262
55579
10540
1555
33962
50204
22829
83347
38582
56011
57065
76273
52251
53286
88098
35766
1077
83527
72357
65389
4358
71595
29795
95363
18060
79461
7493
40225
91022
98192
4231
48446
69705
22889
54912
15368
20455
45122
68939
2682
50846
52343
98967
64999
20829
26332
58406
28237
63014
45239
39358
24235
3841
40359
15227
51099
79273
5986
37017
29326
36163
44959
43698
94435
13245
92870
39988
44879
58819
22493
76763
24222
84892
77584
16040
30234
98762
47957
1204
13223
2283
91512
72132
57919
61763
58069
93325
89961
20985
90649
99415
63210
42340
94409
7577
29557
19044
20570
53926
50436
96370
8822
46134
63180
29118
61914
88255
58082
56459
38293
64590
38008
75824
65126
90267
88253
55469
4979
39588
35367
47275
88601
87076
33832
9698
42086
12850
84122
74803
94549
84218
60606
5211
74368
12423
43218
38321
6784
4918
17704
7343
15494
26209
13580
62436
34387
31738
18079
70354
75570
61854
94698
42586
4723
51075
43536
75965
40825
88837
52348
86289
6597
12280
10397
25415
37987
73621
40342
80201
30710
72085
46736
75882
24079
40880
69746
48731
3991
13482
53148
69752
65710
41713
42891
63365
18360
56363
93658
55290
52949
25025
6980
54332
12107
87342
13315
14464
51180
70744
97084
28864
3501
48978
12233
77439
64244
3524
21676
55835
43960
96290
55670
52614
44527
42430
71058
36453
43579
56182
28194
32986
68771
83124
41909
13324
3793
89220
70897
33730
92359
65677
82495
53515
2909
62460
43748
99763
55572
32245
48298
32900
67406
5877
58653
8250
79250
35360
66965
32142
55857
12195
79193
21868
14018
86244
49252
37565
78799
28682
21011
1070
23468
10928
82148
54991
35815
91005
6440
22744
26399
36705
53658
73051
86061
18293
41760
56388
69047
26889
13061
66115
49921
60687
52379
88581
93245
36585
20260
17338
55496
66343
34820
67421
4594
69128
47095
20276
82753
19993
38234
6607
25123
2101
94900
23291
52602
13862
49323
98650
72629
40222
69550
18549
4232
67140
41486
16117
69210
66827
3190
86459
99506
48129
34736
44027
29573
67307
6175
9029
85230
71806
55840
72823
12191
60016
56747
43779
35040
19527
60190
22681
92478
96567
67582
27419
82850
24389
28920
66108
99568
67372
93838
5375
21968
1344
14622
1015
80409
87118
7798
44990
60379
23280
35720
54595
17270
83836
85840
39551
63948
62838
40630
77763
35384
41128
78477
9609
65401
22196
36043
8808
22335
7629
65088
68474
27457
45783
13428
92290
2250
35819
8697
52131
11927
98237
42224
23239
63375
91048
57238
35657
4356
17374
32962
88685
74396
53312
22882
98365
54388
85599
16038
68800
26898
54208
16047
78601
2748
75875
3026
11217
57112
31372
21342
46297
12389
88531
53158
38140
75585
28362
10493
64118
2374
44563
75098
50257
37008
67520
49237
3742
10234
16658
37003
86533
3792
76512
70017
92099
85041
62002
66877
29337
28477
63982
66295
60775
61436
94721
58279
26842
85917
37322
55366
58833
75259
9453
95068
64147
41306
60463
64643
49270
77273
46057
53781
98401
35186
78473
19163
40422
20610
22642
25311
68746
12712
36427
32368
92269
55288
57564
67414
98474
70103
51152
36459
16066
22820
28453
86989
3911
80901
75070
48635
78910
68791
44380
59318
20109
13510
74672
45263
6591
10322
147
90973
49075
63833
87627
96692
79777
45376
83711
42173
77907
56767
24182
77220
64347
19896
19077
85368
98117
78447
49325
81063
34378
56979
49999
45383
20881
4159
56751
17710
15241
25889
62182
93252
60511
69015
95791
68612
49337
43518
94693
78400
21278
89569
23217
55159
97360
42106
80613
96947
18074
52543
98020
16517
59976
6457
86713
57796
16103
92466
9643
94035
47446
52546
56601
52586
51738
28600
4379
63401
92769
37295
87149
56379
28860
85793
45205
27278
30163
74335
7793
88634
24250
60925
99572
50200
85904
27433
17843
9764
15499
28877
11167
12514
35420
80742
74724
16181
50003
7633
22340
27753
55577
72438
35285
12038
49013
82123
43156
91454
49042
51036
83575
97549
68391
83766
51145
30418
58032
85193
2910
84750
58041
98415
83567
42624
81233
69379
92612
89514
74369
83417
95334
48138
33580
589
324
70430
66606
48873
14066
48472
6208
22986
99995
35639
97925
94318
34343
81094
48617
97359
90150
15237
49349
95272
8403
75699
1
35760
69972
40111
30372
89288
96104
13283
68045
14878
46214
13417
6652
4794
65318
11266
2268
97699
32938
1548
81073
9426
10799
83400
20486
29211
87496
56209
97429
43664
55635
26620
66870
90761
28199
89009
44472
85233
68945
59096
42257
55383
11270
21146
46190
47292
60318
4077
95150
11392
91100
56144
15131
92025
83303
12608
16364
60910
10300
33254
96732
66843
96084
92844
90944
61681
82527
14559
69215
68640
77099
76434
30645
47336
41914
61566
45908
73306
70245
29090
98558
59236
1363
9198
72715
15090
98731
68706
10518
80149
76172
95312
9439
55178
78209
1994
12329
1591
14517
93806
31982
93025
26836
49525
64129
73230
78591
69461
38478
65599
22629
56025
94270
90621
34479
22982
12996
52202
33180
38845
33013
96766
57923
11957
31603
91084
72926
2597
23175
21821
28647
95153
56959
34034
55652
15091
87543
76897
78766
52275
99122
57263
14417
24577
89017
25528
28618
78716
85936
93729
6388
3719
55569
53141
66267
16459
56435
64640
53089
29449
80174
83018
14665
439
5610
33179
37720
78624
5256
23476
87367
32754
22562
8956
86071
2351
32306
21346
56536
12961
93080
15240
915
83950
4365
79314
33987
55412
53102
17175
41853
76843
51375
8613
86875
47977
88994
33591
33793
94578
25411
58215
72792
15695
4130
90903
6508
38933
8663
56240
28064
58966
17357
45676
41768
80729
62737
84436
82904
70986
73895
45504
36022
183
51018
66713
70635
48597
88146
57449
85871
46249
81607
36776
70496
65171
91913
74425
13243
20419
88067
38284
55541
69214
88973
92852
65979
14831
86094
21928
33910
17641
4955
13250
77654
40228
85674
51302
54786
69436
38990
87100
23378
91240
18392
36949
59128
49853
53714
99979
74022
67839
67317
57088
38491
36407
70695
67601
17366
33005
32638
67393
14241
41533
78500
25602
1916
79849
19913
22563
94432
19884
82267
9408
55598
57837
16686
45219
10692
42096
12956
93825
78562
9498
90746
89193
46882
71057
44800
49675
69027
25106
39450
76035
61891
75095
38564
59515
83996
85291
27210
26413
24368
5437
12809
61126
3234
10831
4175
60584
71856
95029
12132
25744
8006
35266
74031
16584
27998
2403
53786
24769
55713
59722
9340
99214
56122
92902
7801
28620
15625
82644
42335
80315
87679
52860
73897
29834
58713
45180
23884
62570
51585
9259
87798
2598
90270
75059
52376
21403
87365
70480
76318
6221
19580
42321
52212
89469
26887
69036
36833
80544
93467
92822
276
36269
12667
55553
81162
82624
38732
52729
14136
12697
18322
59753
97816
47351
49731
95582
58735
78733
69400
52368
98030
26854
86419
78322
69376
52821
79886
81136
84366
58925
81381
2783
16101
91200
57497
70978
35400
25291
36115
30447
25714
97629
38380
89130
4776
19956
55244
51111
50174
57405
48686
7930
29973
44724
97783
81999
79283
76812
39150
59377
74008
6316
48678
21232
90798
37569
53018
94819
57725
76308
64173
55728
41687
90588
40002
82840
91072
5276
95223
42545
76056
52994
4274
1195
62710
38716
63357
30949
82908
67675
35990
32026
15332
99367
62455
26374
62776
5505
71812
25236
9127
1743
72028
85615
69203
92619
42127
25059
23272
61602
29735
57416
47036
18171
25041
26934
64232
83671
33490
40187
31612
98164
18630
16373
85945
36063
50915
94243
88699
31463
15483
12665
95990
1384
30014
7234
76203
66620
11415
39586
8020
52119
30049
80608
80526
83152
27351
99710
8451
32290
873
37882
9760
80081
25775
96297
5522
89085
7575
39908
27193
2985
26670
93725
69031
70955
7414
86462
37437
97772
9559
50166
892
1736
45445
85989
34675
93002
27165
38469
13042
5639
53997
11844
63440
37469
41439
42897
18562
38670
74608
72798
17443
77127
22094
30589
10809
56944
14643
81484
2913
80229
57556
37015
73755
37986
34497
13454
24206
60749
97725
99825
91174
28083
99931
48441
21040
79524
31359
32763
59029
20545
42108
29980
43200
33829
15325
34577
59782
13298
91687
3534
74784
16112
34927
99771
91334
47898
21062
58881
16695
64555
74939
61068
88722
72839
43485
78979
14397
8540
22004
32386
92383
1473
9185
11981
84941
21620
78631
68987
18120
46038
73661
13755
26049
68424
82454
3222
72440
659
18781
9964
33901
77557
11196
35976
29894
6947
35243
88281
99353
85644
31064
17444
77822
25872
88570
20769
47456
51883
18666
65412
26138
44261
92423
82988
26106
75291
64038
87350
54557
39563
14715
41211
56325
73731
16930
7403
91553
44807
52444
33634
31033
80584
28762
24311
12150
34415
88765
72828
6094
94030
81543
98585
22830
75835
89111
41276
41894
72096
32718
20837
316
43471
68963
16313
32925
44989
29539
73727
30496
88893
13227
94454
14149
11880
22703
12969
78857
57899
61773
90992
86004
72068
38078
42818
33484
85914
76505
23256
49150
29462
61384
96048
19362
68139
10485
78646
75165
15251
11279
60533
22786
56161
27965
65091
63593
38691
48785
87403
22345
41430
50575
25915
19594
14922
59860
96554
80695
85263
92723
73927
6573
89962
1556
54689
88132
32878
19865
3277
54330
10347
39100
23532
79535
18321
86498
41180
86257
23360
5982
30617
42736
11369
57234
48074
63291
68199
67748
68975
43369
61800
74642
11145
83418
85504
92032
71104
43635
5763
69606
63312
98562
73642
63282
7388
14941
24885
80931
50120
76749
76837
29624
95027
31390
5834
13723
80653
76573
83716
99119
32831
61083
60972
80096
96689
57417
42721
64568
53673
72327
5622
24424
27246
86122
78605
85282
96921
17184
29309
31499
57335
67360
70999
3739
86274
45779
11108
11563
48250
6929
95359
80041
21918
90321
2022
28544
29612
43298
60011
89813
74146
69394
86709
15363
10443
45785
90429
79040
25991
22659
42930
67818
84569
28889
95116
6398
47408
95318
41096
44482
54495
7857
61695
73225
20475
31476
86176
81788
69056
55223
37732
95993
86275
49300
45557
15463
69758
57329
28783
6120
47507
89267
89260
80559
74580
13993
16542
4375
89230
32087
51254
6926
8606
98387
56868
97979
96252
27090
28300
13012
19524
66294
38535
28827
27391
87780
64859
10738
97554
55626
26664
22579
12321
98632
36980
3195
35110
94401
14367
88727
17837
26199
1814
44290
93480
96135
49714
23604
73818
32987
84752
85473
15619
60640
6191
30764
91662
70550
38525
94063
51073
28475
24991
35092
8476
22801
93588
21666
91933
3953
65641
78647
35734
6075
27464
9799
73032
73945
81688
21594
46199
2388
43558
20765
72874
93518
30283
54429
57771
1214
94488
49770
84368
32567
95261
81650
51172
95946
45677
73665
14227
30905
78019
72122
38239
72630
47488
79243
67449
39012
12763
54365
76866
60691
90655
43330
46769
33593
87102
87309
85699
88411
29471
50045
65736
80687
25932
95370
40597
36200
27483
92391
95520
35713
55055
25460
76110
85185
77157
16109
60079
22834
39977
74699
98919
87411
5665
22072
11341
64233
5044
86384
86273
62253
3478
15469
29307
15900
16056
26596
37229
80372
31246
56515
50179
24337
43350
99539
82292
96390
26639
94617
77535
99278
16227
69911
39484
96825
55977
82996
75888
10673
14496
66495
44310
76605
69195
31519
25413
46135
52618
10056
11184
11581
60622
69702
85243
1959
3364
2625
90301
43396
45249
49762
19809
64092
70122
49909
76243
42685
43046
73846
4286
27749
32
36036
15650
89451
70563
40741
94829
19298
6044
25332
77148
23624
36595
18703
44591
59500
22601
3837
29738
66210
54875
65929
12415
23527
75270
19625
29229
37105
37233
56457
41709
2273
23950
47901
40545
97658
24496
2722
78430
15526
54730
98994
11472
23036
83238
48626
37422
97177
32298
64479
79756
90748
15338
64576
71580
75534
68635
14662
74883
44643
46014
47287
92865
45996
65250
12045
94458
83637
15489
44364
82063
65761
88170
38763
14710
62192
8128
47468
99426
89311
62158
89020
67497
42209
42073
43328
35941
34386
39723
67989
30913
39898
52205
15620
10950
12241
32598
8046
63644
92928
70116
88592
34656
17422
66711
85742
6011
21780
42605
72922
90377
68917
28694
43484
15382
52139
94743
23529
73430
28112
88733
10040
90663
74338
45423
97012
28140
38977
81629
32735
98029
976
71823
15699
27065
22121
86067
19729
9578
44072
55781
3245
23494
1807
98281
24061
25694
30543
31618
45891
15346
24586
64466
85215
78846
68361
84124
29880
4181
30306
53027
17121
27687
618
54818
88190
3411
92973
72835
72668
58537
16262
98627
5676
49355
19572
22863
24044
50838
89838
79154
71340
30789
19389
91204
7293
22355
3105
54532
64666
67517
50608
66050
26443
84755
80026
99601
70971
49737
92133
58681
62267
15536
5596
82629
24683
73076
69511
11464
73085
77188
76313
6618
79810
76223
6127
77327
60141
74588
69078
83676
52720
22010
19783
53769
29075
68965
4127
13153
50356
77884
77380
695
95703
750
29478
33645
83605
25676
36362
84703
98475
34700
57129
48292
41714
24574
3938
92514
83156
26635
25801
67970
18455
17695
53687
95058
44729
56532
99463
70663
44912
31029
68219
80925
26953
47501
13116
68098
92436
62139
665
68235
33737
13275
15806
76488
26002
98154
84637
67990
20596
31746
97469
69435
43700
72064
9809
85116
18123
64683
80769
37773
66641
46464
59274
14424
12825
33427
93097
48396
54035
29476
42981
26244
69087
57198
37523
32599
5470
57341
67964
76216
77650
26943
21250
22168
24983
7448
93837
78533
76377
13021
7173
7555
13616
14966
51835
11331
61189
99598
29712
1522
52904
80044
66774
81190
20914
7858
91671
82402
17821
63119
13421
18336
66669
56625
83562
55856
52145
42580
92836
9784
61960
99731
34994
15283
1303
35934
92264
54024
47699
28033
89526
42170
23028
77291
85431
7095
57886
28375
99024
12276
93700
34051
81112
96580
69405
36702
64730
36822
61409
64637
39342
79352
1185
87382
95161
69497
14664
23887
42353
64163
46303
33401
41852
95168
72196
10671
90415
30574
75109
38695
13749
55889
52173
3438
63369
86879
56634
93083
9050
84965
88042
50703
13535
48423
37857
84246
95107
34985
3270
30351
33065
36871
15848
78336
55774
58173
49975
26954
18244
51824
39722
73130
30692
83860
90315
99646
86140
31279
7171
32576
29711
2516
49657
68007
98406
53946
31895
22826
29685
73293
71137
53270
88085
80934
20852
78148
34891
3983
58927
24031
70319
32466
3177
9145
69119
72297
43212
335
21174
49202
10193
57589
22966
49588
30750
11181
67478
65745
24242
69299
417
87189
82974
91967
80202
65844
5609
34245
70489
96194
87853
18192
70153
14911
24844
41384
31330
43657
78066
11912
85669
42424
1076
75543
48180
18712
49110
48715
32300
30377
24366
6602
24980
18923
57737
81716
67830
6911
31058
94873
65191
8037
86566
84905
71155
6453
33418
54279
47869
59489
9804
4070
53572
98039
40879
84334
65912
70531
73968
36701
81126
46813
66316
56578
10163
90057
14661
20843
91768
53774
24709
17941
7391
17610
79017
6053
79144
87781
9512
27257
46549
58912
13752
77038
63096
67834
98271
45221
39459
17289
24986
55196
68817
11007
53084
90763
49801
35068
26926
97082
46213
6924
61008
23534
68403
35926
8704
90742
83504
78494
57211
78057
17351
27084
58411
49826
96216
58426
11767
86896
27672
73914
25576
17373
55533
25965
99513
35429
54979
37662
58292
50041
93435
92745
43132
20783
26380
49891
38014
92592
24041
33461
93263
3741
39208
20949
67069
49724
99739
30343
13470
97509
342
10745
71464
31853
89495
96453
50811
73764
50143
73639
27635
59485
41160
6266
20635
57991
76683
61217
34215
13413
61420
87687
24352
14465
72582
25038
7685
66684
79709
32981
7518
44892
41821
79680
55550
86618
85833
6174
4112
69551
13364
95877
80889
87747
37867
93990
76405
36766
64148
92653
36821
21695
54270
71019
21551
39877
51455
22134
77695
3979
32414
36157
84943
56350
36130
86260
97381
13684
98849
5280
84202
75468
1755
48996
11375
51055
77465
4937
43339
82238
49166
55387
96604
16152
10574
72034
38031
64158
91864
27809
61378
25184
12373
24719
41333
86386
94310
45411
34272
27174
26740
92085
75494
59037
83841
52370
10043
53960
71360
28713
58940
12429
96156
3172
19213
48307
70964
47047
86076
56266
55462
6810
76778
56284
30411
78090
76696
8153
52848
48530
20496
28617
4864
32813
50526
46753
97417
37671
60789
27711
10102
74831
9382
81044
94503
66185
7558
18593
98755
40787
60983
49804
15803
57958
3623
49387
50103
84518
85138
4905
51474
87595
13194
45533
38999
46951
84255
57390
28725
64490
97799
44574
33698
90505
16179
31220
57458
18269
71374
15070
21862
26101
51185
2600
53074
76240
92826
13608
86107
56242
80619
7029
37248
93986
86766
39222
18691
6016
88524
87894
15879
86213
784
26190
78281
34674
51819
91529
90018
55758
33894
23495
42802
83236
72209
16551
40616
76460
73734
24961
11561
30192
13501
76562
9921
83096
26599
97351
74810
24938
66125
81519
26445
6059
16411
42413
52437
62804
25125
17910
54604
10638
68918
70795
42390
74707
39186
74288
45660
98286
58330
62978
71305
58044
83845
53524
35035
88084
67326
90789
1355
43799
34241
62421
76539
23002
85512
67147
19029
42768
29435
67714
80147
38673
73667
20887
50078
98689
94606
60952
61637
37253
54567
84777
85765
45815
28258
75306
79415
46449
52806
63726
31506
61715
3751
42792
43005
10085
98428
73251
44857
95735
24279
83058
4085
83428
5297
69504
70127
76075
72371
97507
69802
77405
67949
64848
20514
64365
22286
10445
40427
29705
25456
91535
48343
83179
53770
59329
807
89329
39730
10650
61417
65331
99219
73726
95534
28690
19054
89776
61049
34650
62364
7215
67254
80092
59900
78269
32481
66683
58939
86356
25590
26692
51637
53278
75207
66667
18410
4661
97077
97173
48827
61460
50168
81689
64036
28332
30211
33997
74236
51735
26479
22585
53283
8604
38084
41255
61299
82593
60232
89871
5150
68903
87096
47962
6668
97529
32308
21391
16346
10978
97630
7791
59943
86170
74528
71457
59022
23118
21379
38939
74981
82318
31987
38813
8470
76901
14299
72614
44024
67401
29670
24113
31464
32541
8446
56812
59436
2342
84386
26589
87509
97365
11737
57422
69953
1534
79064
74640
11312
40332
53742
21958
37501
48104
57672
84915
85560
81994
34464
48670
63178
13389
71964
60632
16622
28401
38791
70789
24987
31842
64269
90300
3473
95533
52997
35029
29125
98222
29151
8393
4367
48169
66865
20541
94527
13926
28428
31002
21547
47852
2507
32201
54838
88302
13590
25474
83288
44166
60
94383
2919
79823
89733
23663
21726
41300
60957
60924
51026
29815
66334
51363
18004
57272
6504
3168
34582
41136
62206
16721
89785
32432
53948
3732
12762
16332
82194
24122
43371
86434
94081
24308
37084
12983
73210
83885
16492
68244
82689
33037
31796
7166
38215
46698
78767
80076
60754
14451
88039
50260
67146
43668
57245
59552
3378
72238
16582
82769
57095
48653
5079
17172
20637
86390
85654
43399
79544
17489
22486
8287
98966
21636
33514
40259
3601
91338
83344
35689
94946
1563
66526
89089
84739
68769
94588
1720
10631
55440
46699
55894
42406
64362
57627
516
84356
90831
84462
97219
72187
63043
69646
56181
59189
48204
26221
50877
69241
18231
48233
41847
22833
47807
65605
65535
48371
78542
48433
42785
17245
76992
94733
48262
15136
91554
14994
5705
96690
99921
29220
85569
66189
8928
34699
44966
56021
50929
74866
80085
54437
52000
36721
34023
95685
70076
92426
611
264
25302
44219
40837
63280
58474
5457
69
97138
67821
11685
22251
56130
59183
54791
27945
86155
19916
75009
64495
45289
77389
37337
7279
30653
3053
53702
3801
85057
51988
90929
60274
23701
52538
47981
11572
68694
58515
61404
74183
61507
76019
96848
39123
22161
70900
99090
89103
96737
40234
1852
73422
49096
6547
17381
53557
24797
66432
23757
29806
74905
74403
84717
75858
82787
27874
44285
16650
39591
36890
36991
12573
50819
44410
10117
97044
14744
28394
13228
77128
68833
92654
36825
20128
51909
12700
64374
53521
90684
15048
43442
60372
83481
49642
8034
50296
81642
322
33307
20963
87917
27407
42686
72641
94300
74361
41840
99661
16176
41082
22850
97590
7837
31858
84751
55320
74904
56518
41536
64530
96060
12130
65375
998
34348
19566
93808
12954
3848
46822
53039
83324
69680
55948
43875
28274
152
9150
67730
19840
52755
41338
15193
60330
6751
46137
43311
5704
26896
62440
56135
70570
12526
59591
4893
46976
46183
17719
55175
71570
27513
48116
58420
64037
72653
40618
15051
8136
30576
41204
62315
50519
88553
16725
64013
49646
93116
9309
8548
96180
26627
36112
33879
71670
5941
32973
42805
79854
67510
22814
33412
1484
41133
29522
58472
89581
89190
99919
25178
47814
55892
65338
80635
2006
8154
29769
68104
39215
83435
9949
76730
65875
96703
35908
45837
67332
5990
56085
35498
9985
2330
18682
89642
85648
63150
18243
99431
35334
25677
40859
89932
36372
57631
96236
29935
36733
77736
15741
61028
10
85984
11317
78158
53140
27820
66088
56713
3145
2317
3549
12420
43592
92830
64110
28067
51410
30006
35225
59297
82828
74250
69607
65855
15108
65148
67437
63748
78445
69635
4967
37232
88865
46003
70326
5715
38706
14918
15937
44426
20561
50829
78439
29369
45554
16866
80831
53429
74254
31965
38616
4219
26691
31138
29673
75831
16782
20325
34956
92755
58588
42680
2045
51716
56908
8529
80109
58119
22528
29373
80235
62200
54739
56602
18599
58915
15595
44696
9610
22450
13084
53325
87998
88062
71370
66705
72663
72867
32769
39094
51176
60824
73957
72109
99095
68182
24076
76597
73352
20001
29982
14409
36859
96782
42993
29676
3817
3710
76984
71668
42015
41445
54754
47218
99177
56328
90115
13184
13337
70130
29993
60755
95269
84754
99996
6921
81909
14096
71660
72198
68152
7066
56538
97463
78031
94437
31692
28763
48799
61533
9330
96559
15981
79797
10423
18105
48899
50997
6849
26051
96506
25771
1708
522
49033
18124
83639
1943
79350
33509
93765
5744
948
43283
60756
5575
69220
92124
89029
91822
15242
65972
27712
69167
50807
19076
96371
81074
27223
3308
50409
80984
14099
48299
4680
52687
3736
60239
23807
15310
18749
96435
40374
30843
97996
41936
45736
13294
8338
69297
63123
72002
41131
11459
67926
64072
15537
38690
40182
49593
45470
29812
21081
91491
78902
26189
66335
67979
26849
90397
95012
68051
41950
64416
63772
48957
94423
39607
73952
21115
40010
27988
77826
3203
74560
63629
3936
78402
4894
861
93000
78723
6920
33133
47744
37952
20697
96797
78332
94815
55950
28303
39161
5980
75578
19762
36358
30119
56614
9491
34227
98234
9532
48401
15829
13255
31235
6298
37005
71529
85832
45111
13641
21188
81274
62459
47323
48414
4557
4924
38349
43824
27026
10045
24729
13778
57857
76107
30707
27830
56138
73367
57896
73886
5213
58056
76230
76631
26283
58953
27503
35794
66913
58391
6779
38623
86729
67650
3181
20775
66608
1117
8629
75240
131
10680
88565
82030
52
10106
96626
84238
63306
26930
83552
79368
3998
9957
35157
43746
42300
10132
58773
69793
31516
30639
7485
3131
85340
7104
21559
78583
41531
48549
89983
18063
88183
14168
80216
74522
66305
4584
4556
4310
76215
72496
48377
82360
15596
7864
97915
3128
47242
95271
74702
50919
55486
89627
37343
60999
1319
73569
42798
22600
82862
30912
34466
73934
885
46596
80939
32079
48240
96037
17735
87331
4395
9245
95062
50242
92543
77867
8060
6149
22240
33851
20070
4571
45430
52204
25955
92828
58459
60989
5038
46278
79527
27123
1887
95506
61807
3101
80110
63107
40784
33714
93188
16198
70908
1182
18161
54051
361
70414
45846
33644
57929
50731
4251
80114
93357
16162
78527
1093
58240
64135
71439
77347
12711
60718
14536
57501
67558
96483
63845
19097
48016
37021
46163
87741
38583
88015
99357
32816
3812
79899
62894
18462
38248
98279
30516
61490
56782
99217
78563
69620
65686
74014
58212
38966
55397
52705
55668
65478
9821
9176
19169
18985
87797
67213
64320
51350
67456
81309
29520
8424
74147
3729
84567
53780
98555
66985
98911
97911
23107
41979
15797
91346
63495
96804
35703
77236
44406
86399
66478
75655
3652
56444
5706
17007
14267
74867
38417
17263
93983
77211
22165
95587
48509
20839
57444
29604
94334
67313
98706
69507
53292
8952
94345
45517
73632
42066
27477
99810
24183
28928
34932
23955
11275
22005
51555
63960
73113
50769
68601
73447
29443
63610
10940
35572
95428
40169
39099
58254
97298
60786
86017
42016
11146
50244
15794
43548
16191
26075
2961
78797
64376
76518
31107
95919
58363
77276
62825
76260
43383
15161
16924
18313
45147
301
80059
2835
96406
44044
40598
61597
28727
86394
46738
98571
87599
67225
98442
64645
58857
35148
85515
39739
14474
13577
67064
63545
38881
74069
18775
53034
72296
67992
36119
7779
65667
24635
84731
63958
32942
49780
70406
24920
90053
16422
78437
5871
82031
90647
43873
58568
76781
3097
43222
16311
22282
85875
44157
76477
42597
23333
41974
66772
25851
38745
19903
87469
82806
76527
78664
73882
20342
11648
63768
1173
30165
89461
84079
4904
94022
36049
41984
63870
49902
99781
86425
77
37032
70314
28276
81355
80701
87081
17755
79133
76824
5549
60033
19131
73816
39845
20226
67538
85608
45372
7467
4138
65763
33841
88274
9096
46104
30353
42133
97521
13284
14952
20542
64968
6674
4555
15717
17362
78528
54326
29124
33885
14772
24971
59059
28026
82373
87802
94948
97512
80726
89209
53383
42143
24269
26269
16454
98267
62900
71712
58747
92624
73475
53394
82008
53596
45789
55733
90217
43351
6310
39117
50025
74879
19639
2644
18808
56888
11139
48918
21345
69046
99347
60475
4927
79933
4512
89878
88597
36503
51975
73487
75693
41314
46150
32967
10789
95474
50648
42449
95290
87060
49103
23823
70694
82140
791
9614
32416
39135
95364
8148
26701
91078
42844
95742
60116
68260
80104
62655
66234
14074
15349
40938
59568
79565
44298
24824
20297
84807
20228
77258
21599
38310
23138
14632
52072
78263
23836
73720
78623
93046
38500
16510
47421
80359
41146
73870
77259
30184
44789
45371
9243
59133
21588
53359
52481
27865
353
96985
18877
872
55568
37582
11684
83966
73239
92960
4001
81338
45723
60736
76148
86489
34112
33306
22887
69316
54336
70998
98150
23967
73379
68207
68127
55323
10835
69452
47171
8013
52775
42522
48315
94321
4044
39741
91644
56277
42659
64864
24162
9311
66150
20720
65958
7957
94573
26016
87260
60881
65325
71646
83194
91276
36530
49668
78596
78967
39713
66013
31453
49535
74893
38656
72777
90965
55056
9451
58129
22567
65770
78749
70970
43563
76378
14528
85169
54246
75139
85036
18396
94188
69309
20860
58820
75143
18194
73067
45601
41090
59938
41127
73078
43701
84673
16019
47651
13979
10057
62328
33930
19604
83898
11129
47288
94644
18525
19350
2785
68459
26871
87107
65433
59369
57377
38967
53569
99623
23672
45191
47562
23815
9843
28211
74261
59513
74848
90029
98351
15256
23284
55066
84811
39987
2674
47307
87396
99094
52057
63572
68793
3767
31294
29778
48688
22027
27150
99641
61988
78885
70781
19126
74273
75519
12074
29927
28414
35002
85406
26198
52742
86621
27517
14388
65204
20520
39475
9928
92974
1048
18113
77793
58608
70732
55407
46203
21134
80184
75797
3870
84446
96472
15883
72762
61462
14872
967
26130
82212
1051
41735
79323
58804
53716
47887
56649
95145
37971
13087
91537
66542
50479
55642
23369
11419
68415
17721
29978
31771
23735
94738
67630
89888
53736
46963
58627
93550
76122
46064
53119
13487
79598
86378
29275
47402
78724
70231
6678
61158
3988
89091
81227
23125
61572
39056
18061
94103
89491
40315
8670
14921
13237
34911
43683
7390
34302
23142
63101
76699
15354
91257
73201
5572
52142
87490
71481
42563
53435
90234
21244
81970
78952
90253
33086
56359
14179
96518
9800
77539
35999
98145
25684
92943
33094
82678
73982
16750
69970
88087
51295
6989
15942
47246
2300
14143
76211
42524
43526
8464
63057
89496
84059
71996
18443
78033
47466
51222
61743
75079
21427
61556
79443
28251
78893
80267
2950
40176
55649
97867
2579
56125
35056
53688
77052
81751
33915
66588
39534
29088
50745
58964
65169
90105
82482
18229
42926
25308
6436
42853
81955
80177
87289
29574
94933
22350
11576
91546
5221
77708
83317
5544
33315
26858
7371
89825
8399
66041
28155
75794
37758
73220
25689
46256
77197
74138
40872
70389
84009
22322
37606
53528
39052
20358
13869
16318
21437
8157
37800
81522
38311
50739
20498
92268
35316
43181
42293
68147
79078
53704
10742
86509
98097
41854
1033
19967
81223
18338
55497
58838
97134
65893
86693
63531
44199
56120
31415
37757
15405
78985
74882
86381
8528
60410
32407
71498
94330
49692
99527
29481
6431
78233
77421
66319
83796
57531
38151
91962
6372
85829
17527
30408
84301
63016
68307
61347
87210
74900
64875
39747
94629
19650
58096
37868
10853
81399
34453
44615
88394
68392
82245
35138
30837
17850
15578
45699
15197
69819
73454
52495
80394
59649
67093
45856
67528
75697
69264
58070
86416
84345
96030
42988
38322
46462
77462
37026
73532
2234
22549
73153
33155
25438
99354
25908
15467
10341
7499
68312
61691
53207
98847
65909
58592
7769
63605
61882
98489
6792
39860
37432
20576
54431
72801
43605
91826
39869
96477
77622
95414
16798
34287
63045
44716
56823
16233
82287
55891
14002
61408
83699
48024
57210
52309
29268
41505
35772
79690
34751
27342
19090
75612
55279
62543
4685
40081
93109
9277
16856
65805
26764
41442
80947
54640
82589
51303
50707
66159
98947
99855
4273
49678
57394
72235
55476
59024
49700
73450
91077
38748
29740
71419
23010
89231
33854
40704
16808
43520
20691
72631
13883
35236
91600
13154
17615
8538
78974
34818
47140
90521
49089
5670
13677
36502
31147
79134
51166
87622
12101
57382
66030
28941
73625
10257
54949
38649
64557
18779
76780
38796
6086
3268
13697
39173
50353
57257
62241
48263
37750
43565
21654
71754
56302
33200
49908
8161
36730
66027
35276
79116
61964
25655
10265
81098
36850
94869
48054
28152
29994
50157
53553
48615
57927
54167
27942
12702
40654
81914
58712
39540
10759
92817
84410
23845
69337
34072
81770
2269
27294
54011
17814
39979
71332
55947
367
72220
51614
41721
64039
32729
99906
75586
53284
60050
2569
65819
76889
71126
75156
29145
29720
62282
94672
1781
81456
93402
50814
64537
77098
12129
51422
10743
48935
48093
20772
88268
12642
42998
24291
66881
81431
86383
36194
91380
30580
21326
58824
75393
66344
69686
76661
54210
12116
97656
54928
87391
68761
54309
6104
38220
14950
65704
47979
24120
5028
58931
11070
31150
79608
49168
74578
60278
19567
32005
20264
20867
84358
9616
72624
59789
10309
27752
79835
94491
54452
35451
67111
93394
33529
13955
40871
44848
44154
9472
17090
43279
47074
30766
58808
58558
16498
59518
34369
6873
97987
55930
78297
31602
73001
88942
80963
46059
8592
95677
30583
89886
16219
36851
42104
2885
4049
57253
48574
9123
18076
30728
58790
84608
11807
70507
22109
14205
84171
71094
80071
52334
43709
98520
11901
59444
25673
60919
55454
36333
21598
24216
78467
58326
51711
14975
31907
42154
47990
99056
86952
855
76596
12170
54566
49421
74164
10223
22596
90631
37329
38594
86157
37780
35099
27421
56606
98339
76614
40923
74140
84711
10217
25428
12212
48004
21866
90698
17267
10184
49608
55646
5746
77691
1337
99110
41596
1483
14938
57890
134
21576
9557
49888
78091
69522
32091
33482
4750
90291
10740
55845
96229
35546
9380
69158
79001
21724
56509
78536
13806
74487
54248
22437
80977
61702
17892
95571
24092
31255
91714
78677
37741
62513
18070
23665
43107
55156
61473
71658
61336
3089
10824
16138
8882
65214
1392
2237
27376
48475
94151
26400
32732
4497
90145
25816
22407
19669
11421
84641
96155
40247
29918
92548
95904
81868
72842
8163
97720
60506
91959
77161
17962
85791
11887
98985
4129
39544
4647
22073
21884
54805
35097
38589
37148
77866
34401
68316
36066
94532
46762
8431
13575
65676
91832
21634
65085
32513
48556
14383
87838
11443
31050
74536
51575
97860
74013
61617
40652
76603
61300
9588
17240
36241
92181
75953
8902
77909
85249
28586
96183
42239
84775
86525
44986
74556
92686
62198
79430
50781
55058
69981
25022
40628
62955
79931
2847
17065
54799
53751
74420
57638
82799
28840
4248
60217
67816
21031
81320
68356
50830
55024
46151
98955
29545
71808
25820
64504
76989
50598
80665
32799
42187
11340
87947
30332
50515
74040
71389
84657
22416
76356
80144
55450
76882
37043
60353
17942
24995
77112
77987
90894
30803
56949
29803
62808
93540
75430
52809
16621
56092
65544
46298
62120
29422
50911
43641
22001
95816
7805
4686
10608
68567
22006
83812
34724
56576
4275
10049
85779
9180
83453
20752
21686
95622
27571
67129
88369
6740
47753
55039
99605
66473
75613
82720
58414
11781
73681
14124
65288
32227
49766
73353
88222
25274
6379
70566
60996
18382
73561
44575
43143
81861
86648
32961
18245
65814
93876
13277
53661
39618
48082
46400
63431
24467
91153
99750
72848
11061
12345
90475
14668
9755
27857
75239
85
6623
36707
30955
92086
227
49873
68058
72169
88386
49971
3791
24772
83679
69261
26572
65626
41272
99039
18652
24263
34138
99928
18297
61657
40328
87241
3768
34236
547
28141
54987
16499
13934
87198
54060
47851
5205
83383
60648
52584
22619
98969
27784
23438
22127
88226
54170
84517
68677
3397
97074
61753
63749
11521
3155
11649
59627
73793
92215
78721
68056
19532
43462
24401
53258
60577
36032
10913
2594
14386
59985
76519
53958
42275
39500
70362
39918
31914
85607
4256
66765
21525
43316
35126
14651
26957
48771
82233
8247
51391
40976
11771
76648
76331
84774
15502
10709
40831
76497
83227
70835
35434
36284
85417
80033
26825
98678
81128
70526
95626
14201
11284
60454
38185
67380
24335
25275
16787
26753
73926
71364
82107
29851
25335
5496
6416
61798
63387
13075
26615
47347
74779
83474
13344
43826
80954
32976
8420
9605
66623
3965
71973
88143
9627
55511
82505
77765
45207
8831
58378
23037
41516
88040
165
56072
2966
95649
29828
9631
438
7878
23123
52593
4856
6728
71706
19211
40297
71033
44311
35506
96379
32138
60946
62831
64277
34325
18352
13059
25718
46654
61511
45822
52328
94974
40256
40394
37395
86617
49353
15084
37522
33743
35980
75605
20311
53116
43861
89139
99738
6581
45661
36177
23204
55057
85531
83869
68844
37000
40094
32222
73063
84311
57652
52761
18104
86702
82002
29853
12042
34876
95282
31111
20013
39594
22404
1888
21667
50882
35192
72887
85319
29862
25395
76465
81038
81460
11513
22417
64756
65252
12498
52244
3761
66474
90092
17134
28138
52122
61727
40442
87150
63341
19965
49441
52165
26346
92004
82889
79722
5232
71659
92766
7996
13790
14116
41874
24302
11537
38682
22247
69409
69824
56171
64886
75533
61376
85970
49448
23935
51604
90627
17584
60162
45344
44750
74398
91545
54955
59386
19620
74799
37683
93021
7347
97928
32348
8552
45880
2669
43814
23821
43802
70611
19468
11642
89876
90406
96590
37265
179
4371
26123
81623
86340
96649
1298
83257
47405
2807
10165
21469
81142
49967
7219
37590
63098
62065
61167
84765
50049
67257
3939
83933
40047
99582
51361
23461
29821
94953
16829
81699
295
27906
40042
23452
78908
71505
5468
85382
85938
47775
90873
43674
71783
66944
74706
32617
74757
817
5339
58334
75505
84527
57042
50953
86670
58952
11597
91715
28753
41699
1325
22664
89213
75555
15092
72153
46006
55235
82811
89975
44321
79081
91453
56822
5145
23440
61599
9580
71495
1868
56774
85466
27231
92567
25109
62691
82241
46210
60029
73088
92554
37298
9908
82829
34593
63186
83010
99649
52817
56012
307
2263
93316
11289
41946
54267
68984
16496
63352
71735
23764
77046
53445
52042
81181
44211
40312
19230
25893
36909
23596
67175
28092
87553
98926
57240
67320
42330
14420
14478
17753
80991
39383
46358
69605
11945
78234
50162
71643
81603
1688
7872
34137
11870
27920
11548
6651
90572
1603
24717
17711
44631
47920
36760
54794
14154
4432
54195
59401
85810
58541
92442
21266
72116
90199
59772
28447
55570
10400
43501
80266
8541
83207
10080
81282
19188
8793
74479
85297
58453
4873
76998
3596
64
65485
26180
15630
71441
66563
96904
33545
73264
9750
89126
31622
90508
60464
72751
16225
78087
28087
73203
25084
10338
2416
50549
91934
3303
42455
23038
1869
52930
97159
89335
1109
63704
93414
86448
19367
95853
38492
7601
98456
24152
25690
38024
16375
9636
12015
4761
84769
23918
78571
16707
9204
44816
94993
81798
10632
32305
7469
42484
88045
62706
72590
87913
18163
93928
23797
91772
47777
69336
76437
57942
92049
18039
54602
82131
37521
27224
7710
89687
5486
21153
40192
86229
5214
31729
83550
28655
45315
45425
57595
520
37786
28632
2417
9405
1018
17747
64023
74800
21992
48966
72190
77952
71943
40963
18152
80522
47010
71138
19827
21845
54405
15912
75581
72719
7553
92156
39182
38394
75564
92385
1970
41797
68125
58533
16624
12747
33803
77307
68100
19402
98809
93875
60225
46202
24659
92951
69687
19753
88207
37366
17690
61733
70909
4033
11520
46245
54272
32795
67092
10639
82651
97898
66721
65643
59160
94486
47365
90439
54657
44732
22048
34120
67660
88153
86180
92036
9284
450
62045
52170
68006
1763
43486
41584
68351
55650
65295
93006
8410
52016
22142
61330
77013
51228
12147
97179
58710
96057
84564
17766
23032
29511
47987
92950
8796
12654
37745
13449
87732
20192
44829
94984
3505
46874
82077
88669
52135
38187
54839
70028
20572
90862
68524
92981
18539
67338
46984
46023
17237
38767
45039
90506
72903
11077
79636
66303
25134
2587
42592
53437
28325
44015
42687
67704
79408
59453
91806
57791
71516
73682
57765
26210
16268
77296
90594
45546
86921
85710
69722
56953
70847
43398
17091
19360
11921
42835
32195
98860
96762
38330
48225
98614
20915
33475
9888
47061
55723
31712
88326
74249
38434
66926
80513
72830
91169
30936
93163
21164
26777
92771
86232
97107
53550
19497
45086
22443
32517
7078
50217
52237
699
99736
77301
19933
37951
85534
55548
42037
64542
42711
99396
7889
9164
68935
35735
82281
63115
60855
86700
36715
58686
54967
78717
17731
64806
61359
99615
26860
16319
88872
30964
84878
72048
46348
78762
67717
76814
653
78462
73847
42588
74907
3259
72518
98314
31561
71166
62919
81714
69074
12554
44069
4490
29870
78619
69556
64661
83210
64930
58445
52104
35043
24068
54927
74064
33595
96917
89560
99755
48637
87025
44497
16347
44135
11481
83106
62323
42951
42475
65353
95967
44980
37847
94628
18974
60172
64515
71841
25081
95927
98080
33678
44923
10658
79456
89516
77747
76609
2324
35770
38081
84022
30149
63638
55449
75223
78823
48961
59409
37533
81778
93681
99567
87304
21243
71618
56735
70548
55460
47949
21903
79202
36823
19166
96983
67316
29021
83092
46020
32340
84579
91568
4848
97303
11081
66952
17620
31083
11991
95176
61680
50924
11162
27979
41780
67442
6366
35899
72372
82389
17698
25325
48811
98200
30413
14714
2485
25931
77725
18346
98609
66520
51442
35149
98864
10643
68772
36204
89668
97144
94717
48164
22750
31005
37823
6749
31978
3178
79428
98
21883
69822
91690
53481
33502
97758
88554
66047
55656
52136
43882
92125
24937
37097
7544
5380
58923
93340
82405
57835
89156
22225
41484
76896
52371
17581
79160
97960
62643
92092
27649
95598
54285
59273
537
80237
28095
72620
98568
45265
64657
41702
54865
81593
10316
25683
5909
21125
92048
15444
74701
11400
95566
80928
70913
97026
59774
87453
64431
28954
70268
41977
90701
51450
96341
9906
43658
12235
26695
13515
12159
81497
24165
74375
48724
76409
34143
35531
92936
7056
9743
38597
52387
97878
88035
31484
47631
92447
64195
95252
21840
37772
73777
77965
53868
42477
71205
67452
27827
33430
4120
85428
98685
67572
50764
87355
84331
83220
71729
60726
14825
21793
7213
82124
6993
41585
52413
43713
59255
69134
24905
89471
77337
7190
6760
86192
94925
74629
6387
41039
48047
81922
32927
31488
62029
91692
78845
29533
25265
98692
88495
2232
41388
33604
18519
41280
61092
95356
94526
16580
32106
69532
94889
96385
44733
36210
50600
64641
65001
34468
4582
96867
76368
5904
57294
16715
62469
1176
44014
19273
71568
28437
27797
93939
431
90851
90757
7932
75541
10659
40730
23503
73410
79519
35090
63733
26364
51094
30138
78537
43522
38631
38501
83122
38882
88866
45615
55625
89065
94567
85301
33828
43646
95515
60289
21127
43006
80747
46232
7265
55658
94871
54837
14832
14252
29042
86282
31271
82020
34653
75941
18038
73601
20270
57665
50860
96018
26028
79896
53842
71549
92647
12289
66395
40855
6112
80706
77983
71424
69499
64784
78044
19730
63252
23462
88974
46580
34529
92691
8156
38771
38971
46065
25449
43780
84071
92093
13071
12317
61909
69365
32968
92688
56000
6199
53126
5529
55880
8077
26094
45966
63393
97741
57644
96188
99474
36080
31302
1047
890
28490
39280
24215
25017
41619
5939
99470
13700
88673
10061
62040
43648
78579
54140
43562
97841
62766
75973
79515
94659
25753
93841
98457
33048
18785
46944
16597
48234
65144
31208
13948
4073
55796
67633
24131
70470
22209
22397
83807
61714
96176
88768
89734
26882
36242
12274
96142
8900
67403
3404
53995
59967
43898
5999
99917
10112
7554
47235
68084
34834
7665
32997
57143
81313
40031
19718
17495
25407
58478
45713
59724
41381
36685
88831
38237
21856
63273
6682
3286
18438
63781
97864
20522
93529
98104
98370
74503
79376
15187
32132
811
94004
7731
7750
15952
80375
20110
26134
5519
61828
36293
74123
57381
77060
13267
86389
87327
56383
35508
80140
1981
76281
92084
71425
40838
511
98006
95918
38378
51307
4438
24947
17515
74290
81616
4059
6530
77317
3009
5076
88056
87320
69106
28157
19985
16820
14627
80672
91852
43499
92541
53603
67377
87519
17943
17777
19326
87997
93804
40437
28944
62373
54990
26187
72787
51595
81009
8814
15434
50978
79651
31759
17058
8991
68709
51071
33479
89601
52078
14321
65528
29376
64849
13089
52572
35425
99266
98597
13905
59998
51019
61856
9733
27116
64678
29173
48777
69034
75283
89619
84890
68373
28184
37748
10593
3509
61339
25190
19614
68940
34709
38342
60780
79909
12020
90919
69572
87985
67611
23064
78930
1752
40930
71161
48761
13453
43470
91722
34192
43056
69438
33468
33736
7646
38574
5007
85088
43194
92216
25657
26354
91856
45468
44600
20906
65189
16826
93114
57336
85300
4561
3950
8731
72998
68103
63414
71664
90307
37472
40554
31240
97068
30463
91468
24136
67590
30649
53121
79751
1189
58487
76926
13229
46790
63295
10561
93234
44900
99141
99228
54438
24993
65299
1934
60916
14647
67962
51560
19890
17083
67441
4969
91998
29050
31832
94328
42458
40131
23509
66732
98108
95716
70255
18552
11984
29852
68022
14288
75216
52573
86025
39883
15550
89968
11269
33182
95167
54385
13910
82532
84319
43973
532
19117
28654
85232
58097
15993
33764
95210
90051
12086
59493
37759
46226
72561
57783
27770
8546
36405
40489
41060
87218
94686
17768
39400
14262
23671
22419
68473
39014
26983
1689
24117
63303
88932
91225
28893
2266
38901
28478
97893
37150
23444
39091
23909
58386
44486
93843
10226
28116
21609
5133
84015
19508
58339
86441
26142
81385
13605
92314
56922
69915
73003
94331
494
76187
38355
8383
90329
93665
79658
72215
24959
93600
96389
36638
37681
75707
36015
26065
57118
18261
1799
81010
70047
84200
5355
78106
56381
24047
7973
5950
84587
88798
18969
39307
87351
15061
3162
57787
99992
12491
84971
70937
13305
46868
22131
96641
92804
87328
7830
79072
99768
63852
67060
31546
52050
96185
21972
29510
7216
47461
73760
38936
41252
87404
18445
16502
83275
10510
40415
44859
81173
9951
63438
98356
24984
85993
4453
11396
71734
42277
86305
92607
45646
63247
52797
26318
3679
13832
32109
47062
90754
59483
74787
69837
45950
43268
51136
1323
75450
77524
54112
89963
96403
26987
52279
78366
28226
2930
82864
2472
18107
75269
98413
40682
95108
40954
25770
59011
62668
61583
51913
4083
24464
56517
70342
65034
29318
39262
63249
42678
18776
37742
18402
39406
86595
2247
41627
7231
2458
80541
4192
56511
1004
13589
48932
12118
44860
40298
10852
4064
89542
29110
11497
80506
55254
28583
73020
99551
4834
47563
73408
33961
44961
52003
88615
13143
90685
86753
39141
55803
38223
29607
15342
21604
36520
22893
64345
14059
62454
33434
4669
83380
8484
47928
51551
84157
64835
8780
45250
63269
52002
78521
1255
61241
89330
71037
48881
40011
13649
14381
16608
48415
2467
55534
867
55154
33494
1180
67385
15621
52562
63305
38112
26651
24841
61670
78795
36883
33423
99909
45297
98704
95968
64844
43855
30330
91270
62636
82054
19095
25418
83002
24259
66157
62826
43100
21633
92700
23315
84199
67739
88550
89515
13114
34318
46140
90500
6141
6337
79212
51330
72611
92039
50934
70491
96264
7763
69601
74659
38337
6342
44325
4276
54187
47679
74041
72456
85650
80126
78225
35841
15082
79348
9861
59103
12032
52347
80628
19479
34370
69320
63190
19008
15267
13448
62731
37352
96437
87092
64120
38345
25956
20327
42328
83902
60407
72525
81076
43413
14681
67791
54646
60599
60334
29588
57151
47698
91046
33729
42908
60600
26120
24970
5494
68348
78418
73213
50075
42944
23349
60795
23703
24558
61865
25904
18189
41040
12708
15236
18953
93819
67187
42228
43320
91953
55396
72536
25638
72741
24365
93858
12864
76864
49209
66539
51920
12673
79549
75661
99678
34396
13372
2744
24570
10766
29750
80296
97321
46084
93970
7311
27550
95097
53268
78267
15348
9522
74753
74439
70821
53218
50317
22279
43878
93058
95981
26557
74902
17213
64180
14029
17057
65665
99842
2693
39166
53262
55821
28729
39206
22410
90501
56836
21324
16740
70620
33614
74242
57212
17299
17466
34436
42289
81662
2497
33251
47494
44893
68272
98570
7344
99896
33919
35512
36337
9694
41424
60078
70443
23399
19723
96244
89986
83555
56780
89909
11291
67422
37249
73171
34929
282
1578
30230
16915
22088
89432
53080
53611
59443
42840
66806
66925
67847
48750
35599
33648
90868
11229
46899
97024
6880
83486
99428
19175
19120
15522
10580
62743
32370
7342
33945
16196
30842
93706
68305
26405
27300
41625
55890
18721
51603
80557
72149
52558
79580
45400
34309
27034
75720
1043
3157
63552
3583
54608
22899
28272
87952
3518
43693
77226
92072
14615
44840
60646
34207
8463
29166
98062
49180
95095
39065
56873
98668
1767
5589
11222
73599
37577
92300
69846
45367
56290
29743
70883
543
21428
89948
64653
58510
98038
24828
11316
57181
94371
85295
74385
39179
31278
65944
2138
61338
69559
41679
19901
10551
11373
72125
30637
11784
68731
2070
95113
70346
30202
95777
33572
24238
83908
7545
43474
89324
29282
27935
52916
23592
70361
49185
48165
21754
91377
24333
35963
76963
30271
5574
18221
16015
18707
81114
93344
15761
90597
35214
92500
71388
20099
63606
32482
64997
80069
15684
57017
31345
71109
43932
45834
31628
97158
79374
64115
24975
58701
59048
61908
69657
60613
79548
23602
97888
57246
43540
21523
2377
99515
15867
33459
55909
77798
86072
82874
98050
1482
27040
36861
11985
81093
36213
47273
24811
53967
57552
71394
19664
78819
99874
16357
11118
38480
14830
52596
13197
52320
48779
47700
90220
10533
86085
57413
18479
43177
27459
89551
39506
72782
59093
70222
92457
8055
81013
67099
68489
73294
13753
62558
51128
59893
14089
10942
71701
54679
1809
97018
9449
52430
29430
69779
23435
28914
49696
25759
24939
59669
19252
26125
39140
61750
77991
14151
63336
95137
15953
86420
39784
9002
38585
28978
7443
74059
90956
59247
61663
70546
90094
94254
51289
23246
55482
90091
6032
63910
11321
96334
15992
84854
71145
40304
55996
65551
2148
76033
89717
93871
63484
96243
38179
89926
32655
41746
31820
98262
73101
52462
63936
55318
2865
55661
88981
25822
85633
87994
1114
93261
67854
50394
53150
20188
56104
45866
23905
62597
50332
68210
38974
21421
85349
18006
95784
20135
46148
42148
70161
64511
31423
16642
85815
27518
96557
91010
44975
73279
25980
44983
62953
56124
29614
55685
42729
5972
24816
91808
91101
25911
35296
86860
92661
55053
9702
17024
3413
27930
11416
83773
81100
50872
39517
15491
33267
89828
30380
92720
67336
52737
65557
2938
52789
89460
49402
85196
62477
46735
69951
85058
7785
31817
68669
27280
96671
94862
21888
31366
15465
64477
93492
75256
38876
75947
33890
54753
57127
14999
89880
37719
20575
36524
33845
7803
85314
47703
2296
44035
86226
2752
70617
74445
1890
33515
71118
66813
24777
81216
99070
76014
59740
34205
82951
84129
60767
85408
1951
38586
44930
48159
78350
80459
54758
90538
38812
81901
12232
7573
98204
43531
86055
92668
35278
44698
50088
15487
80573
65261
97671
3711
86368
33876
63498
19698
86376
37158
9757
61248
68586
87590
97049
9039
9178
61709
28435
32844
80319
97556
90059
78289
45751
48655
52162
23454
20986
83408
15654
83987
8323
81014
19590
77297
30537
50263
2082
72706
24325
85837
9001
82086
84894
30316
72793
93120
90081
2864
766
65326
81206
25618
18534
24848
37805
39285
71405
79928
69283
49235
36231
35869
39931
23578
17726
65707
33261
92321
21650
15577
24715
35603
84602
18502
84532
69207
65139
8672
76842
63468
94831
71014
69099
79310
9575
72826
91992
39745
90674
2029
30434
73226
69975
59852
91419
25062
33520
43193
5113
71255
97060
83283
6268
68968
1090
44076
38718
14487
16875
5638
33053
35111
33812
20279
84254
3429
94841
51653
24774
30547
65595
93785
29230
5092
97247
10091
125
38955
11900
91467
93008
94679
72880
24350
72407
8948
54317
90985
8869
57216
48252
99848
47989
27271
37450
20865
61616
20162
46859
89927
57154
15341
33719
90286
61478
95487
64097
32316
34379
83995
67807
60200
78590
87629
25179
84648
35466
66112
87849
82398
72714
65108
65862
25925
21147
43467
24341
26610
40567
2937
94139
62358
91456
98647
3820
38727
86100
33755
80643
81707
72452
32628
25246
13719
3476
7103
91654
12164
94247
93637
85850
68902
935
68317
64459
70141
68949
72041
96070
23070
77014
3618
88525
46164
90926
53789
96488
9063
25028
74638
42974
54536
85724
82834
42983
55979
54400
98928
62448
70118
27725
11835
11899
81230
70400
32508
73272
36678
34715
99783
69598
19976
59434
44788
3592
78178
41743
29611
52306
69530
52118
44720
77590
15407
20165
14453
90729
39893
75994
67495
74215
3992
86793
75650
16023
33226
89638
71850
88561
22672
79591
5011
76250
41334
47965
95173
24903
38950
38125
99022
15185
69224
86907
27314
27217
18361
46216
14963
37625
97664
82681
82555
31189
61160
53195
73879
39917
97757
14015
77378
58797
3289
11056
73823
42323
69364
49233
29933
33765
10857
50614
17562
7542
63262
20846
83670
94132
67672
84013
43109
19642
27507
43773
40636
29305
36655
5971
74631
36966
16154
67334
656
70374
17182
98529
71574
16361
68175
65573
9996
85755
99475
84666
15173
37693
3199
3191
35812
41727
86920
96056
9953
37912
5103
20512
75162
30510
69920
60083
28609
91381
26665
96250
57877
90653
85083
96426
29259
18586
73769
39639
33348
67570
34833
29053
63805
19072
1886
96082
10275
11111
4009
94550
71923
30374
64130
36500
99871
29512
47358
58572
97157
26795
72530
83104
84831
41739
56089
51650
40265
10599
60851
6151
58114
67219
77142
18889
16663
73441
17104
5658
82334
37362
38996
53385
60524
19948
2258
17868
81049
81554
66959
34420
94879
24144
3107
78696
74353
52001
65007
88863
228
74840
93011
85950
61305
74101
2184
51528
65687
76165
79126
78470
94596
97892
8677
58725
74314
30272
28109
96311
19804
94395
38710
80910
83153
41581
43161
1830
14095
88503
37726
56799
81219
65662
7773
492
42684
34472
74727
53972
74806
64074
6284
4213
22668
48323
63856
8867
10312
24784
24516
65075
62432
77541
72506
23748
69955
52697
3215
19325
47043
1356
65510
15710
96320
76234
15752
11449
10850
46789
52680
5161
9676
46921
15292
44530
37106
85700
8052
58043
97687
17516
1032
20384
7835
88346
18424
22189
6688
17609
44611
69692
18573
72952
5824
91592
61054
35682
3231
70696
45496
35389
68511
3175
12946
31021
27922
13256
21898
2769
82824
97406
28691
26127
56839
13210
31535
9674
15771
22773
18328
71840
39032
63051
43487
95516
81164
30911
89055
62830
16022
23310
69026
86037
57986
81193
31880
20517
48764
86038
16727
11465
98492
67716
70752
38111
65735
17992
57050
92040
94419
33651
38086
57321
54364
94285
95219
61866
6569
75100
92497
66945
41135
14219
77659
89462
41156
62761
68826
12098
86083
6024
49063
71169
38607
40122
34754
42557
12088
78791
4581
89682
87476
63755
99602
20892
76833
59091
1228
39766
3279
36011
60663
81928
21656
24381
41348
19021
7846
55739
48668
93649
33407
74559
26105
50831
20472
45915
52652
16209
75694
88958
15939
88221
25434
47743
90168
75524
72000
91051
33964
5958
33373
50144
10195
68449
68878
18685
9119
11694
54560
93388
69792
2851
33512
67751
82724
19784
23478
27222
30392
29321
96024
25462
39728
70714
23192
11458
93903
56718
60401
22648
27016
72883
16425
66010
40531
29249
84979
25620
60388
36456
29995
16121
4163
52528
12725
30620
18793
79419
12410
65789
83471
54696
98772
27761
42633
81281
6987
11905
53424
45799
37898
29780
92119
72833
76195
11231
12894
64531
67856
97367
5855
78187
28419
35325
72130
9644
2814
26310
90939
13789
11983
44450
94235
86874
22513
53124
98611
42383
6856
97435
72234
3933
21141
46275
74063
6983
75345
30384
62494
45796
44560
26855
41404
37169
36220
7974
57171
74001
98608
37739
78735
58396
66892
67571
67033
97558
31890
73565
74726
3765
48375
8786
98069
97754
73666
70646
1236
33318
15824
55684
79315
57679
11578
24059
80090
40891
6063
63588
5717
74918
17507
86456
99417
57083
605
18031
85188
43400
40758
78907
67131
13377
23724
3243
83840
41139
65484
23620
17307
93602
65274
40907
57123
16720
60446
65167
7022
7588
51684
39825
31927
78523
78680
7552
3110
57122
46732
60451
61238
1846
50937
52222
62712
47889
58660
88155
15179
89996
34198
48665
62056
46507
26324
46212
30838
95694
88843
97638
94699
39610
60195
99321
35184
35691
10073
56872
82796
18030
72413
71100
30647
52838
72471
8950
91076
27636
90299
94415
38815
82711
26084
36436
19638
37038
62046
90835
72687
80470
21094
71584
42151
646
44899
86572
21908
64401
81582
81803
91946
21478
96209
1421
578
15726
48829
29621
57048
72403
64975
20308
58365
39896
792
95055
91955
94706
97208
45747
69368
88325
10481
93376
31350
30088
33446
52263
50744
51695
44993
87661
62787
41524
98848
72566
64089
47617
50774
40685
68267
1068
92350
4409
64586
93439
4548
26078
7111
15104
8495
22018
98842
27774
71839
36719
9327
31826
49585
32114
46442
86139
25074
42125
29907
52280
22758
11798
16688
21905
88205
95554
92915
44383
94219
28500
93956
26157
61257
39449
57338
57432
84597
63575
68819
30704
85855
73851
42252
59275
23057
77216
8851
24116
99180
62875
24029
81820
7400
89508
61426
68168
57049
71503
33371
90071
85388
4261
57115
4341
45599
66745
49892
56409
90242
69853
19900
51952
88307
75380
13209
53371
47745
20597
10055
30544
98937
9021
9288
19750
71526
58323
74363
53041
53538
45570
1626
24376
14702
5702
54840
62797
83787
65417
10364
27987
66423
75989
88602
11348
91170
91173
33207
44136
58675
95989
91325
86211
31130
65177
85333
73647
50904
57027
76947
24353
55924
61944
90932
48243
83707
11840
69471
98998
28162
62015
84316
84952
77483
63885
79238
73444
31149
97759
97037
79445
59269
33928
45031
32705
37667
52767
68790
34451
73984
43549
80880
87162
74518
65793
15790
8051
76067
51787
15364
80733
20246
36439
40619
16479
7751
24419
56898
91114
44419
65469
6227
47580
62483
88796
42153
7151
30482
76530
2633
66712
13183
47762
59270
4600
75133
4157
60137
97378
14110
80862
80827
66135
71165
38519
40127
23302
45009
76623
90537
47708
97876
81372
47815
96934
32388
90464
4205
745
33540
93829
69166
74962
98292
2069
3475
89071
76127
40485
20741
8082
33368
49752
28650
37454
75674
56020
6252
58834
41873
89187
62593
44297
45055
63818
66142
40049
95564
96539
2288
94013
10706
2525
92197
39088
59532
81678
82354
86720
59975
82705
26438
40450
51890
45703
83946
60961
56730
52502
69149
66651
67294
24894
77923
16643
12163
18081
68286
7729
32233
8469
53329
63153
33838
24289
94553
94947
94864
12105
4839
29312
92615
92593
87050
59414
97081
38947
66099
30984
36504
87533
35977
52318
4611
8989
58532
57229
21393
75648
19376
64563
96319
41416
35471
97882
66469
19495
62011
30969
17561
48728
182
41044
30122
41284
99926
26788
81500
11551
24340
63257
6725
37358
78220
45348
21233
29328
9000
89690
63509
28331
36367
9167
99732
21810
4115
13980
75037
95434
9977
7867
83271
45643
41659
20094
28545
59678
74997
36934
78971
34243
45859
46041
89817
89151
96859
20797
2054
5497
31573
69745
17003
82006
70739
78404
68609
46029
58489
33039
33594
41435
58105
44909
94544
45160
11414
627
29191
70886
78378
29136
51010
45820
57931
58679
90272
95199
44062
8779
20573
47340
66835
2264
2969
22289
98846
48048
96879
55542
75712
97347
8016
64256
76381
56327
66459
30319
29256
12166
88184
44878
95136
16279
17472
5048
26611
41301
22779
82363
48218
70545
38679
52617
70569
90247
70966
72500
97226
83364
52216
13212
72434
17642
77711
49319
18118
84844
31611
48954
34883
99294
60418
76844
93446
2037
33235
70431
59400
54099
983
40366
67485
93107
41149
88647
2086
15004
59004
62681
80471
17480
71304
18496
13308
4510
96160
29428
97628
39682
5167
30686
75579
98953
41168
5605
18855
21568
15986
3099
35004
10461
41227
11990
48280
27514
80205
25055
35270
23577
53451
52460
85673
50972
28622
37088
25958
25865
83182
75718
58005
31364
2659
8145
44400
86091
53315
35613
32552
49641
95105
2781
7380
90467
13351
18744
86796
63899
39489
14200
2664
89806
5701
18283
55052
81485
96830
97473
99239
44252
67300
9430
51687
61415
3072
35357
84545
84714
54315
22709
46637
72488
92979
7175
91047
81960
63230
58197
62582
77809
41745
48747
8185
1858
58333
55296
48513
13852
85721
48115
64065
3600
50348
72914
71607
5248
67652
33079
51097
46050
24319
95698
14355
27430
89373
30168
61084
41051
99048
15916
98807
94676
58636
12621
48367
99792
45091
36025
93816
27435
47831
21585
14287
83904
75329
82655
8676
8350
95463
36247
78584
75026
10571
38488
77997
92752
63700
9290
82537
22934
87893
34200
30325
48696
42488
33524
68150
45845
73912
50208
71936
26877
48146
62033
22362
30235
14823
68812
81384
8479
24531
19644
5273
29160
48007
64900
29262
96498
81211
4202
530
77665
63475
56275
53932
1067
32347
49039
11155
49782
72060
72046
46136
9987
87978
43277
33664
94705
82271
73804
2640
16092
90149
50329
16910
53254
44187
85508
98285
29365
5657
62853
85643
82096
49188
65317
78683
11876
7272
93217
97596
29339
4010
81143
57770
75556
34670
77937
71645
25264
66268
22508
64302
33293
59193
39742
47024
59281
63474
96533
51533
18989
17912
4596
34757
17514
83209
9256
36569
82078
35832
48132
56680
59979
12312
46682
70907
24925
3267
54239
88573
64924
34657
22589
55639
11018
11997
47128
8401
93485
69834
44263
92431
61805
28905
22897
81387
13611
72718
82326
39863
10784
73218
50865
20716
8787
48480
53289
38077
37650
22462
64738
1175
67857
18259
34283
30974
21833
59449
34581
63771
76577
8084
23133
17907
20534
60026
56014
98573
55581
18716
69122
34589
99923
15312
78781
46207
63953
21995
64300
87345
66998
37995
62235
49290
58160
48015
28280
78501
95138
83013
79976
23323
60741
5518
28256
1923
3508
55515
73346
93885
89794
68064
44886
40396
52626
60899
78243
54083
26408
29234
86172
66052
191
87641
72137
49966
89744
794
16259
36303
2044
40813
68291
94167
62550
56169
84553
66377
58393
82361
2135
14545
59106
69579
1978
85079
10908
40350
39994
24261
72909
86864
93737
421
10054
76089
12486
50708
10810
835
77878
37434
95232
66435
31087
95031
89987
23753
82682
27863
81328
58351
449
34153
65828
20114
8437
60940
33193
7824
37535
31047
45537
13120
46475
39174
45404
29467
58647
52330
72082
98796
8511
32685
17651
82852
6643
38621
88187
20173
70434
7464
38250
75352
43355
64363
36809
98146
73145
86349
89557
11869
55719
68389
34025
725
22269
9870
42021
9010
24948
99809
54012
57172
71107
82875
91974
50875
51690
84179
92464
43689
2259
31457
45229
24085
18522
59034
25923
30423
5548
92520
66655
29627
86422
18786
36869
59768
60307
20473
32953
74277
49324
95221
60338
77553
13876
28337
26428
19526
13188
76861
57969
61249
35142
83724
96388
62174
19426
35528
48917
69050
72165
19045
19407
97895
94894
43611
64722
14757
89698
33474
8118
8100
86026
72672
43281
20155
56569
17876
2742
16613
10036
23771
66398
13423
15905
61741
48717
46888
28922
20424
51041
17042
2499
56549
8011
37117
20265
48294
97073
17035
21214
14765
9742
82693
1919
59477
57340
75843
84830
71514
14683
20623
35583
23398
22272
397
61455
56411
42676
34216
45978
13037
26917
57353
9273
11614
88772
28927
61688
70506
28489
38481
19872
58669
90959
94478
90620
61423
76578
31412
24195
73000
85780
59719
54592
20595
44394
86580
53900
3188
65798
98743
82104
31201
31521
71273
30008
72601
39513
59158
37873
64304
215
73061
98610
13239
19423
1087
88940
58100
43000
13827
93455
96479
49509
12111
47480
54899
17946
99952
86222
98659
8336
43595
19412
31265
26091
77579
68662
60954
57200
73114
26585
38085
88937
47561
23237
41448
46307
99571
14174
9632
25361
25678
61117
59813
90570
28097
48139
37607
99604
724
2150
67312
40207
41975
78079
66360
37109
25422
93212
36068
79623
57243
6420
60400
46166
68782
75007
99265
48632
24332
71055
42460
15872
46495
4038
593
83744
17749
79703
41005
84925
25867
47558
80553
53223
18056
29444
70375
22759
44793
19754
44296
43452
86413
75948
96503
83267
22811
925
61625
8022
75489
33861
31695
6064
72901
37371
42356
60523
83495
58878
47905
7807
40829
53165
98423
91344
40398
82128
75921
98963
43048
96041
55614
68345
88145
34764
52192
17807
10267
42306
97228
34742
55808
83621
87499
15715
37512
69033
22537
61170
55828
51285
25008
857
43806
87316
6255
61354
15033
80210
62071
97475
22510
22379
56051
46977
21959
87801
31953
67333
76052
13760
39015
60942
83590
70678
23760
13770
14638
26073
25764
18129
68548
46139
18530
81556
34598
13506
73014
4800
75093
32220
51673
13858
92179
15040
44597
55624
92719
78181
5033
24536
97906
78374
64017
80093
27528
40974
5916
76988
84089
21305
29037
37544
63520
99723
49800
90481
17572
43123
6506
30346
33566
88097
56360
12988
91995
26727
92560
32944
83747
31648
80279
24390
95987
18597
69339
34123
49747
92405
47715
98869
81293
4590
9043
84329
19751
8135
90523
71907
77680
10219
41254
32288
56917
56198
71828
79388
46841
52105
18394
22804
64901
65968
75344
70240
25552
67178
92445
54476
82567
23102
18144
89078
23450
52510
59820
82957
48871
10648
97372
36963
5616
65758
45184
57676
94915
63106
66723
32896
66586
68419
3830
9955
99991
99563
8216
14133
17384
42284
97956
69575
24806
84877
28648
87621
34469
44921
58010
8320
90643
8405
82179
9329
107
81407
56974
56865
2723
8308
13767
90986
77701
25699
25
39734
1553
48001
42326
76634
40102
22259
58214
96275
19825
31586
45246
61211
12684
57605
68823
2817
74974
31139
73303
51846
27005
36550
68695
65571
51917
78815
82066
62814
50350
57506
39154
27103
86644
48094
55022
34054
85819
51938
15651
79174
6057
87057
76582
89597
82685
25557
96761
62165
75225
8507
30883
64959
74545
81729
45818
3697
67010
68893
25741
63663
48223
2984
8643
36732
76788
7931
65734
63792
633
22660
74924
95003
37340
83664
51301
17549
3672
31613
25997
46499
71748
59390
10770
26289
92291
72772
16271
60731
45519
61985
11294
37281
92254
6775
62178
29506
18529
78111
59776
11850
76956
30254
4648
92991
61145
81480
35822
17539
30967
66077
53853
40166
73206
72845
36390
29126
1418
5216
83460
50974
53908
30433
97398
10411
31708
51142
33367
29099
14907
24545
51559
26905
99725
72450
24557
3687
66578
51699
30976
35151
36239
96093
19610
30807
21732
4714
94034
94696
94406
94575
78282
79092
1028
54312
7609
29926
32890
76703
34046
19652
98804
27654
18673
26237
30633
96419
19083
46411
94757
73921
49125
17585
45325
76055
30601
37363
83032
92671
1197
79927
88518
57742
77406
48276
16199
71149
94748
63809
46694
88894
74106
15174
14011
97132
37661
43637
87205
66821
81451
47431
85587
76365
83055
5209
54172
81083
63419
56915
52718
61954
94632
11286
5721
3642
88834
72953
34684
23160
75031
98624
17131
65663
97775
17218
68760
95021
71863
15086
75392
46802
38661
7430
83792
70735
84973
7387
91435
77630
27431
96901
79307
95657
73018
15220
14359
58428
5472
85028
42139
46338
42675
57023
47737
86339
9337
37477
65089
61165
55027
25821
15107
79790
70180
57275
40915
70032
41842
72055
58621
23860
21661
81149
77115
75047
14506
63671
95550
90706
63408
3735
78882
22998
16775
74847
70024
30115
44715
90566
4546
47163
55425
17317
64137
40689
36257
87650
47760
52941
83077
60414
39905
14020
26999
69738
72071
29716
82789
91012
7599
42917
5599
63732
14692
79679
70962
51383
41958
33836
2079
61611
89992
99608
54085
63597
22514
89106
70158
61632
96763
83994
96987
51024
85546
35405
37041
75206
55424
9285
21219
68685
28685
61587
26642
77955
18939
14233
84859
29997
57392
23875
60562
10413
61243
30833
77939
99461
8304
45564
65123
67280
81871
87282
80783
74634
28034
16087
41323
23838
91605
40887
15535
29149
96912
8608
25952
12688
58193
21418
87504
47791
15584
91476
25717
87815
79811
40293
11711
83652
67344
39493
20096
63836
74458
9301
9485
63027
2601
11504
81744
47437
9324
79952
94635
98472
24710
63540
56219
68016
23980
6870
46717
26588
37290
70184
38442
54466
18374
4434
15508
91854
9169
87523
1137
38419
6273
86132
89478
47786
88435
9814
5745
52753
79291
32949
45864
37652
90363
31769
77321
15719
92283
56930
13129
91703
8095
69146
99335
18935
42237
47141
65946
88456
47985
84030
71465
50534
66281
39920
456
79996
1158
27088
69164
21690
66671
75106
62568
66789
13029
39460
98773
90952
21097
17917
90751
30660
13091
95076
92159
19137
28029
60229
63678
95944
12761
48503
44812
43523
41191
25577
76209
80088
59367
63752
97183
46334
44692
77475
89900
78216
64919
29437
32269
14812
39547
27286
76176
27642
99104
2595
51058
84589
55822
92024
19388
11185
49174
34204
37202
98232
636
37440
75427
86093
51674
59199
76685
68107
37300
18849
59203
69757
20882
21869
80667
19448
45792
41137
36149
81403
10773
88527
91533
80891
23089
96025
78969
50010
72969
95399
21827
46938
26732
46560
39780
67930
31439
26225
71093
37939
17260
97
67574
37498
19834
38917
43308
92997
30965
31268
7061
11506
81947
28749
96662
80857
44177
37537
67250
68186
44492
23563
625
7571
20379
63039
7043
15663
30817
39871
52594
49649
42025
69763
93647
49796
98360
93734
98961
59623
86247
22233
3980
20619
35372
86528
1139
98086
544
6907
23317
26474
80123
82565
23212
90000
84997
88209
16860
79640
22444
8351
57979
36117
12419
25305
58702
15716
57183
24056
61142
27412
4366
2123
12083
83669
79746
81034
31511
95924
70126
28847
27741
62742
21100
37738
52397
73102
11423
14706
14719
39247
39392
15486
29781
43190
57779
16379
78052
23459
17828
47540
10238
49514
76025
99798
94209
5905
88637
40922
58542
5286
5566
79417
92785
65
86497
49840
96599
49161
12870
45540
81810
24705
99019
55793
82280
65436
25927
11922
48467
8687
25943
75538
27876
16100
80324
31875
26762
48295
59570
88229
69413
64162
65973
83818
79141
10022
51564
84284
56306
57812
41886
38148
51085
37242
61991
76860
60937
34195
96444
11727
36212
18507
59295
33309
55198
7505
13645
21861
89086
85506
67423
33081
1040
23216
74484
73075
78915
70074
29905
51428
55464
41041
37170
47904
33114
79000
44443
34762
55190
79557
55045
84208
85909
83914
76736
24104
61968
36319
34257
81251
54154
60150
31940
94282
1543
10167
19816
16226
73044
89862
96971
29527
41493
4754
76164
65866
76970
86179
18062
49839
41607
94341
32540
11879
90082
23981
2621
40726
80781
30061
37331
41881
30584
50170
31004
66994
77721
93096
27070
46287
87116
21372
52929
51225
85400
32453
19680
87980
36124
39647
16884
7642
10649
41391
36150
31774
5199
73486
5305
40683
46017
1164
48344
84865
73750
14183
63847
67256
33866
53582
88692
48464
13025
84174
5443
78162
82500
23218
31915
73209
5264
7331
41520
52803
51640
67157
15379
16106
15656
32346
76100
66872
77152
715
36102
40267
94165
65402
69357
7802
71566
95808
96612
6587
18604
10317
93202
1445
6772
61731
4939
85492
95530
19462
40347
38074
6407
35563
44532
33365
90227
74869
71195
43299
26937
5427
12075
60395
61859
91186
60142
5611
74476
86319
52133
70901
60038
39235
12582
83151
70307
90872
78983
65611
57132
38458
86160
20668
38923
19731
37954
96593
84759
36597
11802
50785
89851
48235
21765
98249
35127
89266
37713
53804
96616
27240
10904
18768
53956
34342
41915
81712
55545
43937
51049
15029
33597
43317
24481
90723
49777
72722
38686
35694
70633
21613
25970
62760
32031
68849
95818
64603
18156
76665
10833
79455
19290
47638
25748
98153
28580
30394
17462
81163
17505
51174
78343
87130
94623
21735
85345
99129
90080
56862
97148
84034
86439
81853
90704
93222
13050
35116
37071
49128
93223
56563
64172
24658
10526
19866
15855
87895
3085
90641
77645
45135
50087
74547
86717
37273
79346
86808
25786
2496
57103
5053
64538
82121
74734
82219
63177
54338
14870
67095
1034
78135
76269
89348
67371
67000
45741
76618
29779
3208
6144
27073
91206
33575
48502
17976
66262
34573
18771
47568
75131
65492
54240
47179
94480
10604
60933
14039
93973
93994
29808
41897
26139
74920
39949
41744
15781
60356
5389
23156
32218
91997
51515
63658
44121
91550
73538
44372
30553
88626
99742
50461
79874
72648
23149
92080
46093
80612
66333
77985
406
48919
11103
87471
73780
45672
13445
41400
24644
33522
97856
66769
37244
73160
97877
17570
45523
94436
54290
68626
57446
79309
33691
52877
67662
69420
35785
10427
79425
57903
78230
36954
82578
94996
5756
3002
35748
62246
88115
20750
92953
14996
61437
91875
46689
81563
29371
94230
26731
41105
91353
84248
47442
93339
24388
20108
66264
90715
53540
48064
67374
81243
45389
24408
74623
74271
79767
14318
50407
84536
6780
40168
8083
77269
40157
19636
18398
59614
79613
34268
92872
44660
30421
8765
91443
67262
49564
66024
31397
40233
21743
88068
76354
58006
72499
12249
12071
45133
46431
98738
75677
67430
42039
83891
32512
98547
63433
91748
78642
41939
2607
39434
60193
10814
83211
48044
66409
67080
36564
78643
99336
43111
33170
5138
86019
4082
89758
90904
67210
32055
21376
84977
51582
34872
91515
41402
70223
23050
5233
70871
93553
4934
4319
45358
81515
18661
38275
57276
59197
70838
83742
66098
48788
92347
4632
96587
16531
19155
37186
4041
18891
11314
22246
29390
49452
83930
80969
28492
48671
83068
76870
19660
48479
47434
34665
56681
22959
16657
85465
98005
18577
53851
45899
60322
87392
28381
65771
88011
37769
40606
81202
24791
37779
62263
27030
81111
11023
45617
63523
81492
48787
58187
11493
65738
26509
75369
83856
64030
73958
70345
19215
60389
50438
771
40905
66735
86543
42517
79745
10567
66277
41544
6734
2901
7304
39959
41645
33362
56330
80413
34971
61716
41360
21791
1400
56960
54299
74520
83765
61053
75982
14270
26117
7386
23634
39855
73664
12385
76752
78710
10839
5081
49781
26186
57636
60352
99458
95650
59313
43633
29814
44739
51902
46745
22180
28294
3226
30632
50589
51433
24907
99097
81079
59931
35213
6180
65587
3678
69917
9328
78943
42141
68794
73316
76936
43830
88177
64922
6158
48019
65908
16638
72879
15525
75890
13390
35910
94619
64583
62458
45352
71184
67771
12430
425
70482
99780
40412
90348
65680
81787
85427
65329
34533
80005
33794
77222
76321
92819
94936
32708
83499
2998
33406
33757
3016
98473
72286
33078
28984
65205
58272
76344
74887
95361
29386
22717
33984
79929
50544
9823
1126
8222
89754
1143
80839
81624
26986
87592
56867
56194
16126
50186
64592
74501
53265
34854
32499
59005
56441
12778
15820
67006
33862
72369
37030
72128
28842
91128
47805
99868
87217
84736
34474
48603
45939
46304
47319
10269
851
88300
22933
74747
3568
41440
45123
39508
27054
5440
53500
64882
88820
35303
7861
1634
76993
44477
16722
93269
39999
28113
63672
32149
30337
7354
32526
31485
22150
22739
1879
4525
3597
92824
8688
27816
57131
49016
56846
89546
21711
48361
97066
2986
51822
64397
62050
38392
28017
95855
39520
54050
97524
28925
94286
66442
47875
38502
17212
83039
39923
28415
11405
39929
28346
33390
1697
61210
80482
65292
42722
75920
27097
62234
66247
41538
59949
5840
50046
13783
44226
5993
96138
87314
12000
6866
37903
79553
52727
43438
73652
69965
30844
91616
6326
37571
94492
13792
20301
3447
54673
95284
51231
68830
19174
85682
25651
50155
88659
74127
4069
38444
18319
24191
91023
7269
57983
37036
95182
96675
60770
14802
19030
89229
64091
50696
66784
64044
85183
10063
22167
25289
35767
13169
12396
78833
66177
94212
35906
75772
63561
34020
4706
51449
33127
337
70561
88291
11868
53458
57872
76822
46110
54551
69187
43543
12552
85980
99703
73524
45028
12221
51164
61089
79523
60288
37351
3032
18165
37976
41288
49885
56076
84196
19596
17414
43938
3111
6444
66817
20339
2089
34473
30087
11852
39956
97605
79635
88074
23717
54550
67686
75663
20052
92744
10480
13168
35251
30260
11605
16012
59598
90069
42318
83461
14455
12902
27675
16444
32105
40099
23327
36164
19151
90628
4385
99637
43831
3114
17229
30477
46716
46189
66355
22056
94520
8652
96842
85859
56354
36248
74846
93444
20580
44423
13582
44227
6177
91580
72393
11697
68224
43502
70131
66290
30685
91736
87757
85775
27967
17080
93788
41305
74099
95848
3461
68624
93949
45136
50079
99121
29798
72319
77542
35386
22208
30511
15901
77858
40668
49181
59337
50917
12816
21501
18557
89011
57882
87636
37489
88882
96140
90617
68542
19256
31543
21549
11946
8696
12482
71657
19752
82574
45778
68408
8996
92129
20994
35529
64647
42725
6820
74428
58332
20296
51284
76184
25671
16241
72322
39673
11200
57096
90611
87249
35162
91127
79353
73747
26469
23117
80999
15419
30527
90797
20420
5933
25795
95298
4418
52963
76563
51896
22192
68942
29767
81794
33758
52153
44437
9515
83512
35909
1339
19488
16207
17044
69468
33637
36634
37379
54121
11886
22216
73770
35080
91593
62
67764
64420
84913
34871
68974
43951
88122
51249
28986
51103
10041
68362
38042
26846
22491
62089
6328
11929
90226
1643
93433
55042
98681
31260
22052
98914
24829
78361
63620
80795
1417
15891
2187
80215
11867
73030
74656
3824
84631
1179
50468
19053
22206
21611
2034
96870
13314
58146
16587
15449
36717
43057
7816
89791
98251
82169
87594
56225
74218
58648
76875
92083
66396
13644
72915
75775
70335
30937
51020
92897
87554
82723
52049
42285
22651
67563
53131
75475
71825
44668
14973
17129
85436
94604
40221
92620
35298
93287
63963
35916
35115
3139
78866
75400
19578
76380
63220
45340
65927
1120
96217
8634
22895
24452
70698
74710
98795
88627
83868
8664
42195
46890
44964
56305
46861
23306
82409
17010
51832
73332
81601
17824
54983
67139
72511
79871
21197
61594
8112
86767
57016
33022
97873
25668
76135
20381
62418
99870
82690
2475
1810
94591
78320
28692
60215
47533
39990
62588
89142
58777
15925
18831
3237
32882
56748
7623
71955
80010
23336
30840
10253
39724
31349
28594
56483
32623
8912
25357
48776
11361
87816
41115
79625
5367
88688
80089
95739
50841
55921
25682
29754
30614
85422
23979
98479
36675
86269
60944
32834
20500
57265
56044
38800
36323
83009
64101
30565
25613
45386
89728
58252
46903
63250
56339
37208
62813
72820
68676
99541
76074
54065
9592
99559
96767
71157
80197
77581
34750
7295
33113
32425
89924
47503
42089
15000
88455
16010
52607
75761
37268
91177
98368
49126
97728
58057
66743
86255
84247
39895
70201
42667
59399
23298
25832
41106
93796
39954
4263
18500
53100
49329
65482
74773
45426
80362
14463
72940
56824
98047
71651
82927
30560
24217
86675
69672
60084
87653
1053
11904
12421
97151
59924
38221
86066
16588
38603
3352
20090
80966
25018
81813
89800
81740
71082
55082
16855
31924
87215
57988
64448
34926
67258
76918
37385
96625
48522
9979
77420
92726
28257
34861
56910
46803
48142
50139
86051
99126
73322
61212
35833
25297
5128
92070
81852
18475
41239
12236
95347
94649
48251
75506
81525
392
90385
78443
96349
30696
55925
48636
85000
33140
14484
29568
81943
56624
16831
39210
50413
19558
23502
22299
32952
99322
43334
79127
63961
69959
3366
47556
4336
32110
76466
62585
9590
87477
54619
94213
23719
32590
25172
42050
780
64440
76205
65799
49970
14789
66275
49068
9356
70202
14571
34744
47203
5799
26156
82461
75942
7307
25706
53669
49693
94613
93899
45631
39159
52579
78469
88610
56756
37639
50881
99447
99255
77543
84791
18354
9482
75161
98711
6179
76383
38944
22953
20680
94043
40501
46766
16495
58850
17127
49928
77436
16107
5122
88847
58195
36133
65550
35201
1792
43192
68754
33045
12080
21098
58911
97769
86668
53097
43551
70435
86771
92815
41199
74149
50504
22331
50728
899
37972
7603
3521
41468
92904
23937
63617
42933
23518
9779
42596
17623
40712
72206
34484
24432
80473
23617
93301
89672
73620
30420
62801
35769
75219
51151
57681
32578
70586
13262
96184
35280
70836
83942
7273
27186
89769
15142
78695
26837
28322
17530
83750
77361
25239
6302
98566
33912
8846
41365
64346
34002
38104
50182
94662
13295
71349
68110
37604
54823
65279
99188
76161
82460
96880
48976
20805
7451
28910
39565
58717
51208
49721
4558
91158
76324
3574
51727
4093
17678
28407
97854
14724
48885
1658
29117
69493
97401
51317
71088
39361
98374
65069
72245
15111
57121
1494
4021
25383
1652
99012
64070
47098
85728
647
41098
13946
89576
99179
5407
94938
89000
24642
37670
13989
92219
21095
36724
89905
7005
88430
26345
45448
80961
18198
92034
83160
79793
30640
45731
76985
8086
91393
4740
41998
9663
82188
23891
46394
96147
91129
12184
57426
11141
5749
8598
75050
84680
1269
28962
45748
53354
1675
9385
92415
99377
96150
94715
20558
89556
84783
5327
15144
47228
89457
60411
5535
19714
17345
63882
94041
57806
17238
53987
76915
61790
79165
89374
13595
74204
75525
13780
98987
43278
99055
13233
87925
82349
54709
70642
19437
1764
21999
81831
95585
87969
99612
28701
68978
368
95445
68242
72240
32682
89549
11743
77476
78425
13831
59068
44174
86820
81059
87648
82480
83692
78271
14667
61451
98540
6730
19999
12072
43578
21712
18009
5477
58987
13873
56080
53594
29314
25435
39377
60985
1035
20875
53220
21476
29683
7452
73133
71621
16976
18249
72219
27869
88509
45953
99922
88452
58856
16158
67641
22816
57913
78295
66908
8441
72449
55520
71925
9104
1738
82793
64375
62331
65755
37044
98226
86518
20195
70868
71624
43013
90991
66483
24662
89689
68193
49317
75583
22017
11629
89027
61104
62100
7557
21347
54887
21882
3631
74827
71913
76532
66146
34602
92022
28128
30387
43185
90401
41510
69324
27370
80759
60427
67415
5296
89333
91566
17788
50177
60831
40585
76432
25410
3694
25394
18184
63124
46174
88667
35542
61644
47103
92474
96521
15750
98160
21653
69006
78876
57675
70439
62144
64104
87820
23862
51678
47420
70308
44736
6752
21782
84367
26390
99372
14088
12913
19094
34636
66989
73967
75807
61841
51812
44483
11313
31180
38037
61642
49771
87940
68002
42194
89984
15885
38
32235
29207
47999
43379
46482
75520
34794
68990
81040
38164
85203
68792
12963
62361
10240
31281
40710
36035
55427
76307
15649
75809
76776
65071
64596
47578
41375
82039
81221
45045
72479
43466
31237
17500
98496
74669
5729
47205
28981
31191
1823
19819
41754
91626
10996
91828
96181
7815
8773
74316
27388
40716
34444
9086
51554
86940
42662
20117
34151
60897
22406
32523
99773
94109
53299
36091
5699
96294
35781
56587
70568
63200
61989
16249
26912
26401
81168
25000
53952
98802
69327
40676
34391
48942
79738
54306
88164
18065
35277
81027
86309
4139
5338
78278
17758
27358
30288
93458
38082
60624
38486
72005
7
98306
43434
83808
62783
58557
51691
48711
78525
24006
84633
40702
75174
8326
65787
11788
66530
38840
8782
47789
8976
87363
41089
58077
75336
65952
46243
16304
54077
49480
7352
68847
15617
66911
834
58946
79922
75908
13231
39769
59733
82622
37034
71911
42312
69132
31340
31280
57873
37734
8114
47159
10603
47544
3441
68703
65503
23852
17938
97716
82312
36917
49257
55046
97286
48419
93032
48995
83012
21408
23971
68871
67525
4796
5315
73869
15801
65314
11860
38137
60432
90772
7114
17048
72738
84453
82135
52129
5696
74244
24693
66350
16234
58263
77169
34575
91676
34290
85498
65895
58223
66330
86552
11171
55904
97614
28705
3747
67603
73775
81437
37284
80504
14435
87892
61171
98956
63865
4665
87044
8465
4994
83060
2103
36810
56703
28046
24815
90856
38184
267
83376
22699
94962
94626
22039
90433
50932
1722
60129
83728
44274
66565
43035
6610
30210
40375
2560
92930
30698
59565
11819
63898
81121
22212
79067
30762
74901
44580
76298
87048
2543
42207
70582
17088
96411
56340
63170
16323
82553
18314
68701
30037
62163
44502
30699
3627
48763
42526
35844
55077
54628
92430
83449
29274
29351
69239
19253
87578
13635
13663
36736
28176
69725
80064
70266
25276
90375
40602
63843
16042
86746
91888
54470
48210
58004
20802
41173
4074
2478
74025
96039
37309
46624
64156
35067
46878
8496
17883
47829
91802
99614
81354
13893
76226
68813
18570
76777
54588
22179
49513
15201
37228
50326
20991
9252
74145
80813
50422
5498
60122
41921
98082
41778
25441
53228
12034
23903
3377
53865
9314
84889
81676
70520
18955
79494
11660
57436
88451
11188
41285
13542
89014
15438
77528
77455
11068
18497
6536
94916
64251
12052
86985
58284
95476
66385
84421
48118
96204
20161
853
48424
81800
45724
21737
64055
68711
42299
9391
32333
71226
29664
10002
15762
467
83612
71309
57801
64441
24026
54258
91299
43407
22497
89268
32858
36849
17012
52342
98197
823
78961
43031
56726
87132
95642
63367
86806
42671
17754
72951
89677
12561
80503
46553
76975
58234
88519
89048
54003
53047
61474
20126
24721
91740
5655
13976
9193
21177
30715
16250
50083
2112
93265
75811
54629
72032
18236
88817
33811
10463
55788
23605
32127
86204
91668
70534
98855
30958
83362
19062
76845
91411
49704
71510
7537
61979
36725
66168
82946
35807
30920
2602
53676
94018
21137
53968
22866
88137
57535
16723
72836
67842
80806
88100
46785
38681
18017
12499
57519
59934
47774
32244
16342
20261
51138
30993
79775
17458
91691
47553
71759
32789
45155
7887
41986
18719
69404
87525
93360
53347
21480
99244
3020
38946
23158
71714
63526
82618
67501
79393
83635
41856
46747
58867
60194
56276
81486
58815
30924
37063
52692
53858
92741
68390
33260
5766
68050
89003
75977
38514
90690
37983
13741
62039
85558
88025
6494
66514
88895
62757
92562
72362
60320
49542
99326
29718
61501
28269
91723
85231
74856
76347
61802
77668
40608
73457
73460
4887
15397
25934
14408
15913
44915
71680
40694
95537
81204
63536
35490
16443
69938
32119
79902
47160
44265
30406
69640
5787
54
26427
234
79988
90886
4948
51165
75469
18742
378
44491
84503
57951
70601
62382
38132
39885
11777
83095
67938
66441
29236
24170
93777
17125
17173
94250
28988
23411
70189
39003
54749
57332
45010
54056
56993
83114
56500
25733
92117
34915
23354
98185
63277
24904
56794
52163
74159
42905
12680
60845
48182
58958
30941
10973
50443
56972
15899
45264
68632
59147
56600
17991
26477
19393
65581
19292
34910
93206
65410
66568
73631
96402
80671
242
80990
1274
3074
76154
98408
54023
4330
15164
11094
15124
88036
78995
92175
61461
75290
61621
91751
4011
55998
43812
65808
97229
40462
37517
40351
62426
68053
45627
89936
63071
11043
41345
67786
5019
71062
72401
54130
82978
34505
78806
5287
55699
95377
96638
18998
34230
12047
97186
45121
93395
79910
37304
77125
21357
36412
11652
69223
62197
19452
99664
67020
59452
95932
9565
75822
51675
70577
64565
2035
31381
40782
70010
78200
97221
92792
30324
46761
6291
54856
63432
19170
82616
59851
67274
33243
70730
55494
33658
3049
6224
35545
19800
31504
9223
87800
127
54184
51160
58728
51170
9519
60018
22912
2299
68119
83315
4
83511
65022
29127
35739
33343
36402
4170
9538
93146
75064
82798
69980
65038
72178
47607
98230
85456
48604
34745
32221
77682
79166
20996
61951
14970
97845
21371
84547
94935
2441
2778
52864
49889
20457
61295
26218
26375
38288
55526
39587
83688
4071
3543
38388
96805
7196
29300
73728
56807
6275
26630
87897
38636
59442
92228
87139
35349
92982
55085
16265
74073
43672
16851
82324
86201
40309
73136
25994
44562
58258
73016
99089
22043
70824
46184
38593
85748
67765
63192
33353
14026
28838
97819
98687
33727
39876
15688
36919
73709
93739
66100
487
71418
98907
90563
98645
80896
58854
18037
32263
800
70759
6050
57192
72758
44880
62344
12254
91357
44260
28845
63511
25643
88052
43940
36940
10229
38756
57915
78193
66860
33464
88141
81414
77819
9446
88059
17250
86832
60812
2974
20560
80886
31696
96541
35330
31194
43576
64513
55518
82449
29502
17171
18292
7660
93472
67190
46893
22227
75617
38268
6545
31003
80912
2333
31694
49400
6923
84062
66970
46942
60263
75653
8617
40651
71576
20984
63122
94951
28100
42492
57077
54808
3822
22612
83963
77163
23252
27657
85907
44392
39986
58974
87762
2869
49718
90988
90980
1367
35539
836
8640
69886
70858
69451
12537
87131
87551
84541
81441
30106
87720
49759
13978
93131
1056
74095
35137
90395
61704
46625
43834
93420
77998
90522
30606
81724
70995
79935
96538
79070
39212
53107
75404
69798
92633
99293
29044
73963
75467
20676
17706
38571
61947
75600
70092
72510
3310
92200
21795
22393
75521
22807
38212
31863
56179
97087
83770
85962
47808
85192
62861
70376
90838
56779
78775
53856
22835
26712
34865
88849
33199
82164
97318
9869
83223
19878
14024
97337
83713
31663
14808
177
61100
61
45216
88644
55389
4599
17352
89169
63225
10034
80802
76076
72015
86472
4631
84063
35615
15697
1797
33565
15957
26950
76266
92740
61014
42953
11389
92494
99627
2368
3566
60695
28334
30151
21401
93510
68499
89882
71546
44180
41964
85894
24364
58072
19001
73868
93743
76086
83844
61074
6818
81231
46647
54344
80888
40795
8408
29532
89587
84140
31631
1639
53903
93253
60890
73027
51760
98839
17186
20423
50150
53677
44484
4621
37712
76106
68913
74774
63589
49709
49015
88445
26672
94296
18072
33145
71819
27981
76890
6738
22316
18150
63908
77618
50441
10111
29585
79328
32070
18737
24106
1305
26202
42556
57356
45810
94618
63741
67555
43858
53356
25772
64467
33138
11050
12834
40284
43008
60216
80703
24989
4161
42564
37728
60381
77109
5885
69392
86927
85103
14539
29415
35269
89679
94751
23428
81694
37178
80875
28287
14462
32490
1948
57846
41174
61711
88471
61886
37136
12234
96992
24045
81542
81921
15333
96445
87356
28316
4078
21713
33689
16756
77849
50695
95972
18468
86905
86939
86090
6600
41638
1211
23858
36415
8953
34307
38371
78015
6124
37567
25685
20659
71589
27284
81096
85803
40008
46094
54737
54568
83185
30733
80275
47187
84910
45244
95159
51022
18945
95552
39537
16218
35517
13357
48868
4774
28262
39
54965
15372
21333
78490
80595
89626
32720
39499
97691
40144
22214
24889
92003
12366
72284
84454
8194
69459
80796
50766
70589
8601
91474
47527
54981
31876
89641
63680
57746
26573
97497
28200
27612
53129
45005
18983
33486
29930
38979
38052
36667
15056
23507
57910
48587
19480
2708
72726
8109
8415
34000
29143
43550
91766
91886
32643
95785
7788
68341
36976
8862
53910
31301
46382
12513
54642
43238
25211
76396
32712
40770
89479
69351
57323
48429
63995
5239
22087
45793
94753
78147
90675
68608
42515
47272
17727
53536
23473
141
8106
15640
21614
6029
27120
7725
74833
7594
95659
27436
28210
47224
291
57606
41216
90206
30189
73856
37970
36533
40236
28248
24161
79595
90084
68372
95381
51324
46467
33473
90416
5249
94939
78670
91352
64862
44061
75073
82261
18524
64541
61667
30786
20613
28191
55593
30582
77005
38610
91487
67583
59439
28518
10248
54553
7284
53456
79749
15493
17485
49880
28044
54793
26030
34526
18803
94037
52549
79317
84253
75898
25472
72712
93477
32081
88427
94673
67445
66725
40001
22436
25432
93470
8665
86564
9322
43931
32798
7714
88533
12757
46797
93905
96386
45214
52138
66095
94647
6046
49661
8309
81743
47355
34698
26382
50241
69021
97526
89973
56964
92588
54589
17709
90136
63074
50476
7176
27805
62536
51791
3762
53297
71016
43654
53923
64032
14265
56516
38131
11536
76544
26703
94450
37119
68998
76797
62283
19064
56396
19129
30720
9398
28752
44155
76622
79782
33683
62818
4058
78926
64446
58624
21623
80567
2421
96976
162
76045
98661
23894
82986
43896
84900
86276
76098
4645
31232
99795
62705
34965
14152
19892
98902
32107
58800
28458
69295
81362
72277
55456
58935
65786
50015
71032
46001
83265
21159
80973
71379
61510
88636
7561
97196
99851
83769
13681
27720
24562
37532
88714
34397
27615
71980
51397
88466
2316
22101
38916
26459
49569
86043
11841
65272
26838
73592
67435
47876
58407
89030
7758
79020
41326
29363
9898
75788
43313
90022
74217
43173
8152
39511
52922
21140
24450
48993
8358
35668
69542
97220
19801
92141
26763
28443
59251
59083
70713
26839
37072
45161
46607
15947
43532
32059
27212
35828
59582
60657
45064
52826
73396
18677
65443
23505
1983
2182
76367
43647
4554
47778
63334
60587
40662
76207
52972
96898
86316
5924
25571
40620
85030
39138
96726
81198
32164
75458
50955
57624
83674
57126
26238
84619
30459
76849
46397
90657
79631
53491
25555
25738
50127
57478
54028
10203
24086
93969
56702
74502
16228
70152
41574
83070
55069
64005
80776
94834
61038
35567
43957
39648
22561
48224
95922
58872
15693
23196
88070
26389
81105
46528
70298
14997
82303
91400
82725
44007
34522
22050
85356
3363
49051
4770
46095
61776
27527
75701
84006
66487
55032
73257
29549
54082
71573
97274
34340
45865
13712
20366
20251
68888
61808
65087
88078
20671
90829
58147
4977
48494
46928
58017
12525
28542
58001
43024
11849
97579
58816
59593
82728
30484
66837
42941
63069
69566
80922
23813
71981
48072
55258
85719
14589
46582
34004
66525
1377
17767
69839
95256
5154
71978
90756
77268
47994
50309
23974
75571
1316
13787
97428
92913
63167
33236
76228
34328
51304
97384
22984
31284
38657
64043
15689
75094
76886
7014
49347
48114
499
36329
21190
85151
30575
96486
41376
4027
66152
68572
79482
89079
51323
92961
62911
8252
66249
89594
71151
21121
94760
64648
25912
83208
5526
67988
32934
64543
88912
23097
72542
17544
76412
91284
20294
23313
26236
78188
4450
42083
9903
57300
76060
53388
71396
70275
91470
70979
9098
5626
70022
21655
58275
96125
82380
89494
98693
2447
28612
38329
43198
24910
23677
8835
258
91603
30371
17323
3714
59293
66631
92417
65837
6251
209
25766
10068
47236
65237
40904
22976
50657
53173
93333
96826
51298
99975
21334
35795
97459
96361
26810
58390
39303
14958
63425
716
44934
21382
11851
73878
37973
66239
9866
15112
5388
2662
64202
18149
78436
49136
9894
62912
31310
66980
67075
40978
94058
94080
8551
85089
93721
38231
55078
58170
99747
5856
14126
46982
92293
67269
37496
11417
2939
94882
59063
53110
74721
51263
49990
36108
11596
26166
2619
96212
77959
956
29459
24514
60671
40497
56271
69901
77377
85402
60744
28296
59016
12879
6089
81182
73082
90915
98925
1660
66328
12070
84832
69713
56830
30075
85045
8982
635
6417
71591
20006
7126
7222
32086
12973
3392
65582
25611
78042
69924
30231
55358
56078
75188
58676
99700
12258
67375
31391
92626
90897
71588
55765
11124
82602
48229
66697
45047
94960
93985
49522
69481
49997
67620
21432
586
75849
34540
64874
96594
12942
82342
10934
25204
25804
83345
66440
32356
6078
65945
37552
59429
9537
43564
93694
73283
78485
76490
7868
23504
10472
7094
44163
60978
19285
43869
67025
83094
48012
31984
86987
88571
78923
42960
40276
98660
5176
26650
22173
99511
5808
7264
58981
58519
18480
35337
21714
9608
37608
20884
16690
8983
57419
68520
30781
22292
91472
58924
40964
95383
33556
664
12994
6681
22014
95749
9476
97267
77674
63348
35011
51632
70760
37312
49175
13658
81119
8265
89021
81324
9357
69147
54711
14653
8733
26751
89307
28714
28369
46904
95300
54132
26215
13823
56064
90148
67490
91774
14915
93416
17844
88666
77970
8110
24416
50268
11379
38270
99782
10584
91791
32603
47454
55721
94465
36382
5096
38448
35515
51894
5379
39944
67758
97118
20127
9510
92038
94774
87332
67126
36044
34695
75102
39798
81488
83890
22604
36805
2100
22702
78540
12863
69025
9753
38121
14573
32640
894
9910
6000
80838
56855
62131
73496
80766
74946
95774
15568
61581
980
71782
59200
35438
95080
89109
80340
28935
42344
54008
40167
84235
73549
39762
60461
99815
20745
29567
70165
39643
16918
12140
1149
41249
95723
22137
9826
67602
72118
81487
80421
5776
81818
9143
16679
81673
2498
97385
60092
19609
46299
19700
24051
83915
33481
49560
50556
93716
99195
97342
90781
4097
29876
80717
80029
27129
59344
33205
90379
85236
60581
43507
49428
50233
78034
77113
43721
67420
24839
80741
76003
66074
6132
36598
73591
12334
90666
95823
78558
92601
30476
29482
60768
93405
62727
81588
70723
32498
85695
13485
45112
19017
36465
90100
59079
98756
20120
88000
39810
23616
85462
45303
78179
16951
29271
96967
88254
40801
97804
95330
10025
83465
96792
95767
24210
7606
77980
42368
26060
80510
53308
88628
18224
8293
60592
91222
55955
36891
8440
47433
81294
26149
72051
54234
52541
30502
51484
6664
21818
77734
65726
57046
8710
91050
39126
83984
17169
10233
95812
82934
58483
1124
21426
2952
3754
51881
46943
75004
84957
80200
50495
78134
39953
49026
51133
79838
11425
11770
66635
33372
18019
33487
83863
72114
50962
83629
72609
61320
35459
21660
54822
14721
66199
61149
59075
71252
24792
58202
95648
36416
79501
74190
40936
2110
45475
81621
84210
1758
23171
38846
1155
9582
28912
51755
44905
99375
15100
9046
19023
38165
59671
39714
16898
68264
11785
84687
68066
16435
95778
10081
50490
15882
63095
58109
98793
36279
35967
42186
99867
28767
70682
50916
6482
71974
16003
31685
1536
31193
76015
77559
1636
19946
99248
97165
7675
65339
2222
94102
99400
16420
30812
19374
8450
9022
46542
87671
76249
64887
72246
47383
15218
79858
1388
93815
18715
91794
9775
86464
15392
52374
95940
97461
44974
41086
50265
24407
6663
95046
9038
57280
41826
39624
98123
50323
78959
35173
94775
56221
37539
57588
65456
68427
28150
49335
83774
27458
92011
18760
44614
89101
33671
85113
82106
43913
16173
44864
83934
83887
88113
97639
50704
44063
7407
81473
28817
35509
31207
94241
14829
94560
96233
85712
64485
31092
89397
33310
60692
55768
81538
32108
5807
63556
80707
70498
36295
87235
28526
3871
92167
36389
76978
21466
12858
66046
58844
25197
57051
16815
38790
67150
50418
99477
71837
14220
23401
85756
44770
35141
10753
30414
31887
16029
97505
13313
72224
61785
68268
94162
18619
61622
64782
86804
49449
74342
40015
73911
44691
74832
70330
30694
86008
37429
2363
57885
99111
33710
68863
30820
33222
45473
45572
88175
62169
66451
45771
52779
80336
19585
39458
80998
59405
55283
8641
66383
98816
50301
58767
77281
57012
35369
48427
7654
38426
73148
55286
49462
71358
94943
9422
13259
89271
99330
95010
13710
92986
56170
60542
17990
88575
12154
94997
69281
45176
57268
72891
14122
79624
31135
4696
50445
10213
23691
81804
66368
85060
76464
76391
68154
4551
40466
40436
34940
72873
20449
53012
18943
99932
12958
59764
45272
90230
39548
96809
61483
61719
70659
51105
4903
49287
16540
41623
56850
63148
70602
36290
64430
74324
12108
5645
39504
45346
6370
58535
47857
89393
71399
19144
14777
34789
15099
31749
63921
78620
94311
38271
79970
26062
65964
34651
27578
55272
88003
10278
34087
47189
92190
50021
95905
68569
49491
62486
18299
26710
7182
46512
22806
57699
61454
67310
12916
74092
63383
52427
23896
49160
81524
17594
89067
42438
81668
17763
54929
72966
86851
58153
98377
16474
33744
53092
89256
436
16670
66456
22191
27994
52398
86492
79964
3649
46594
42324
42714
54573
93900
4804
61260
25379
34099
45030
45750
95352
45503
22326
47600
96799
82851
13660
14342
95696
70960
18958
68852
66424
47918
79331
62466
43981
80951
20380
55847
16289
4989
44006
79817
80545
68534
88535
30758
59972
82262
55879
84419
56874
17269
3881
50093
6724
30931
13757
48563
26311
42274
77062
52535
181
72395
4206
3054
47081
88642
33354
88739
75984
79006
21192
66130
56390
10207
64360
90885
51801
33291
56781
86500
68029
16376
31144
62352
37765
451
53510
88058
34624
76301
99084
54194
90795
17898
24702
50730
7806
99778
25448
9994
85679
39924
99724
35203
39325
23969
82426
50879
92926
63518
26673
58454
34169
56217
88985
16455
18748
52640
15869
17517
56657
2968
91459
16431
58817
79084
94886
2656
67712
77609
15694
29100
49856
19717
18332
7568
76591
67548
29457
48592
27804
89749
91887
71887
94214
79771
19760
17291
31906
62594
92737
5317
45883
13273
30609
59712
95479
34229
61756
64613
74989
79341
16123
12199
29190
47880
28709
17779
59148
14055
34707
1371
88935
7258
81292
87158
59380
2120
11762
25127
91090
66668
11440
12840
53570
14432
70132
53911
56510
61718
22154
58791
93927
89245
48546
53613
45256
82477
25169
27100
32406
16005
54302
76104
84075
6402
22961
4681
7684
17447
71428
429
82471
92325
98548
83480
81862
94085
13135
56667
55540
5032
59244
9139
33023
95746
91447
76640
33630
47817
79106
63724
14767
51703
23920
58118
8839
68664
79476
75
597
18195
38663
90325
32174
44168
46989
53580
54554
8830
18423
43357
8026
59178
39187
41007
49064
64391
84225
15722
66323
52861
95180
97281
37065
53917
32686
84116
99258
85157
53832
64310
74817
74552
56986
42708
76965
82291
34073
68381
52102
42509
11790
83493
69358
85787
90908
95251
62683
53127
96132
19607
82399
85691
66814
72578
95579
9652
41498
2715
25467
9744
97305
76694
8630
20850
61822
27384
80342
46668
63595
1302
79161
6368
87989
63420
61470
85139
63179
42434
75842
86969
2924
79879
46759
12540
86020
84198
78859
46285
48219
12416
17858
64631
64797
18298
24130
94998
22205
54218
44279
69714
60086
17202
60518
53513
73837
23266
94178
11531
38802
46867
7381
25421
8690
29388
31184
99300
2786
77350
71535
26353
11351
90339
54293
40429
47788
13886
95091
18947
67331
31486
62677
33192
66039
66068
75747
95727
98241
52539
43420
16907
88578
90130
40735
94742
80764
61232
1291
47042
98386
98063
16849
3634
10792
44438
39482
23679
74066
98920
42698
10371
89168
82665
93883
85310
41525
45500
70944
74538
43250
90134
42
33863
36368
78075
15768
38807
52787
60354
12817
21252
76798
36477
22667
2312
37966
9115
54019
8971
74516
72131
35698
47982
16886
12063
83470
79453
87354
9400
72597
39732
23638
34467
89041
15377
57039
56988
60126
22285
73885
60487
26812
82458
32653
75993
11607
99683
44158
27101
30280
96050
83116
13983
61270
202
22455
44017
77322
85624
71204
14855
61659
63532
63050
84874
47611
59328
41671
21692
26782
65521
9079
96508
92537
25976
73949
61638
8260
65577
43959
78783
76282
78104
79318
84985
95030
22034
16550
32335
79539
64726
2713
12567
22029
16129
91615
86926
50442
38671
77173
38035
36377
97977
38012
72260
84010
11739
34042
33360
51396
16511
99501
27164
80850
67721
71497
16276
24103
18101
12545
21463
44475
74771
83298
99722
85916
36942
96665
6203
94440
95345
28
77635
90151
42770
36208
18654
46453
25260
7163
67289
84756
32701
94144
43260
18185
1450
82838
61967
40401
12481
48879
33939
75243
28335
28186
79448
14127
37563
99994
28493
93551
80236
84771
92898
15520
41410
28143
72577
2331
17924
11468
49599
19658
9048
92469
75879
22155
53362
4842
11330
22846
874
32648
81532
36521
20480
76868
44510
39128
79442
73317
98094
6691
23458
83533
9461
38163
22989
12889
91009
90644
985
68562
44721
75426
93308
51120
10215
91835
59441
510
16731
22712
8717
44506
33762
94490
56716
60909
92152
89972
11865
94892
62799
35692
34879
51847
51864
11282
21741
77477
7316
12720
77101
51982
17126
19843
15798
13972
38864
63989
41631
90779
41081
83798
6392
12920
62906
52553
8740
69121
12796
17073
24125
97574
54392
44262
40999
59910
80864
12079
50434
15808
70426
95254
28422
70497
15243
85999
39114
41676
7116
55428
8561
72589
51451
45521
46156
78326
22218
46579
28270
40943
65006
83318
79915
55080
50290
79117
99088
69356
54659
69791
31571
90274
37096
15270
25189
45673
73426
89236
33847
80369
67731
33968
12218
42020
26807
12740
16833
49719
70725
90937
85342
61321
37619
58200
87856
40496
15134
92214
99143
80052
59535
98536
41887
12049
76271
65470
84599
65345
99096
14550
19961
54963
21400
58906
9539
12613
55013
99593
55938
99555
35262
12179
36484
12995
31358
12701
70173
20395
37274
10439
56257
50676
55666
49857
80288
80119
70294
80964
78636
96220
89323
86253
1401
77392
40148
48963
87996
24527
32092
94950
41429
4816
44040
81959
43269
4745
33281
78311
39243
11750
20477
91838
75952
33330
42234
86455
23822
32160
42547
58380
63855
82009
5482
15192
48221
73814
19267
54844
49918
52664
86704
20315
16702
16360
45199
65809
72243
61095
46629
1130
7433
36315
3909
16242
88510
25831
12024
55483
63421
37600
30469
32879
35598
17715
86966
5545
82679
38397
44204
86006
40979
27085
69885
45336
42112
96456
15451
47172
55763
78273
79747
12941
574
41761
60088
96175
13187
5601
49275
50927
60130
46276
27352
59822
73086
43675
95401
21920
91739
84926
72805
39993
57571
7526
69756
26385
59771
87311
71644
17147
57471
98775
95956
65684
21224
50944
70281
50
4541
46544
48190
26483
97285
56451
90858
3811
5164
19114
85994
70399
245
68639
96948
48143
12464
21270
11349
27862
94719
32380
12675
9258
46601
56871
27189
39963
88351
75071
43077
35737
93057
95295
68189
46128
22415
31068
46741
8354
86174
92259
82521
58569
76825
48884
7638
72422
21477
44926
36383
58368
89646
49173
79611
8567
14795
89609
45342
28349
75226
46505
6791
26174
2245
2922
48310
87799
57753
75656
63085
83878
27112
77064
29197
95969
31172
54825
72102
8030
96958
34857
69442
70267
65243
18476
54002
40629
98320
2889
65705
72321
29811
59525
78186
12502
31960
34944
89239
12017
69328
85786
99079
90600
99592
66170
59065
57818
98717
95822
71213
88210
57950
64067
83027
58039
63957
82737
74489
67226
15381
86917
87830
31228
55423
9052
45879
93589
19421
18247
61076
10554
70081
45974
30596
2685
43638
67031
91798
71611
58829
11989
24526
23625
19081
27409
31070
14673
53187
34918
99875
73319
48964
32734
929
90473
4005
53048
51685
97506
23429
61957
31954
61000
33636
49113
71024
66941
65859
67152
84281
43335
36486
76945
90811
72558
91182
51345
30962
2663
27157
74825
85698
69604
57011
52494
10882
8724
17455
88751
83505
99523
4485
71500
36674
97470
31827
22347
67503
56528
61059
91150
74036
12043
82863
54685
2739
9585
64100
73558
77254
79534
2358
95813
73031
10525
98590
58926
33120
21860
35158
8089
62554
56572
53167
89385
47375
99803
96522
3381
763
52657
15257
86691
29707
74792
26406
16972
44464
22799
58236
97742
20331
55459
81933
91250
21807
38182
43287
54017
19553
19970
79195
69977
32468
79961
7502
7569
58665
29065
7036
28036
93127
67125
98990
62327
61784
6882
96748
23397
22188
76057
76254
23713
19633
57530
12245
193
91848
46589
54380
36038
46367
99886
80300
62260
10707
65693
72619
15106
88572
26657
96215
40147
42440
49273
78331
31715
57792
54236
48508
1640
44387
22792
98048
97190
10695
52853
65143
41298
63819
46004
90927
75840
50893
45889
17823
7076
21519
30011
44680
6909
52670
97520
41359
99915
59608
7079
73360
31385
96889
20546
11848
52174
57971
25219
87548
24465
74923
33381
43956
90391
10750
49575
80276
84975
52932
46399
17707
17856
27847
62649
38605
31690
11756
28869
85930
70357
67499
82780
79260
2017
84953
31495
15024
84336
26819
12374
60433
42713
58937
33898
81715
56233
58933
70691
18363
44468
49403
51123
80310
65270
67005
57643
69533
89607
79714
78081
86034
5830
8722
52391
63237
21733
68580
96277
80152
38507
87452
88946
58375
90652
96890
41532
1383
34928
1861
44749
77363
60417
47968
47723
27600
92990
6799
27256
98402
13685
84365
36526
97659
59416
54420
2921
66349
84466
69804
5928
88366
43848
87635
54519
64447
69676
69764
62080
4703
88339
66891
61203
44041
17334
98274
83931
12855
99769
12759
1444
83444
68691
47005
41740
42347
45276
95892
41457
74088
50293
53929
94654
82331
6103
25180
68161
18730
6085
78546
37960
74472
87730
60820
23640
41828
99297
27206
88662
93337
69467
91224
18075
21699
41159
60226
46061
20776
14775
79347
89226
76811
61862
72151
43881
74745
51763
3187
98239
65398
16104
48692
6842
75528
79047
13018
17009
50259
16504
69308
70813
53718
49633
1726
25482
62362
35220
9875
75751
99818
99807
16363
27974
92842
19725
56023
99606
18458
63315
35176
90365
74432
47467
3311
46483
79740
81406
62564
61258
16172
61009
54874
69162
41478
67968
94269
36964
66490
86512
50239
25897
71898
99128
94822
84042
2064
99714
29553
92750
22874
40143
5908
49038
48839
1262
1074
58149
63214
66531
61373
22578
81617
52332
48440
79584
27417
59622
67496
3887
61707
4563
49802
51349
99388
37101
79805
62847
80725
47781
58186
95840
67836
30934
36351
52901
95482
65607
17729
97399
41378
34524
35538
67922
27640
56895
29115
17001
81412
59126
61135
57414
2192
16062
14838
80182
61361
6413
39821
1321
82428
40262
41111
96844
64255
75622
5370
68112
43745
32186
32145
66695
97152
63459
6567
57810
20628
40513
2404
14013
94373
15789
24626
54316
52700
41742
61553
42879
61375
28088
28780
98637
87433
1892
21386
1849
14943
47669
72992
95327
17644
40473
82414
57165
39410
11325
20491
15039
70207
81907
32989
20527
63029
12982
88140
89118
82671
87186
21933
98399
82034
69312
1183
29031
35045
56445
72069
74493
23954
15850
86550
62186
73297
91745
71313
20373
32947
75869
931
23992
26099
90075
41130
69913
26414
9936
99828
57692
44377
71930
9789
57997
65473
9271
82328
56066
92140
2581
66136
76476
24111
82950
93622
52068
57225
26538
2434
77917
32554
70651
17151
59838
61352
35293
43273
94639
24277
63380
82981
94521
38651
29165
26618
28010
20247
37090
72770
75435
8443
53864
64178
68157
8966
1542
16139
74712
3271
82013
65575
74655
29731
53800
91052
45764
87197
99118
83419
2177
97389
80423
97027
88911
57349
24542
23739
85118
88918
3065
18068
59168
15966
51827
12399
87463
1466
68712
90152
32177
62618
76374
85309
81682
97879
59292
82447
55731
18714
58238
44625
88737
30826
80283
50954
61424
91371
87616
57019
63647
89564
53340
66852
49482
90709
44378
16386
22595
70018
86506
18200
55882
59651
83922
85893
90256
45877
93211
35301
72203
67824
24946
55918
91406
47511
72271
95933
78871
22877
11046
67173
90691
97089
5334
79286
19288
67346
44599
77300
62680
22145
74934
95636
77221
88383
59507
60560
43244
41476
76629
38613
56110
51487
33410
60282
54177
78522
1669
55943
82339
48079
1946
14603
34704
5733
85142
97796
40206
48158
2906
61683
55479
10242
84271
86028
41014
83758
39119
34194
25242
69009
51154
27957
2820
39512
91575
75484
99535
95595
27604
13622
26360
71308
25861
43092
87362
61548
14628
60834
174
83589
6884
48154
9428
49162
20586
28740
73397
37775
88971
24507
81546
15390
80648
67623
96130
25746
11173
71392
32926
29523
41390
47980
6876
62425
69289
22885
33004
21889
73221
23866
5022
67649
42849
44838
20011
74527
10624
54174
53113
91245
9604
87517
49929
93295
93140
54759
11130
6477
63801
54480
86775
13392
68921
34611
8575
93220
64368
58812
82065
39080
11210
40040
92059
11207
47925
57460
23982
20626
39583
69851
30357
50082
39228
59741
38374
76783
72988
59652
98612
51568
16545
83658
1260
67101
85692
3764
83313
6134
88180
73738
55727
10470
70183
3866
49198
2517
95759
92265
26790
47107
29652
51183
9712
13819
85783
98495
78543
51446
23240
29639
38962
61046
62262
56626
57736
63760
67877
69077
69416
62917
37050
32929
88121
45629
85982
30082
37752
32294
54527
69130
1889
34959
70033
55566
27919
94134
53833
25371
72650
39363
33241
81527
64855
66261
30335
88757
79594
12652
70768
48400
22656
93347
45187
55035
47321
3464
68141
77565
18694
32764
26766
5121
27411
89855
67804
61259
95093
62793
72701
35197
56097
40142
50295
26195
33874
32161
86883
62051
9847
45896
46532
58634
69298
87668
41395
10492
87972
16618
58225
14793
40370
93790
68239
11628
62695
44057
84513
21753
5521
63794
26281
97075
77876
23394
50493
11455
57221
73173
2643
10166
21394
18614
23031
86052
82620
8353
63104
74945
94179
52272
577
94764
15909
48275
29078
64413
87148
62736
63350
92178
16724
90948
93745
62419
87285
52276
40327
67438
38522
60168
26922
43718
26693
77016
76632
13117
77212
21051
43237
80636
71409
50254
31121
83708
36668
79725
66422
10579
2294
54752
37978
60271
12979
77080
46529
31266
56758
57262
8807
6491
97719
99884
66912
51754
49197
47204
89696
50982
36078
93547
80015
68263
76155
88678
99433
60131
90546
90543
38692
95028
59710
58796
30052
32820
25625
38087
2348
5030
65556
48681
30534
98307
94357
85597
30166
17800
25182
20352
60218
43904
56750
52176
62042
14964
34771
43292
84335
28139
17649
3607
74797
41088
50196
11892
83698
58635
88759
38000
86458
41733
45985
62339
59905
96644
95472
80692
44567
72784
12256
65377
53475
81687
15158
54036
36332
93760
61030
62767
1760
39084
41324
93093
51031
19944
66370
93224
56353
97665
40839
16635
24711
72761
4037
41694
15208
98891
57839
54227
11908
9530
20931
85069
90088
48564
64786
66340
96745
53859
53715
98980
38937
38611
10372
67347
1100
58337
734
23456
94921
50292
84293
64820
98918
93833
58121
43455
81605
37282
56160
4560
42819
4424
71060
60452
84266
60251
89821
67925
55348
58522
38251
82783
71760
73826
26750
41980
32635
21079
61197
34279
4315
44440
70333
12692
3314
19258
72832
70532
17536
45391
57853
27505
40514
77485
37443
3337
61842
63505
63662
49565
59956
64096
2170
88460
73391
86634
83848
35986
18234
34162
25583
11970
63137
63736
35383
43732
34782
59224
43968
19657
17839
66938
11622
34511
73536
51300
7003
62195
92610
32423
54546
74148
7843
77879
74733
23311
29559
89636
91234
10575
70728
19776
53033
81564
59660
71190
52121
91045
99836
5105
64689
35003
69842
39666
16617
20314
52147
20911
81290
2593
10840
41941
26534
89644
11033
43505
9156
2132
25728
52369
7614
99082
25512
80365
9615
91896
90778
21993
8337
51813
67032
35440
98346
26058
33248
20255
79628
13244
48765
88328
40448
43583
38531
64509
63793
29888
45926
82226
48619
64602
96520
18608
66546
91919
22983
32587
936
68203
89218
69847
40459
87246
46812
46584
97032
19096
62424
51392
30754
63927
13793
70218
63782
73196
18948
42609
31606
15331
62082
56734
2780
38197
34458
83862
17469
23680
15944
2648
47137
16684
67798
33457
3161
67787
18852
57251
55817
82983
32534
64004
95459
17128
78516
82049
87212
22369
65631
75848
21022
26266
70306
19693
35981
99405
5774
43899
55205
18136
82858
86610
67524
68091
20872
91143
92094
11696
91345
94397
26314
68187
40843
45478
69794
41824
68721
12119
62795
37724
41918
22617
26124
62608
43781
22089
16156
7653
66005
8215
80078
85688
90155
23046
12876
65716
62932
59780
77265
29916
13828
55171
76008
94837
84604
77494
92946
48383
22438
76471
5649
64218
26738
34265
4298
4260
51954
81454
23021
61831
50810
46915
83485
62343
82879
84242
47770
4241
83917
12192
3151
81509
48188
70087
84349
13234
29883
40460
88853
36215
49031
66218
97105
87888
55613
25960
57297
64395
18415
79248
26464
12299
67090
72734
4739
64522
40691
28789
14447
88252
31046
85811
36803
13720
51108
98878
21960
57836
52637
37826
65876
12496
51476
79716
46446
42516
96203
4753
39694
4307
79711
49133
46339
91469
54914
11453
37399
48806
92107
43187
16594
29484
92263
77518
6246
29541
61557
58092
41397
44430
95453
50717
24412
67387
49645
85393
99340
23712
44842
76487
54932
93527
4858
54076
89770
27568
76499
43596
92016
69941
65616
27848
85701
92001
52184
97504
12785
72520
73935
98829
66643
8713
98065
23963
19905
23077
68140
11383
93481
89121
4742
94259
43491
93519
79538
30472
85976
18708
30213
65609
44569
94457
49842
27885
99677
9916
13870
51359
9128
7617
18693
65025
93121
49848
99543
22023
76143
11949
24451
57713
76616
30425
3840
69998
12025
67159
2365
16534
48187
28382
13360
92911
63759
20351
14965
4357
88371
48994
32504
93659
20217
36361
35626
17540
42307
28863
17643
9282
39004
35893
54702
96393
72216
66545
87987
59833
31945
69095
84195
33815
22926
31727
74783
4333
33674
92885
90490
81581
32154
67015
16667
25295
59339
1449
49544
158
2678
30709
9892
24870
4807
87891
68253
23023
87512
17717
78851
10832
55201
22942
74196
60675
60864
20685
47217
29554
52260
90791
62641
65661
88540
33336
75379
86470
52095
78577
95511
26879
23734
68274
53561
50592
17556
89199
73338
47342
92224
64312
33299
10455
85595
29967
51253
20199
82528
35267
12386
15865
20221
65725
65627
36276
25035
31768
58169
42780
64776
22963
27968
36748
80240
73135
25229
23792
39645
80476
62865
58136
1662
56344
32790
41710
47675
15731
94455
72538
17830
72328
11323
24794
91441
73686
30250
49941
25234
77844
87444
78423
32807
84947
69424
16437
76690
92585
20569
42374
69925
64050
19932
37677
30279
69081
23847
21600
28134
84451
14566
61782
35650
34539
2995
9917
31155
70296
57139
65313
54107
8468
30215
99269
42573
82228
85106
1678
72981
35993
40353
6737
45183
58175
82979
87993
41107
91309
6358
85100
33298
30110
28677
98148
92613
48425
84048
3926
38715
60885
8041
88173
36146
50063
80329
47724
29645
95886
64231
58595
68752
37452
57403
3974
29649
17174
7722
34053
10422
81811
72298
29879
53261
3073
56765
16878
65672
33569
69453
34240
7590
9803
22249
13164
97036
2457
28279
16859
40073
610
36625
65588
89023
50772
37425
30259
93708
84393
15001
93687
13581
4495
66808
46708
91836
28038
89670
59576
20113
79490
53239
63993
96524
49679
61699
70150
48916
44341
79399
77461
18205
92035
31035
48
26452
75911
90279
87053
26713
40381
13636
54833
44639
78110
98720
19581
60398
27385
47482
79795
87736
81130
82248
70445
89102
65527
99222
76326
60183
50138
61399
30655
17313
17911
42402
28045
77449
72871
36046
9069
94461
99496
61522
71684
92090
70831
34896
49339
55965
45465
72645
13311
62713
29356
6
28509
94499
79235
24052
13222
83894
1020
21973
31725
67951
12812
99882
48744
18391
92674
67559
59278
77546
67545
21607
34817
43375
4536
3369
65721
82133
72532
85439
16806
53088
31311
37146
93555
81958
41724
53230
50711
71084
55242
88475
12095
30233
7302
54548
24878
24869
37460
13152
93950
184
21835
67453
18413
65675
18145
63722
69480
3503
24700
30398
3727
88405
75721
36938
40670
45516
8856
67747
31103
48662
80792
3923
26047
12497
33258
56984
7246
24686
696
20954
82421
51576
99061
75166
28249
1464
62350
49212
73508
26578
3127
38529
95067
56889
75200
48870
49435
40112
59726
38762
74892
20320
71208
58630
98910
1918
13742
39803
21499
40650
79985
22317
68581
33771
13715
55367
98948
25497
90319
5120
31835
44681
43681
65930
65121
73611
16002
75897
49803
6617
56223
55194
41823
94710
59711
18381
98484
5484
90585
5416
5775
48634
60397
7901
98294
69200
20412
58282
72732
81982
75577
48130
13562
78339
9986
9556
19513
2819
60847
79788
97848
28244
2012
46539
26275
86265
98945
66080
25094
2914
35762
43430
23162
83229
88754
28858
62324
6852
51542
79666
49248
37318
78431
23911
49268
83927
56197
33057
78145
37573
36534
67454
94335
20136
33982
46379
71731
65753
5533
47176
63035
69703
87371
68090
32225
46342
97498
65612
23641
14312
38454
93664
2634
36897
19275
6351
55278
26902
52641
58746
24699
27359
10664
67772
70593
82114
62278
38821
96396
15404
41405
59692
17888
98411
16738
36480
9829
56854
48231
52292
51460
15122
1982
94508
24268
5640
88901
11126
74723
42311
86209
28425
40123
72684
19116
44128
94312
60967
21527
98502
71796
47378
25256
59423
36034
14594
63386
87986
38775
7977
20598
11810
16220
54545
66599
42070
2562
3641
90118
29772
56413
51631
69642
38429
72615
66470
77473
99156
29384
30066
17284
10541
98885
1294
58497
414
76952
18816
91095
62925
94048
22096
97948
91842
24982
52762
77118
59519
82412
2297
47572
17420
3119
65407
6165
34882
68741
49823
70657
49455
37576
82260
28277
58587
23737
74611
70670
78999
96462
86909
17364
26029
7780
62096
71216
34697
32411
75451
62265
21
14956
41483
71656
41443
90636
59854
79322
16314
93290
3728
11049
49682
89378
65012
27980
33026
56075
39390
86249
71345
65628
15646
55047
49238
84887
96585
53404
59366
88189
35411
45704
73722
91112
75996
77823
75010
50080
56185
29045
93019
26708
71826
24555
71769
19921
31065
33756
90056
23922
68004
53927
60139
11357
32910
39440
71039
8461
63300
80508
44197
1295
27207
1977
81055
69787
97113
97480
30199
13648
74446
19788
20651
55729
57978
64698
26678
49577
56819
82126
16771
84193
65403
41214
31966
66437
47803
38873
56237
82522
63822
77510
52007
29499
84061
84399
81368
58640
2399
42219
66876
96855
9842
96926
14356
12527
25847
20799
92486
86393
64186
9768
825
60393
99762
33421
10326
98329
13864
87524
54261
96463
31599
73659
48920
37568
2154
68828
23716
44635
31545
62732
12387
49825
79125
9005
55695
35707
50594
9693
79049
96881
85788
37900
68915
28203
14334
40653
94884
43642
41427
24739
25593
98462
69631
44828
77932
5166
40875
79452
70749
45727
48998
13009
94084
48162
80479
85672
90173
19735
6946
76613
70864
90309
14202
45158
67014
79257
29810
57751
53848
92851
50343
75312
32979
96682
49537
74795
11496
7426
44112
89465
10261
34992
14600
44794
18588
24704
27125
21996
71365
21217
17390
94287
7045
53309
79063
99017
69423
24081
78566
83132
15914
73860
68078
1353
84725
52388
80011
41119
10108
6626
33922
39043
61992
98460
61033
24752
7677
93329
67043
16790
93759
15609
28829
79503
50281
22310
6305
8931
96330
38168
84275
14234
48490
26284
12469
34413
75034
75412
8101
74654
71543
15037
31745
85739
51499
89176
41983
25745
56597
48638
89853
63443
79397
19430
32914
83801
824
18142
9673
14798
21449
49755
74239
9233
85328
40389
104
52644
2392
44243
69673
68480
16298
34855
43803
25350
1971
47647
44493
39193
13513
99610
87388
52172
31346
4549
30860
71864
13564
34217
26
4711
80858
85420
27397
98554
11034
63757
72854
79670
75904
67542
97698
84217
48866
12618
30535
68976
98518
6019
47134
36880
72608
53197
47424
90820
27733
92230
32822
1261
28465
92007
33060
10813
26797
4055
91639
42666
89427
49085
27757
71121
52160
68025
28639
38025
54141
42160
22704
83531
4376
4378
84676
27147
56317
17529
23069
29292
30190
8662
25039
277
75030
59901
49790
71581
90351
6331
98986
58972
51922
70254
51191
4708
6168
38934
8892
88065
13839
9772
676
40189
66878
8012
56489
71960
99694
35028
48783
15984
88421
57536
54110
38835
32801
71271
21616
69684
84994
55830
87615
49072
82400
6492
78918
78164
81137
26792
68252
4292
20842
84472
2798
5739
24835
5490
16186
56470
48062
99218
98361
64763
80907
74045
15076
43197
39284
84267
30751
79828
70721
24241
54919
22352
75793
68649
77973
19312
94107
77730
51210
95244
69663
88758
79213
56156
73154
81253
37510
92019
45720
17933
76594
40408
45284
64904
72516
1098
11602
85521
40896
77274
57312
64352
26363
41482
63584
89450
60293
32191
35195
24074
18964
61678
59745
79784
62946
22265
14173
25961
20899
30247
7183
10869
50339
49495
77737
35590
29838
98034
99989
28506
64220
12610
22852
13674
63730
83033
6560
42834
45138
44070
82284
78098
64214
12365
23968
7131
98577
72108
68522
99402
33661
24226
57728
79821
71011
59843
95577
65212
24981
15975
58471
28861
35200
49883
53906
91246
34898
60878
66747
48003
75313
65114
78545
1324
49091
28706
51220
34448
74260
52931
17831
71261
9579
5302
94927
73483
13359
69583
9047
28309
56154
2000
50569
29060
46438
35940
27214
86637
80242
4220
14434
29043
62930
3995
49968
75481
62575
46671
66819
39844
74195
50086
33814
62768
56620
90142
47560
51956
85413
67867
22929
28418
8280
95162
35676
97820
95177
4628
19400
71944
26308
99829
79032
63327
82163
81279
74294
62843
31324
74157
7218
81891
57677
79186
92095
80743
34269
21453
56710
11169
84177
5117
70790
16136
47201
32428
28862
6301
59520
10146
2455
53753
965
86678
68122
86303
7881
48073
96115
46090
75040
23802
11041
82775
64327
88431
79120
55293
85880
65385
71966
75679
74081
35468
36923
47820
32823
91643
22049
23223
83475
47412
67647
16409
27399
57663
72352
35275
86490
56844
37824
23572
95719
16351
74256
68600
19631
28330
50675
59209
37405
95020
13206
65013
97711
7067
42874
36089
61623
6964
77133
74026
74203
92274
64131
79145
78020
62316
51993
28292
83892
46494
59076
36327
33761
12533
79700
29589
66109
66639
42002
59003
97543
6914
6997
66226
81172
61633
22120
46365
99197
80763
86149
30504
3758
91749
68862
3248
25954
52382
96502
4389
18441
35971
48078
76509
37458
36401
3343
49020
74470
20434
80940
133
95679
18963
62661
96824
56424
8478
85384
62548
60100
73036
84054
23929
24967
76717
80511
60319
45735
43999
22126
34551
84204
25060
65229
82015
4990
35375
71322
37409
97904
12318
69700
44080
28943
59590
75356
43153
95462
8098
40285
82882
28479
60901
73334
24509
17637
20933
86544
50939
6510
74964
21517
50412
57371
9110
60010
90396
99378
6181
61983
28373
42571
29635
28987
27021
23678
50828
52312
89707
95775
15618
30760
49043
469
4014
41994
69326
76523
61567
32190
45063
45773
14490
36328
36189
77722
64660
45606
49216
61963
20526
66045
9305
9723
53263
95565
94120
19075
12142
52651
65765
96321
89444
56505
51701
68656
37484
61701
98979
83634
31388
54464
28707
64790
71569
15973
55524
76847
82590
34291
32584
22819
37417
14611
56975
15482
69555
46772
85952
57780
31564
6787
7743
17205
57080
2515
33542
76672
33527
62923
5029
89438
92496
89947
75682
51354
4086
54720
96785
36927
64286
51736
40860
46403
78314
7200
46165
93431
23762
96910
12737
32780
55148
52971
96474
37872
87868
14134
30481
25659
80075
56816
46946
89384
98746
66654
45851
76142
30076
43944
44798
92419
87837
58599
77240
89964
50176
68810
46490
32461
87168
86956
99999
72229
34360
76081
30865
68732
1352
95549
97825
53713
6450
4039
41097
68399
6826
53323
79009
36446
96218
76914
61904
33256
92949
52822
93685
77790
4466
15933
23782
86068
68959
30744
6463
82375
28391
2957
19028
26508
49217
89016
37536
7674
58053
67203
55881
20779
35741
45341
8848
16211
44
10918
17312
96588
58304
25856
52846
61692
35799
66869
11769
84535
71284
304
80790
88288
88239
74468
42287
33480
8716
91551
71231
82846
15178
87573
93645
48211
48157
84903
86870
40609
37930
73648
3755
5383
15854
63539
24517
59797
27151
75396
87787
75324
78639
66928
91310
53015
44858
96928
25805
85901
75029
64670
73399
37542
59844
2442
75105
59330
85940
33654
29027
32212
8035
42138
12724
3298
11115
97363
71523
81535
68776
38265
55775
10123
93490
67973
56261
91494
49922
30757
75173
54697
47344
14881
5187
73660
17751
65995
97835
27894
51205
85084
51721
41499
73124
25073
31041
3266
21787
49643
53537
57313
52613
39037
60545
4042
36788
33489
493
30540
71868
88639
77105
54884
36020
85579
41669
81140
47541
81120
65282
50363
85990
86405
62491
49211
34941
19443
16737
87242
11689
47685
44043
13785
79669
17509
9014
27167
22861
88874
32730
92310
40441
66670
76458
41668
96261
7701
92707
45666
83339
82519
26096
68658
68400
57281
8360
27000
18649
37161
78338
81257
80552
4538
59462
57785
40434
19711
35830
1000
93566
37593
69140
73245
41967
62587
76541
23861
82301
51072
17428
17791
42113
55783
16655
99878
56660
98718
69433
7954
98409
74822
30555
57470
86611
35170
55315
5537
41546
41801
77353
19391
7211
28781
73042
53814
88396
96739
25329
51040
29400
13128
30296
81833
83991
39075
56540
40125
53493
33842
25784
84742
58018
44823
84438
7167
12849
42873
57952
85575
81394
83346
87133
12974
51104
67154
83240
78395
43349
65053
93285
15323
4047
70423
30427
51368
31641
47127
6095
43660
68789
36723
28498
88261
82518
73839
18137
51981
22490
43731
23613
23837
47515
59457
55489
21997
43844
68425
62487
78340
75425
18865
76584
43456
89712
45225
18596
14540
23721
55277
61837
51770
84998
26498
26721
64031
21010
5822
75295
93557
60551
16292
2649
84168
56391
97861
738
67569
4029
68510
35591
22772
1637
85018
56153
50690
271
98007
68705
13737
28108
22898
1157
28615
45618
88049
8243
47917
9502
33989
60750
19078
78618
5002
49431
41189
25691
60835
75056
43133
58364
50548
53363
14422
34455
14251
22270
73185
68909
91241
32342
92248
79363
22925
81858
18512
78112
7487
89084
11490
30718
47441
9645
16925
10491
71275
86103
49734
32666
18317
4362
18711
27551
65512
63134
61770
75625
45549
54367
15234
54474
13291
18187
41321
58003
35817
84879
81792
43264
50783
92344
6257
20920
29710
76957
5842
99064
59987
3544
55147
53706
43473
36417
34512
48370
15205
79076
25517
28317
23248
99935
63820
6159
38381
63001
42272
99467
47498
69523
69609
26747
19167
16058
17467
51032
36876
9558
53791
96248
2423
45301
92880
63160
90895
16797
18880
57074
27383
86811
72911
88916
35052
44147
3068
10359
55920
33449
41572
26530
72870
87027
70340
85792
97788
12909
2435
33833
47867
64654
25163
44185
27836
81643
99879
51919
10555
91775
19746
46107
78391
55064
53143
5732
75496
30073
8844
4607
87000
46768
68211
33703
56729
28587
77223
24109
41099
93208
35049
80833
75319
46788
65921
102
38256
47391
15705
75621
21597
25854
34038
11100
43979
64765
73301
74139
39835
88968
9751
92050
73343
70365
84115
35315
1410
69022
77792
1891
49886
75792
20440
70002
2603
35456
19924
73999
4370
78136
31843
47755
24538
54549
78456
30126
78363
58837
48760
30918
21618
30022
16212
65506
57540
95491
93317
57827
87706
58437
78568
49395
80086
938
60306
76592
2491
42752
4660
22498
51569
33447
74589
52086
65386
98976
42292
75477
34339
67974
46692
66943
94783
14698
41793
97999
1680
79172
82166
89261
3808
77057
97912
48703
99542
91653
81577
80060
64846
83399
23285
51588
56226
70615
71845
48244
63984
96246
90078
34931
42855
81583
16004
80785
63914
17977
63088
94031
31714
63371
58662
45177
32654
89492
15554
2481
23700
63208
1102
73641
63690
85977
87885
70920
40584
91540
81462
37663
94424
65280
27976
80814
30919
56902
21608
75054
69330
79414
90438
81964
29661
79433
20316
99108
91752
25352
65097
51672
49226
79219
51745
43117
48459
17792
67944
6576
13039
34481
99652
49473
17288
94849
38304
90304
7699
86217
48352
45524
76417
27441
3935
42809
13119
2050
86628
33355
18873
62877
48183
28374
2737
42969
7366
89382
18425
61327
64516
62784
86791
60563
43042
29425
24565
2573
43402
48110
44304
82980
36684
52400
92835
75091
3920
67849
77398
13306
14246
92242
49637
40414
86321
74895
96817
17408
99950
25255
67302
4283
70707
92739
98638
82175
17817
84959
67474
44673
21626
81443
26069
63339
72756
82040
52717
66844
74639
84561
20441
52401
54524
99290
58664
83149
35954
95503
49794
82385
37225
92128
90984
17282
26302
39621
12177
26856
19616
16706
86392
45129
76903
14430
71665
53815
16352
79071
76768
78691
64272
12735
61774
85280
18362
86935
58582
92257
16085
90534
88769
57076
70217
92109
28999
45109
77409
16081
40939
94812
39571
78414
14163
14083
65009
56596
21978
77511
47559
54522
8775
92139
31458
45476
26964
40356
72241
44268
69903
41045
68328
69317
73099
12585
84776
97131
38921
51898
75791
80188
35888
61878
69833
98708
66205
98723
69253
63213
78975
32171
86705
57880
76887
16469
26949
75765
64628
75325
49833
98344
41018
23345
24175
92827
42150
55044
7228
7786
13133
15393
91311
43737
57490
14678
27304
50034
49607
30670
48478
59057
94959
30776
75321
86032
41076
12114
89988
5429
23044
53279
73691
26632
59014
47183
83297
32350
29578
99945
91458
99813
20788
33272
45159
41283
56838
19789
27868
70941
51965
45024
89833
30857
3428
10793
83660
33897
56373
70311
35505
25959
13560
31541
19939
12719
36568
37297
22753
8655
93350
13933
79149
45647
77187
66397
90993
89969
24684
83945
3406
40494
48420
8139
94023
95127
74586
25649
36977
93780
73931
68933
59594
59376
70463
21332
52226
50606
50538
24477
14659
46838
85338
3695
52783
53423
33825
87075
94816
73049
96544
69335
58951
55737
71003
47286
4992
50986
56547
98625
66880
78219
50938
89372
30608
65305
27279
8170
35342
7141
84849
40465
9492
54256
60799
65016
29988
58865
47438
76934
22093
64404
33096
66757
60936
95583
82562
30585
86649
31806
77666
40251
44186
93954
27050
78356
49757
57317
16641
81210
77033
34446
58656
7500
54895
98354
98031
12004
77912
30819
27357
62928
94622
73068
58349
86889
85540
40085
59187
80351
44544
35377
99594
57026
46172
61137
15413
14045
83781
99137
88308
57500
8518
98815
7920
38327
19255
13952
34816
63929
75485
33089
54185
71092
16864
36509
87037
31134
73674
74046
9961
23898
72269
44485
4148
23400
96629
82872
5795
50072
52299
42718
85696
86872
16970
87072
32017
31321
21503
60525
90707
83834
9859
23108
87295
49012
32465
3457
6496
31337
10581
5283
4854
70584
67335
99323
43601
2855
24033
38707
18934
74600
85294
94702
13385
52499
4752
69608
28976
45588
61836
87272
31367
82826
25783
13328
53609
31886
92012
45514
97555
37529
92358
52786
978
74104
76221
89612
16604
85636
23798
85048
6676
81572
75349
22813
34488
71076
1835
30884
82244
36965
26419
69797
65540
73515
50971
88251
80154
15135
62123
75262
64664
47822
95130
77408
73464
53567
60496
3207
24323
10983
58409
35789
17430
27488
74304
42612
28835
29770
41991
78405
82963
31532
3401
40479
6341
44432
37270
72185
6424
9441
628
3696
41202
85582
95858
32658
81463
58988
70262
59785
19397
65879
62005
1022
59331
54765
11347
94315
48691
90560
41628
11966
16114
73570
51161
23586
9076
68523
86262
43321
43828
94643
91066
49206
57964
1357
15297
81146
76827
72453
2364
10629
21675
19886
92204
77366
5285
46870
43336
14280
66840
68484
27934
14247
69323
30386
52289
96887
28932
31438
93095
65146
80811
31424
92187
24976
56801
85656
34728
60689
62897
44996
47481
56539
27356
50888
40306
32547
98277
95348
64739
46360
78222
63783
44545
91673
96714
22215
8559
2248
8603
32885
62531
26679
72003
62159
54690
42144
52456
433
18305
72191
30169
91121
33289
70199
38167
99440
33659
19649
57502
88257
44937
51115
91674
77433
73892
13573
76420
63551
78574
10328
39970
54575
21624
45584
13945
63128
10864
91514
47108
25207
84303
31015
75943
16300
78739
69782
76010
94074
92505
86880
81785
74967
69236
55832
36336
62950
59094
17193
80213
36549
54862
28716
51680
6010
87273
66183
74234
58651
86473
58995
23427
23290
66254
15671
12490
25359
30961
86953
97156
59030
67776
78760
37094
85603
84256
51366
17762
88398
52977
13795
6466
73971
25061
72207
43251
64687
85707
48348
933
48333
47734
25719
96123
25700
47439
18846
11883
31117
40493
67825
16596
78651
85841
78896
37062
1207
95992
72692
27983
75909
6811
52300
73429
78346
4300
29492
29972
64230
22439
21089
84282
39891
34631
94137
3201
76676
15698
53583
95939
97185
56663
80959
44592
56231
79675
16610
62803
18698
46492
5648
2774
60507
55299
32134
84259
72733
94152
82868
53955
55098
86327
45775
95529
39764
34669
1283
27691
73993
68355
92169
88282
4531
36807
10180
97441
59809
56709
21181
47114
17266
89132
43996
45195
26948
19573
46088
99259
42634
1782
9822
3339
7999
21642
7208
24372
86503
77887
71854
55273
58204
10208
75868
69189
77277
28820
80055
77410
22421
71602
71509
75969
85001
47687
23674
24900
16839
62868
3415
7134
47191
87738
62109
28052
63463
92243
14362
28619
51470
13591
82325
83255
4024
88287
2218
71540
91313
94498
80591
95873
95109
28508
4063
2831
95887
2310
30417
56243
99642
4482
61615
77369
94201
69346
16072
44752
97640
45668
42669
9968
55868
89362
18651
57976
41094
37403
4968
54461
80303
39023
65897
49476
56105
45816
4997
77612
11839
31292
47539
98749
87840
61213
77921
47256
89083
18975
84718
58199
69979
7795
9196
60250
35167
38242
61726
86484
24656
44559
2071
38550
55877
75899
73841
41059
11806
6871
65424
71718
59184
17391
19086
83782
4699
93844
96673
97850
54729
79665
66871
89174
53743
17518
87029
28761
40873
51627
29446
39843
39311
78144
63395
42331
90060
36623
54292
37844
66341
5008
8890
6303
9929
62292
15875
3884
42990
37285
82094
2386
11109
78068
82607
30441
69883
4880
42762
99324
44281
5725
11250
84190
77193
83128
19108
59878
30980
60703
72779
24105
41816
59285
87675
91042
26743
60955
9931
85523
97542
13707
75436
74858
97968
81386
48900
51248
84661
42603
28564
3644
94417
73083
74626
3495
53032
38530
31833
47913
30114
83587
95900
94047
20437
63916
18339
58196
14861
74957
98752
65311
95174
57933
43366
86417
59549
32837
61434
69858
4326
66243
58792
64597
19603
10808
87366
87938
19745
99205
96818
79173
82991
35617
98219
26239
65762
72646
42278
45390
78895
43257
25885
38331
12640
41545
86582
20348
37997
96327
61740
92189
85182
74998
48471
47836
55588
89013
57901
98813
15959
88959
76647
44200
20581
60792
88991
72895
69254
79769
37684
90144
96946
57547
15209
2976
5485
54611
91015
52599
2866
14544
44808
5723
23779
78661
11678
2583
85782
99194
46294
9771
64057
68837
5080
42812
47993
81739
91964
16460
92014
59085
96489
87581
2750
31071
3134
80576
56294
66051
24512
9229
51371
78303
70244
72451
19038
11142
25773
82395
20159
11827
54779
61596
2925
25021
67987
72392
86970
71192
28348
14940
8238
43495
98915
39507
55752
10657
96168
84127
18207
28459
35391
29630
41691
45650
63120
54250
29542
93913
52414
40096
51456
45801
96255
29954
54893
36203
92102
57163
9884
77154
64986
82976
35065
89943
93627
79155
60485
21963
20656
63418
1786
32579
18447
82155
71361
7436
38142
26888
90614
33280
81472
12550
7142
92670
9231
64275
60654
30120
98424
73580
47046
86120
48542
69857
37941
37871
38711
13201
1492
37493
47248
53547
21148
76564
44519
89765
40213
54771
96433
1138
65729
15679
72144
24179
81107
98635
70810
26328
3799
75472
15411
18799
90896
37708
68451
46440
321
90971
1101
34005
69816
33066
7759
28101
91201
70887
83835
89146
52627
59742
34967
5110
11356
75195
85011
99167
61134
54091
10545
39646
33488
53213
37114
21762
27268
34774
34895
61063
85279
30145
51232
39809
64200
53984
47551
60923
98830
83610
70212
59747
59863
89375
22380
77986
47885
12362
69719
42048
77607
31173
25501
37486
22000
25136
87427
43112
34995
92630
99423
22482
80799
1932
17970
8978
40897
27253
18809
24358
98297
99730
22128
55048
33167
1967
336
52336
93696
88803
21202
79832
47996
63488
54877
11163
37099
80264
36334
83473
80450
54406
16210
5748
12320
98639
68138
56403
49669
3842
59684
43476
63565
10962
42208
75130
24262
6169
55565
82250
13817
93504
62013
7341
62864
77078
72553
54067
54013
45260
74909
44358
53597
80121
96997
17439
31291
31723
96871
17234
46000
14438
92503
84603
98434
31938
35536
43105
65286
93354
73131
39388
44458
74067
15876
57271
98066
84074
44462
15888
31563
59161
37411
40410
81741
1620
50318
12229
95235
94827
21399
85494
93582
97643
55844
60974
91500
42720
79223
3330
49341
5862
87258
52225
23295
62744
50310
6670
13736
19242
7895
29403
99533
45963
21558
77204
62322
97740
25495
6122
32041
67466
58293
14279
49011
21053
50473
67483
40798
10515
62022
93889
57301
16678
87806
14418
94941
42541
3371
30435
80387
68398
54615
41586
98899
54070
78573
54809
84018
98272
53128
9027
71666
25957
66847
18303
117
82971
18193
89157
2340
1538
50077
8085
49001
64116
13812
18088
803
12967
68718
93898
58524
91116
89805
19522
3276
73871
8626
82888
78847
73525
60712
45359
10557
79612
35161
87078
1290
44557
31093
43367
85888
59802
94389
24785
44771
61271
20834
59758
32417
13412
21061
27178
28059
6679
56723
15579
13840
60343
89757
96863
95086
64306
83370
15440
14197
7011
35329
1396
73607
52998
74829
90398
79653
77508
11926
37964
89574
66947
35953
87294
79378
33132
58578
85112
7035
93965
98254
42787
13829
63398
67282
55399
75358
66160
87901
9062
31105
74637
96847
8225
46777
57982
98044
82823
72057
54145
66134
77897
20026
41367
7431
50248
22284
36953
52488
46801
91036
81199
56164
78793
57295
70119
40849
66420
21829
71722
23809
54797
82137
15210
75615
53522
27995
16926
54436
87776
31742
85308
21154
84781
63906
20403
50037
65619
81870
42954
21740
53252
63784
91912
26361
554
59123
24297
38278
88836
74136
56554
14091
27544
57546
2137
1998
5132
93942
49003
92444
21545
62313
34894
44065
62221
58499
47232
79139
51000
95834
82053
84434
88544
50375
43758
16266
83972
86719
21583
83935
43555
88111
2719
89440
90453
27361
38598
14137
20904
46002
58244
3407
37444
31870
1655
47622
22099
216
77072
78440
33924
63966
19871
54289
22055
59824
19284
9016
62769
67079
22663
21715
23390
43992
77132
26484
40563
78950
39685
51321
25792
79848
98822
32546
44870
85920
54189
16149
82603
10428
5348
92570
80585
23194
8155
48372
59621
89134
55264
10931
71427
54499
78195
30204
94197
67759
65635
46086
2420
53234
48902
63406
55971
6481
89598
8689
44707
92572
7708
52945
77310
14049
96975
32248
51347
53824
52082
7859
84068
42906
55100
85448
9182
93563
50384
31930
3023
77982
93827
35435
56019
45106
9363
61237
74186
9459
33581
67186
23099
94824
81975
97233
69509
58463
78989
53969
57270
50956
65002
69623
23947
71988
67784
1119
61712
60607
77225
20146
95475
40022
73246
23785
28347
98243
34647
80196
40644
36379
86202
43656
33173
45227
30577
78529
7080
93686
58843
45743
98766
80016
84630
93911
26070
76692
9480
66818
51406
81887
94494
24862
78454
51027
5669
36873
87822
14895
88365
32518
76105
23104
97259
89915
90699
19274
2155
11105
65372
27533
67698
14344
11934
43702
72551
42796
39431
43690
85646
91391
99766
64573
81115
7598
92525
74048
7611
96165
65206
88450
65861
56633
32085
87755
25322
86346
12478
97766
93995
29663
43966
80602
55183
69929
83005
30107
66366
81166
16807
53010
48757
23261
70775
4882
68961
30
7507
63114
83296
9937
89823
56029
5027
85049
54252
13271
91910
39423
11246
90863
89341
21017
26544
12248
43541
198
31241
51709
75043
11320
7992
17865
94053
89506
59981
42336
15903
75669
3108
95324
76330
29505
37001
46280
40480
89503
32689
2896
27096
8564
26976
92816
42179
67844
71550
15748
46283
3186
88922
53339
76619
2700
62478
36171
46056
3724
30245
33559
98871
88387
60118
50466
74380
88891
36067
37564
4422
39598
8396
5628
6839
26568
44418
94859
13207
11463
17969
81706
61385
13288
94551
95889
7820
5247
27201
86461
23053
98317
99198
56268
30470
36544
12021
93926
29217
30727
52281
20708
18637
6114
93158
90516
95859
72775
64819
83166
90654
13067
31902
98893
17688
17190
3444
74091
43424
28683
32899
12734
24338
8493
52186
30111
3780
31587
11164
89238
25842
59040
85200
42010
67615
69256
78099
8727
64187
47020
54964
42282
19177
71998
68279
32072
82025
3417
96838
29150
98341
42719
59799
56656
56165
63297
61811
20286
58042
55338
34297
23318
8886
90041
42065
52447
22531
60962
25519
2970
73398
39245
79005
46638
74330
39617
98613
88385
39532
48752
10663
88740
81408
70251
36363
14064
18141
76809
17113
3391
9065
10667
65813
48697
63950
78018
71891
16078
53060
62319
65591
63851
91210
20589
20232
61809
65800
5561
57797
60652
69058
35552
52177
69728
84839
5887
96721
53177
91375
88776
15987
44901
50565
52365
43764
80564
82193
82895
35020
25550
96720
2862
52315
70777
8202
90147
20002
42044
16640
68057
10067
94101
36764
11741
46459
88010
51262
7574
56982
4822
60346
77958
93423
49674
22522
65650
87619
86248
87245
97375
16287
46817
97945
10607
22580
32877
77514
57466
57205
60109
1569
87275
20206
91366
92760
23542
68616
66521
32237
72600
54681
24868
3302
35084
97204
4876
49189
4429
51139
55355
72024
53760
97541
92305
7009
47780
82697
93167
40177
33725
26273
98533
41528
93852
58394
82666
37430
44917
88
16269
31741
2796
95974
14084
90232
45960
73069
72092
19899
65351
51694
97920
92713
84098
89897
72350
86737
22468
88007
3027
28775
24012
83622
93209
33926
78906
86685
52442
2604
84730
11571
15141
84231
29375
67201
83706
90762
27605
22763
21508
78886
36513
66990
91136
73636
19276
44837
39675
81976
12495
13130
68464
36136
7797
74370
34100
21983
89350
40910
16223
30957
17424
45833
63603
99057
1327
36354
12214
64339
27126
4250
36753
17038
8256
25253
59152
50931
9155
96966
93393
14961
44339
62224
2863
69517
39312
69304
27064
84649
66883
29244
12272
71367
83882
55336
37679
72459
61834
44277
77351
59139
57463
15936
51782
23320
86285
26870
61838
46022
70216
56123
43784
37082
16998
76083
99385
52123
43282
28285
81738
70021
79904
33068
77802
87576
74854
25484
98549
45437
64625
80301
94762
92791
51052
37910
1618
41343
6117
43083
76334
55263
90954
95768
56628
59554
95609
38516
21976
30960
21893
59715
47175
854
3493
31852
72079
62501
73733
88790
8218
12874
79898
14448
33212
24703
69188
74891
79121
31752
26043
76233
61818
3443
83546
39822
80915
41126
69905
18175
28397
71846
42559
27226
23930
23747
24187
45279
35962
68093
79094
91461
23571
72949
36009
88379
86695
10409
21536
63729
17102
476
13656
13935
46934
84041
69066
87965
36885
17863
1780
52756
76375
45828
14180
70945
15743
59947
19002
32652
88057
1773
40339
18304
24503
60949
90298
98923
75113
44053
88099
66537
5646
46655
26103
52554
48284
65320
74179
98435
41813
12937
32936
37808
19641
4568
31112
40326
68497
86403
16949
75191
77479
8242
43859
81735
63840
84314
85312
63923
1486
26161
67879
19340
27984
97637
45642
5740
3189
27400
92665
99955
69825
82733
74035
39362
76293
1459
6228
63655
61272
24023
16827
76540
13896
67145
76063
58185
81288
21854
1816
45766
46091
69293
93748
26259
75706
54847
77951
96266
31091
40027
1952
98091
80810
8475
72252
47078
7849
56062
69361
23535
54331
49783
69430
26298
39878
23373
48092
72163
21799
29768
96738
74191
73991
85449
15008
31214
22541
31620
20571
31491
22930
67941
34041
41224
77766
15907
91905
3912
79531
63405
34179
76522
66842
66622
40239
40705
68861
66161
64529
15412
31555
3317
29022
91519
86744
51611
48107
96819
90187
4364
2927
78037
20550
77319
69091
30784
42505
1079
13865
31006
21074
64359
83628
43059
34003
5384
4573
76333
83426
79600
96517
79312
43856
68643
66552
44566
15878
53543
91814
43240
57244
50692
22025
59509
68838
44810
77704
12189
2483
42394
24322
56574
18078
58619
88029
90557
21513
11095
86279
29535
72083
95378
18838
96141
61738
50800
33111
10176
36613
44904
86522
6789
21436
77874
71710
27602
64833
39236
80498
89617
85172
19459
59437
89459
9999
68614
98538
96954
42862
12677
91724
89709
24764
72408
60994
93018
57517
40679
43863
14232
63182
5237
89175
19668
33443
82605
24400
76427
32602
55848
17070
89922
59631
70885
50786
22187
66492
27293
72859
48489
3353
71411
51087
23833
41666
9114
32090
61023
90332
74843
58969
51984
89191
50887
71861
26003
70085
61939
24755
95039
47222
94545
16981
76373
10175
41287
50511
34829
18094
18492
86337
92296
85160
83467
4970
26598
62601
18459
8094
93084
48659
34596
7082
48303
91548
20568
8277
12487
4293
4420
42536
62888
39699
73180
81317
93174
97273
73568
8004
41496
30499
78386
43988
6219
80050
17612
44205
38811
45958
56283
77348
72942
81986
49254
66187
16814
76718
32455
75263
69893
871
38062
29183
36744
8473
37078
87466
50333
25020
31669
66359
42757
67957
14535
68652
59290
75590
80883
56962
55779
52750
41031
46605
71794
45434
13912
37560
