55
586
634
940
1033
1123
1488
1596
2580
2833
3139
3179
3312
3796
4373
4529
7231
7251
8155
8292
10433
10548
11377
12889
13040
13776
15041
15326
17020
17442
17883
18060
18855
19493
19515
19610
19962
21429
21808
22055
22243
22291
23138
23934
23948
24390
25105
26456
26753
26969
26983
27199
28244
29012
29254
29388
29560
30138
30838
31166
31178
31915
32111
32551
32564
32568
33116
34165
34256
34320
34328
34965
35086
35410
36634
36770
37292
37478
38188
38448
39216
39467
39642
40421
40565
40836
40971
41507
41584
41709
42244
43139
43622
43741
44439
44877
45484
46191
46413
46694
46695
46716
46991
47068
47494
47615
48299
49309
49853
50167
50664
50936
50939
51143
51789
52223
52644
52713
52818
53088
54176
54217
54243
54334
54346
54881
56015
56687
56878
57633
58434
58508
60103
60236
60244
60774
61153
61621
61698
61931
61938
62214
62396
62478
64078
64684
64701
65133
65226
65942
66591
66652
66782
67030
67081
67921
68221
68493
68581
69010
70195
70692
70815
71014
71064
71682
72472
72753
73882
74196
75050
75061
75461
76283
76392
76650
77765
78737
78870
79389
79626
80284
80718
80818
80962
80982
81952
82656
83483
84075
85121
85210
85308
85460
85536
85920
86222
86723
88475
90437
90448
91201
92071
93027
93263
93370
93523
94303
94324
94649
94702
94933
95030
97216
97518
98384
98761
99000
99226
99882
99884
100684
100856
100902
100996
101200
101294
101342
101473
101765
102115
102706
103015
104563
104836
104962
105478
105937
107752
107759
109026
109559
109884
109904
110251
110363
111718
112722
112896
113010
113221
113377
113410
113615
113871
114011
114102
114544
114557
114630
115007
115101
115320
115843
115931
116082
116328
116919
116968
117264
118185
118410
118685
118984
119184
119619
119655
119698
123082
124766
125223
125534
126207
127269
127654
128202
128270
128820
129717
130023
130031
130178
130261
130588
131012
131668
132414
133054
133406
134798
134845
134881
135168
135518
139116
139940
140277
140988
141145
141533
142248
143851
145119
145250
145584
146024
146403
147359
147502
147710
148321
148615
148947
149936
149953
150060
150269
150604
151308
151939
152786
153072
153225
153741
153867
154067
154481
154926
155006
155030
156911
157561
157635
158064
158113
159611
160219
160446
160903
160909
161778
163039
163513
164460
164731
165029
165374
166074
166113
166130
166190
166503
167806
167981
168379
168742
169382
170011
171421
171499
171589
172907
174774
175064
175290
175379
175413
175440
176322
177554
179029
179212
179243
179322
179412
180414
180450
180458
181191
181329
182011
182339
182348
184963
185168
185735
186775
186858
187320
188721
188776
188788
191522
191871
192071
192324
192687
193055
194323
194331
194786
195141
195578
196845
196918
197101
197889
198627
199058
199477
199751
200140
200590
200646
200650
201397
202201
202847
202999
203068
203166
203401
203592
204824
205403
205908
207483
207976
208471
210468
210562
210793
211371
211424
211769
212039
212464
213053
213715
213991
214229
216646
216727
217025
217535
218066
218473
219053
220443
221255
221651
222749
223797
223816
224785
225688
225946
226108
226250
226589
226850
227348
228001
228547
229580
232055
233044
233146
234125
234348
235345
235454
235458
235961
236054
236975
237284
237438
238110
238248
238445
239075
239758
241993
242789
243142
244049
244810
245402
245755
246147
246379
246730
247268
248898
249983
250361
250550
251513
251874
251909
252195
252886
253017
253096
253312
253353
253503
254441
254524
254679
255068
255399
255826
256758
256778
256879
257390
257829
258348
258591
258629
258721
259187
261084
261798
262124
262646
262990
263143
263186
263319
263553
263578
263664
263771
265351
266497
266768
267224
268723
269039
269262
271161
271840
271930
272027
272594
273151
273551
273670
274358
274589
276089
277324
277416
277981
278144
278829
279034
279301
279835
280029
280199
280366
280834
282146
282335
282467
282596
282873
282985
283429
283432
283723
284268
284898
285058
285217
285401
286650
286901
287323
288637
289330
289517
290815
291055
291173
291401
291555
291693
291749
291867
292651
294333
294559
295151
295278
295948
296112
296425
297026
297709
297734
297863
298062
298783
298957
299721
299879
300662
301477
302920
303071
303852
304426
305915
306160
307182
307271
308229
311193
311574
313311
313683
313820
315556
316327
316491
317933
318173
318346
318609
318697
320548
320622
321610
321892
322250
323075
323312
324421
326080
326367
326449
327106
327524
327580
328087
328140
328932
329343
329472
329627
329948
330015
330695
330949
331071
331539
332027
332490
332719
333453
334941
335300
335459
336055
336422
336902
337363
337782
338668
338685
338989
339744
340553
341045
342166
342220
342354
342491
342602
343115
343156
343303
343609
344034
345082
346423
346859
348497
348735
348778
348944
349199
349334
349473
349486
349551
351323
351786
351919
352294
353236
353534
353804
353915
354490
354843
354872
355865
355945
355966
356395
357246
357757
358047
358470
359105
359375
360322
361261
361492
361582
361808
362483
363495
364351
364792
364848
365062
365320
365376
365653
365887
365997
366121
366162
366995
367053
367149
367211
368355
368472
368583
368901
370003
370348
370475
371206
372185
372479
372983
373619
374005
374266
375625
375853
376740
377027
378303
378408
380041
380147
380256
380381
380493
381278
382060
382521
382804
382905
383099
383355
383553
385610
385783
385936
386068
386350
386678
387154
387666
388179
389099
389402
389537
389561
389727
389988
390173
390357
390576
392110
392277
392711
393313
393429
393726
393768
394322
394378
394686
395296
395496
395518
396507
396826
397446
398430
398488
398679
398687
398987
399769
400680
400686
402425
402857
403898
404148
404157
404420
404926
405763
405856
407192
407683
407769
408564
408718
409102
409490
410098
410797
411125
411150
411989
412756
413027
413372
414066
414364
415130
415871
416000
416077
417865
418060
418254
418628
418691
419135
419685
420150
420685
421137
421173
422046
422392
423421
423508
423805
424133
424675
425359
425809
426509
426639
426840
427532
427707
427767
428484
428949
429022
429034
430155
430454
432342
432675
433673
433781
433903
434562
435128
435309
435490
435738
436026
436174
436295
436982
437541
437644
437829
437941
439049
439056
439196
439350
439512
440572
441143
441422
442063
442228
442426
442615
442669
442685
442817
443192
443206
443695
444157
444275
444834
445842
446283
446473
447449
447610
447632
448951
449055
449248
449281
449767
449828
449869
450287
450497
450741
451243
451336
451551
451657
452373
452631
453124
453431
453838
453956
454180
454582
454755
456829
457699
458073
458609
460341
461097
461172
461347
461997
462279
462616
462779
462950
463099
464090
464558
464591
464750
465230
465569
465802
465969
465992
466299
467761
468312
468328
468362
468805
470054
472187
472886
473207
473455
473500
473613
475557
475603
475873
475981
476577
478998
479048
479503
479513
479541
479853
480468
480716
480930
481862
482529
482692
482901
483779
483899
483957
484082
484728
484976
485512
486729
487577
487580
487592
487635
488141
488474
489267
490401
491218
492431
492990
493350
493806
493992
494140
494579
494709
495454
495775
495865
496141
496789
497772
497870
498156
498563
499342
499493
499558
499756
500278
501112
501209
501602
501766
502094
502225
502829
503512
504222
504710
504916
505910
506150
506195
506621
507609
507717
509123
510033
510980
513615
514070
514089
514273
515541
515794
515894
516180
517061
519607
519764
520220
520272
520345
520432
521063
521170
521683
522411
522922
522969
523669
524111
525187
525354
525756
526757
526857
528140
529084
529446
529826
530228
530446
530566
530713
531234
531250
531496
533578
533873
534112
534400
535452
536374
536558
537191
537644
538374
539933
542415
542885
543812
545111
545376
546545
546669
547435
547760
548069
548368
548437
549072
550173
550187
550410
550883
551159
551542
552173
553226
553343
554222
554362
554833
555882
556004
556424
557050
557379
557441
557725
558132
558295
558359
558488
560040
560094
560285
560371
560795
561261
561599
562302
562314
562535
562806
563648
564397
565192
565824
565987
566290
566901
567783
567803
569535
570592
570795
571361
571454
571546
571856
572191
572718
572848
573359
574283
575039
575315
575968
577279
577951
578581
578630
578684
579207
579526
580759
581717
582507
582526
582708
583556
583830
583956
585887
586159
586737
587985
588147
589017
589096
589566
589956
590362
590377
590528
591057
591311
591656
592063
592867
593280
594033
594839
595778
595980
596574
597648
597915
598012
598032
598186
598704
599113
599115
600413
600506
601109
602311
602570
603529
603578
604145
604155
605372
606550
607190
607891
607896
608112
609050
609304
610505
610512
611121
611243
611794
612040
612578
612949
613474
615583
615717
615726
616369
616551
616922
617274
618553
618585
618717
619557
619721
619906
620375
621278
622680
623080
623871
624438
624744
624878
625273
625533
625832
625842
626271
626661
627820
628862
629563
629791
630679
631186
632021
632313
633117
633723
633971
635070
635575
635649
636821
636957
638150
638441
638943
639833
639884
640790
640902
641516
641556
641849
641888
642179
642255
642926
643030
643186
643371
643959
644390
645053
645190
645436
645584
645590
646467
646839
647079
648426
648708
648794
649446
650029
650567
650966
651549
651843
651870
652242
653196
654615
654692
654744
655767
655950
655957
656011
656407
656429
656723
657180
657288
658136
658984
659676
660392
660470
661740
662598
663225
663255
663802
664321
666291
666923
667875
667902
668377
668718
670251
670422
670499
670690
671232
671923
672363
672432
672534
672919
674036
674748
674805
675356
676282
676406
677017
677192
677608
677671
680317
680365
680899
681480
681768
682803
682862
683091
683337
684413
684534
685623
685780
685848
685854
686221
686337
687412
688344
688951
690199
690396
690897
691044
691086
691360
691445
691623
691869
691999
692319
692668
692708
692807
693862
694004
694659
695058
695448
695748
695825
696058
697099
697831
698689
699462
699763
699826
700020
701226
701429
701822
702293
702516
702987
703091
704423
704866
705637
705964
705996
706280
706438
706700
707325
707901
708749
708923
709234
709789
709797
709989
710232
711199
711904
712374
713001
713125
713146
713251
714221
715049
715506
716376
716928
717022
717854
717990
720028
720184
720950
722742
722884
723216
723316
723539
724519
725331
725385
725842
726334
727392
728041
728528
729064
729108
730226
730256
730690
731472
732046
732471
732821
733716
736888
737266
738070
738132
738147
739561
740104
741438
741573
744203
744454
744854
746335
746763
747024
747222
747341
747951
748314
748655
748907
749008
749015
749298
749413
749421
751141
751359
751794
752143
753140
753577
753910
755025
755433
758180
758714
758720
760142
761486
764949
764951
764963
765627
765832
765913
766918
768362
771363
771613
772570
773360
773368
773694
773776
774005
774542
775568
776796
777187
777401
777857
777861
777949
778423
779667
780485
780850
781182
781716
781949
782037
782666
782926
784328
784462
784871
785027
785680
785712
786185
787136
787700
787862
788267
788562
788595
789573
789595
790031
790656
790680
791408
791569
791739
793513
793969
794511
795598
796322
796569
796639
796817
797211
797824
797912
797973
798092
798156
798199
799009
799259
799591
800344
800778
801659
802012
802163
802198
803397
803995
804386
804401
805532
805790
805911
807356
808356
808670
809282
811622
812082
812470
813057
813511
813738
813823
813962
814178
814959
815018
815210
816036
816596
816689
816694
816854
817166
817445
817619
818496
818652
818907
819383
820321
821216
821335
822501
822757
823036
823261
823384
823806
824558
825007
825376
825466
825982
826121
826302
827057
828287
829112
829122
829526
831093
831188
831494
831545
831905
832439
832904
833055
834587
834609
835086
835927
836690
838160
838913
839088
839494
841223
843653
843733
843815
843845
844046
844325
844507
845104
845161
845310
846717
846861
846949
847041
847169
847456
848468
848904
849153
849190
849909
850339
850442
850821
851235
851254
851289
851763
851998
852032
852900
853838
854048
854128
854721
855006
855053
855717
855940
855983
856166
857480
857708
858241
858600
858640
859080
860040
860224
860522
862034
862653
862683
864286
864870
865186
865899
866017
866271
866356
866514
866818
867035
867383
867876
868158
868335
868684
869810
870100
870750
871531
871905
872887
873218
873392
873700
874522
874611
875169
875504
876856
877204
877722
878045
880592
880724
881038
881206
881249
881279
881486
882814
883881
884464
884642
885105
885459
885860
886658
886801
887762
888108
889372
889772
890549
890711
891108
891303
892401
892589
893459
894150
894487
895824
896357
896585
896835
898368
898911
899252
900014
900438
900967
901458
901726
902553
903372
903478
903761
903913
905124
906258
906674
906941
907304
907366
908607
908630
908648
909498
909511
910562
910860
911219
911490
911897
912878
913437
915023
915269
915338
915368
915409
916254
916309
916645
916901
917501
917515
917807
918298
919838
919956
920411
920607
920624
920853
921757
921919
922018
922289
922321
922722
923444
923475
923596
924384
924500
924969
926174
926351
926857
926926
927671
927937
928030
929549
929886
933526
933602
933785
933861
935339
935662
937045
938142
938152
938674
938796
939120
939234
939301
939395
939457
939909
940061
940916
941367
942540
942935
942984
943353
943563
943733
943899
945385
946041
947002
947058
947665
947694
947750
947943
948934
949007
949093
949289
950135
950584
950621
950778
950791
950912
951275
951400
953321
953696
954745
954776
954901
955572
955947
956264
956973
957945
958764
958948
960033
960151
960488
960665
961966
962320
963419
963488
964085
964113
964297
964420
964828
964945
965216
965954
966026
966313
967942
968520
969157
969609
969958
970834
972134
972800
973805
975746
978105
978379
979018
979304
980476
982881
983310
984262
985192
985364
985547
985738
985939
989856
990036
990252
990364
991803
992802
992915
993281
995389
995757
996340
996807
997201
997805
998186
998494
998920
999005
999492
1000068
1000504
1000603
1001168
1001173
1001382
1001660
1001745
1003011
1003023
1003400
1003593
1003753
1004834
1005423
1005444
1005775
1005917
1006519
1006529
1007103
1007164
1009773
1012214
1013646
1013678
1014110
1014415
1014839
1016198
1018375
1018417
1018908
1019775
1019942
1020649
1021071
1021572
1021900
1021968
1022264
1022694
1023427
1023494
1023743
1023862
1023906
1024657
1024777
1024841
1024895
1026696
1027187
1027500
1027899
1028062
1028401
1028517
1029268
1029482
1029634
1030566
1030954
1031926
1032027
1032119
1033241
1034240
1035637
1037343
1037441
1039056
1039960
1040766
1041147
1041357
1041960
1042065
1042095
1042261
1042557
1043975
1044314
1044522
1044656
1044756
1044939
1045909
1046131
1046410
1046548
1046730
1047044
1047644
1048562
1048617
1050855
1051128
1051705
1052119
1052955
1054674
1054694
1055385
1055508
1056653
1056871
1057095
1057455
1057703
1057967
1058590
1060896
1062471
1062658
1066318
1066401
1066538
1066958
1067579
1068994
1069468
1069638
1070394
1070464
1070643
1071481
1072133
1072480
1073032
1073087
1073845
1074492
1074615
1074853
1074873
1076430
1076554
1077459
1077895
1078726
1079201
1079473
1080107
1081331
1081839
1081927
1082324
1083398
1083510
1083584
1084862
1084950
1086771
1088533
1089219
1089468
1089942
1090939
1092805
1092829
1093008
1094060
1094306
1094966
1096123
1096304
1097190
1097540
1097578
1097594
1098286
1098735
1098881
1099034
1099060
1099288
1100961
1100972
1101118
1101347
1101658
1102052
1102102
1102610
1103008
1103270
1103509
1103584
1103785
1104492
1104519
1104903
1105885
1106915
1107358
1107766
1107839
1107966
1108200
1108789
1108948
1109219
1109749
1110460
1110955
1111298
1111551
1111657
1112318
1112906
1113018
1113276
1114047
1114484
1115105
1115967
1116024
1117005
1117595
1118161
1118974
1119238
1120028
1120828
1122918
1123220
1123743
1123794
1125039
1125855
1126845
1129114
1129724
1129787
1130119
1130987
1131225
1131619
1132076
1132102
1132143
1132212
1132650
1133529
1134495
1135398
1135473
1136067
1136318
1136687
1137275
1137722
1138175
1138371
1138807
1138993
1139265
1139457
1139559
1139575
1139745
1139879
1140178
1140909
1142350
1142525
1142799
1143048
1143371
1143471
1143726
1144225
1145076
1145400
1146256
1146298
1146321
1146553
1146661
1146803
1147326
1147347
1147436
1147449
1149090
1149363
1149828
1150038
1150188
1150465
1150551
1150965
1152442
1152698
1152896
1154843
1155701
1156575
1156655
1156979
1157535
1157563
1157796
1157860
1158170
1158262
1158277
1158618
1159331
1160998
1161727
1163325
1163470
1163478
1163510
1163772
1163833
1163934
1164352
1164844
1165455
1166132
1166589
1166769
1167820
1168565
1169020
1169723
1170506
1171162
1171558
1171782
1172718
1174192
1174592
1174785
1176647
1176917
1176965
1176967
1177081
1177204
1177537
1178412
1178533
1178677
1179339
1179673
1180010
1180696
1181132
1181412
1181530
1182895
1183185
1183513
1183801
1184998
1186176
1186505
1187304
1187603
1187675
1188314
1188754
1189712
1190896
1191030
1191144
1191971
1192147
1192975
1193048
1193892
1194017
1195407
1196375
1196614
1196654
1196944
1197283
1197338
1197667
1197702
1197935
1198201
1199790
1199823
1199842
1202368
1203670
1204095
1205025
1205102
1206084
1206135
1206660
1207203
1207309
1207501
1208137
1208485
1208702
1208902
1208932
1210200
1210538
1212014
1212236
1212749
1212893
1213987
1214061
1214106
1214474
1214965
1215376
1216325
1216499
1217079
1217620
1217636
1217744
1218191
1219305
1219612
1219741
1220202
1220725
1221032
1221407
1221842
1221989
1222919
1223148
1223710
1223987
1225326
1225426
1227644
1228244
1228416
1229030
1229470
1230497
1231458
1231827
1232163
1232232
1232472
1233279
1233404
1234316
1236147
1236206
1236222
1236386
1237742
1237966
1238903
1239243
1239808
1239937
1240005
1240738
1241866
1241902
1242619
1242790
1242856
1243526
1244431
1244873
1245315
1246809
1246818
1246832
1247004
1247175
1247359
1247457
1247575
1248179
1248219
1248477
1248903
1250012
1250385
1251316
1251685
1252779
1252923
1252944
1253305
1253337
1254615
1255064
1256348
1256543
1258391
1259279
1260066
1260460
1260803
1261789
1262144
1262439
1263021
1263915
1265030
1265244
1265469
1265914
1266220
1266799
1267350
1267729
1268268
1269091
1270472
1270583
1270892
1272158
1272496
1273042
1273411
1273914
1273959
1276653
1279205
1279318
1279725
1279726
1279949
1280215
1280601
1281189
1281207
1281517
1281648
1281921
1281954
1282569
1282937
1283188
1284824
1284950
1285417
1285474
1285795
1285970
1286938
1287321
1289222
1289529
1289875
1290926
1291239
1291458
1291717
1291742
1292136
1292217
1293048
1294343
1294542
1295229
1295725
1295786
1296465
1296863
1296975
1297057
1297375
1297533
1298454
1298821
1298858
1299265
1299650
1299678
1299768
1300476
1301434
1301889
1302263
1303369
1303718
1303871
1303970
1304032
1304971
1305040
1305119
1305341
1305979
1308257
1308658
1309531
1311402
1312382
1312716
1312749
1314070
1314276
1314403
1314766
1315406
1315618
1315877
1315959
1316003
1316199
1316767
1319489
1320350
1320679
1321479
1321720
1322072
1322175
1323390
1323763
1323885
1324325
1325220
1327185
1327476
1327672
1327790
1327822
1328174
1329096
1329617
1329773
1330325
1330830
1330977
1331976
1332230
1332294
1332436
1333474
1333784
1333937
1334749
1335604
1336669
1336857
1336862
1337134
1339225
1339332
1339547
1339643
1339980
1340557
1340839
1342185
1342376
1342649
1342700
1342732
1343180
1343318
1344480
1344490
1344531
1344644
1345920
1346192
1346847
1346909
1347287
1347288
1347495
1347784
1349034
1349578
1349717
1350082
1350161
1350420
1350858
1350871
1351268
1351471
1352442
1352756
1352771
1352993
1354424
1354491
1355315
1355696
1357670
1358523
1358548
1359001
1359384
1359653
1359820
1361614
1361810
1362225
1362359
1364123
1365225
1365329
1365453
1365872
1366087
1366837
1367109
1367454
1367997
1368333
1368526
1369289
1369787
1369883
1370289
1370382
1371477
1372364
1372872
1373525
1373731
1374796
1374887
1374894
1375334
1375745
1376148
1378851
1380410
1380844
1381677
1382834
1382912
1383264
1383818
1385603
1386418
1387264
1388296
1389098
1389167
1390846
1391363
1392482
1392801
1393017
1393020
1393211
1394557
1395249
1396220
1396335
1396824
1396990
1397050
1397058
1397258
1398767
1399047
1400040
1400208
1400227
1400366
1400537
1401818
1402919
1403513
1404099
1404159
1404263
1406296
1407245
1408131
1409272
1409640
1411274
1411438
1412405
1412424
1412437
1412542
1412966
1413718
1414077
1414811
1415356
1416349
1416429
1417657
1418796
1418852
1418908
1418942
1419109
1420158
1421730
1421974
1422804
1424172
1424180
1424936
1424939
1425257
1425378
1425663
1425959
1425998
1426817
1426951
1427521
1427625
1427898
1429167
1430258
1430433
1430910
1431195
1434096
1434133
1435753
1436494
1436504
1437188
1438279
1439369
1439410
1439608
1439806
1440468
1440837
1440870
1441050
1441641
1442458
1442669
1442697
1442698
1443143
1443573
1443708
1444138
1445409
1445534
1446104
1447118
1447853
1447967
1448505
1448995
1449166
1449335
1449357
1449522
1449655
1449914
1451377
1451460
1451679
1451688
1452071
1452074
1452206
1452232
1452303
1452916
1454050
1454118
1454198
1454369
1455244
1456438
1456543
1457207
1459112
1459125
1459206
1461932
1463582
1464000
1464306
1465471
1466668
1466889
1467031
1467372
1467680
1468439
1468449
1468462
1469950
1469962
1471751
1472433
1472492
1472645
1474180
1474523
1474797
1475441
1477116
1478420
1478938
1479095
1480105
1480183
1481345
1482739
1482934
1483438
1483542
1483643
1485518
1485818
1485896
1486106
1486113
1486932
1487571
1487869
1488276
1489410
1489922
1489950
1490298
1491088
1491474
1491605
1493714
1494027
1494124
1494608
1495514
1495589
1496094
1496801
1497376
1497565
1497636
1498188
1498604
1498769
1499297
1499320
1499364
1499514
1500059
1500733
1500882
1501767
1501788
1501822
1502359
1503345
1503381
1503911
1504232
1505668
1505973
1506585
1506888
1507247
1507291
1508086
1508191
1508960
1509244
1509263
1509359
1510610
1511549
1511671
1511874
1512125
1512665
1513078
1513657
1514009
1514573
1515174
1515284
1515414
1516854
1517042
1517171
1517313
1517337
1517982
1519091
1519298
1519645
1519792
1519865
1520892
1521311
1521512
1523985
1524377
1526130
1527196
1527239
1528126
1528631
1528696
1529246
1530620
1531100
1531712
1531911
1531912
1531956
1532741
1533680
1534637
1534787
1535424
1536164
1536586
1538128
1538207
1538593
1538683
1539333
1539509
1540677
1540695
1540968
1541683
1541864
1542602
1543217
1543756
1543921
1544046
1544136
1544475
1544816
1545340
1545499
1545858
1546077
1546209
1546395
1546639
1546690
1547042
1547614
1547687
1548673
1549044
1549650
1549692
1549706
1549787
1549983
1550399
1551360
1551499
1552291
1552311
1552596
1552672
1554177
1554914
1555333
1555459
1555635
1556074
1556836
1557210
1557566
1558514
1559132
1559559
1559758
1560498
1560664
1562162
1562714
1563218
1564131
1564462
1564737
1565008
1565012
1565195
1565250
1565832
1566473
1566832
1567109
1567472
1568289
1568617
1568992
1569101
1569767
1569940
1570106
1571659
1572169
1572786
1572914
1573147
1573351
1573793
1573807
1573828
1575026
1575221
1575397
1575403
1575633
1576075
1577309
1578025
1578419
1579290
1579448
1580525
1581134
1581369
1581946
1582362
1582581
1582979
1583310
1583789
1584251
1585261
1585271
1585633
1586184
1586261
1586449
1586651
1587256
1588582
1588908
1588926
1589308
1590037
1590753
1591879
1593455
1594622
1594758
1594805
1594953
1595125
1595478
1595841
1596114
1596280
1596500
1596539
1596877
1597248
1597275
1597975
1598451
1598922
1599189
1599454
1600465
1600708
1601317
1601870
1602204
1603035
1603335
1603817
1603877
1604234
1605008
1605490
1605798
1606431
1606515
1606686
1607002
1607210
1607422
1607918
1608304
1608404
1609281
1609340
1610385
1611096
1611983
1612694
1615706
1616580
1617076
1617087
1617805
1617842
1618648
1618757
1619450
1619613
1620762
1621307
1621663
1621709
1622660
1623139
1624111
1625680
1626511
1628255
1629325
1629857
1630021
1630214
1631331
1631738
1631802
1632623
1632698
1632939
1634103
1635034
1635224
1636212
1637070
1638852
1638964
1639098
1640004
1640072
1640336
1640531
1640612
1640901
1642059
1642388
1642613
1642622
1643165
1643487
1644119
1644168
1644316
1645726
1646285
1647517
1647553
1647764
1648032
1648771
1649102
1649427
1649943
1650208
1650443
1651755
1651794
1652148
1652408
1653219
1653428
1653663
1654374
1654500
1655606
1656333
1656350
1656394
1656416
1657275
1659463
1660121
1660292
1660881
1661769
1661856
1662017
1663216
1663504
1663609
1665086
1665617
1665770
1667050
1667166
1667859
1668004
1668179
1668531
1668947
1669092
1669468
1669485
1669980
1671299
1671310
1672008
1672158
1672668
1672707
1672727
1673690
1674389
1674453
1674653
1675171
1675193
1675278
1675293
1675765
1675808
1675965
1677025
1677483
1678053
1678604
1679826
1680228
1680752
1680790
1680909
1681085
1681119
1681306
1681592
1681766
1681890
1682214
1682410
1683786
1683946
1684064
1684587
1684622
1684875
1684893
1685139
1685256
1685303
1685570
1686239
1686590
1686602
1687137
1688057
1688434
1688529
1688582
1688739
1689095
1689194
1689580
1689812
1690613
1690644
1690757
1692111
1692703
1692780
1693724
1694184
1694210
1694282
1695042
1695784
1696125
1696173
1696263
1696297
1696960
1697108
1697554
1698189
1698527
1698846
1698863
1699404
1699682
1699868
1700336
1700563
1700639
1700658
1700924
1701928
1702544
1702919
1703222
1703776
1704720
1704894
1705475
1706091
1706986
1707155
1707654
1708184
1708626
1709031
1709065
1709086
1709703
1709869
1709904
1710011
1710139
1710975
1711021
1711358
1711603
1712651
1713364
1713539
1714054
1714359
1714808
1714962
1714972
1715449
1715892
1716140
1716176
1717046
1717233
1717310
1717960
1718266
1718569
1719021
1719466
1720592
1720747
1721017
1721433
1723431
1723700
1723801
1723837
1724240
1724390
1724741
1724977
1725166
1725316
1725830
1725886
1726879
1727017
1727585
1728718
1729023
1731059
1731304
1733215
1733547
1733864
1734241
1734395
1734436
1735598
1735951
1736070
1736239
1736593
1736817
1737145
1737358
1737847
1738958
1739567
1740993
1741478
1743332
1744624
1745562
1745931
1747571
1747854
1748190
1748269
1748582
1748836
1748919
1749121
1749184
1749404
1749489
1749531
1749993
1750866
1751292
1751537
1752202
1752603
1752707
1753009
1753062
1753073
1753966
1754641
1754654
1755220
1755765
1756495
1757907
1758505
1758510
1758658
1758809
1760216
1760508
1760940
1761128
1761271
1762267
1762499
1762681
1762773
1763409
1763518
1765132
1765459
1765490
1765662
1767025
1767323
1767705
1768692
1769062
1769669
1770427
1771917
1772006
1772065
1772139
1773386
1773802
1773835
1776617
1777013
1777719
1778559
1780201
1780476
1780588
1780657
1781871
1782529
1782554
1783431
1783830
1786431
1786646
1786872
1786895
1787264
1787456
1787475
1787576
1787773
1788370
1789109
1789207
1789215
1789681
1789982
1790429
1791376
1792096
1793284
1794782
1794860
1795131
1795323
1796664
1796896
1798162
1798339
1798393
1798525
1798876
1798920
1799335
1799337
1800708
1800950
1801124
1801252
1801350
1801727
1801790
1803200
1803734
1804495
1805055
1805122
1805219
1805578
1806758
1807049
1807508
1808002
1808093
1808120
1809892
1810133
1810326
1810443
1810484
1810663
1810926
1811020
1811503
1811948
1812153
1812790
1813801
1814309
1814618
1815673
1816598
1816919
1816924
1817324
1817706
1817819
1818311
1818815
1819030
1819298
1819963
1820251
1820407
1820893
1820924
1821068
1821120
1821337
1821434
1821871
1822346
1822653
1822719
1823149
1823507
1823964
1824528
1824608
1824643
1825249
1825697
1826433
1826823
1827027
1828090
1828474
1828982
1829382
1829477
1829568
1829948
1831212
1831427
1831722
1831741
1832607
1832752
1832907
1833841
1833962
1834949
1835081
1835086
1835211
1835738
1836210
1836915
1837704
1837987
1838412
1838551
1838822
1839491
1839515
1839660
1839808
1840049
1841365
1841663
1841777
1842094
1842571
1842657
1843211
1845595
1845844
1845994
1846292
1847220
1848405
1848672
1849845
1850154
1850525
1851708
1852784
1852922
1852985
1853282
1853517
1854666
1856259
1856477
1857022
1857651
1857881
1858158
1858816
1859646
1861410
1861516
1862424
1862455
1862842
1863235
1863538
1864291
1864776
1866260
1866387
1866938
1867517
1867689
1868057
1868311
1871789
1872188
1872280
1872547
1873443
1873682
1875250
1875844
1876354
1876926
1877209
1877459
1878100
1878219
1878810
1879966
1880723
1880915
1882240
1882378
1882773
1883474
1884161
1884245
1885118
1885555
1885798
1885852
1885974
1886372
1886791
1887401
1888329
1888845
1889385
1893052
1894081
1894113
1894486
1894591
1896591
1898146
1899191
1899862
1901313
1901427
1901874
1902055
1902547
1902874
1903289
1904170
1904295
1905372
1907096
1907303
1907321
1907388
1907416
1907461
1907821
1907874
1908065
1908216
1908354
1909768
1910601
1910993
1911624
1912278
1912440
1912747
1913088
1913467
1915084
1915094
1915404
1915487
1915879
1917518
1918145
1918409
1918498
1918857
1918885
1918978
1919448
1920950
1920999
1921459
1922439
1923157
1925452
1925733
1925816
1925836
1926284
1926402
1926529
1927061
1927388
1927450
1927469
1927531
1928175
1928719
1928721
1928875
1928908
1929645
1929902
1930367
1930794
1931279
1931950
1932432
1933122
1933364
1933730
1933906
1934257
1934628
1934645
1934750
1935236
1936053
1936270
1937274
1937510
1937811
1938080
1939419
1940124
1940216
1940842
1941164
1942147
1942218
1942507
1942516
1943695
1943859
1943901
1944762
1945360
1945543
1945694
1946663
1947334
1947583
1948305
1948804
1950173
1950550
1950715
1952112
1952411
1952454
1952574
1953986
1954629
1954951
1955883
1955914
1956664
1956804
1957227
1957514
1957813
1958245
1958421
1959637
1959889
1960506
1960855
1961217
1961347
1961920
1962952
1963142
1964942
1966443
1967544
1967610
1967617
1968044
1968412
1968696
1969152
1969994
1970940
1972402
1972509
1972542
1972611
1972792
1973871
1974763
1975378
1975815
1976173
1976249
1976982
1977658
1978542
1978924
1979162
1979461
1980701
1981007
1981807
1981970
1983160
1983435
1983520
1983610
1983787
1985151
1985373
1985715
1985823
1986037
1986478
1986554
1986769
1987289
1987763
1987858
1987900
1988310
1988508
1989350
1989476
1990229
1990427
1991175
1991963
1992949
1993397
1994089
1994288
1994443
1994633
1995075
1995539
1996191
1996546
1997265
1997514
1999013
1999116
1999377
1999578
2000453
2000533
2000612
2000868
2001003
2001134
2001895
2002170
2002280
2002565
2003038
2003143
2003228
2003522
2003849
2005388
2005714
2006155
2006229
2006335
2006802
2006907
2006925
2007429
2007628
2008111
2008410
2008626
2008780
2009589
2010377
2012020
2012471
2012518
2012625
2012716
2012766
2012809
2013138
2014056
2014280
2014566
2015958
2016323
2016377
2016802
2017010
2017309
2017384
2017754
2018917
2019422
2021046
2021702
2021726
2022549
2022660
2023837
2024179
2024234
2024734
2024753
2025496
2025834
2026407
2027543
2027838
2028231
2028641
2028761
2029337
2029630
2029776
2030140
2030185
2030434
2030504
2030657
2030913
2032570
2032790
2033072
2033467
2033743
2033777
2034274
2034735
2034792
2034807
2035001
2036661
2037335
2037507
2040142
2040745
2040796
2041039
2041076
2041265
2041449
2043378
2043401
2044978
2044985
2045083
2046033
2046647
2046820
2047007
2047802
2048233
2049494
2049707
2050466
2051250
2051609
2052112
2052333
2052570
2052907
2053422
2053610
2053691
2054083
2054431
2056126
2057376
2058855
2059424
2059715
2060517
2060984
2061385
2062323
2062616
2063458
2063923
2064007
2064242
2065353
2065523
2065884
2066422
2066896
2067560
2068410
2069315
2069408
2069459
2070163
2070587
2070725
2072266
2072569
2072857
2073012
2073537
2074594
2074620
2074866
2074984
2075071
2076091
2076363
2076678
2077588
2077794
2078242
2078511
2079439
2079498
2079860
2079982
2080759
2080953
2081203
2081424
2081869
2082266
2083210
2083298
2083717
2083777
2083925
2084356
2084809
2085574
2086058
2086951
2087075
2087613
2087705
2089250
2090229
2090329
2090363
2090679
2091090
2091793
2092056
2092780
2093876
2093964
2094523
2094587
2094800
2095015
2095761
2096260
2096518
2096994
2097957
2099148
2101415
2101894
2102646
2102709
2102727
2103688
2104159
2104184
2106345
2107439
2107763
2107830
2108040
2109280
2109544
2109558
2109692
2109713
2109818
2109871
2109884
2109988
2110195
2110284
2110320
2110477
2110873
2111194
2111340
2111965
2112195
2112305
2112396
2113018
2113623
2114052
2114092
2114473
2115808
2115977
2116620
2117780
2118137
2118390
2118831
2119332
2120087
2120405
2121174
2121332
2121668
2121794
2122081
2122609
2124219
2124628
2124692
2125489
2125570
2126001
2126248
2126485
2126832
2127381
2127959
2129025
2129095
2129447
2129792
2129958
2130765
2131214
2131603
2131654
2132648
2132872
2133964
2134378
2134685
2138000
2138851
2139076
2139661
2139941
2140065
2140208
2140363
2140734
2140823
2140836
2141576
2142110
2142225
2142624
2142748
2142809
2142830
2142855
2143242
2143358
2143905
2144395
2144415
2144787
2145004
2145156
2145371
2145450
2145532
2146069
2146468
2146652
2147427
2147429
2147992
2149118
2149619
2150309
2150627
2151228
2151382
2151511
2152130
2152185
2152307
2153688
2154622
2154683
2155088
2155527
2155976
2156070
2156096
2157444
2157471
2157878
2157915
2158064
2158779
2159105
2159585
2159705
2160327
2160645
2160680
2160934
2160994
2161033
2161661
2161942
2162383
2162624
2162850
2162986
2164094
2164545
2164733
2164813
2164879
2165725
2166121
2166744
2166799
2167835
2168149
2168348
2168362
2168666
2169453
2172195
2172612
2174539
2175303
2175869
2175990
2176173
2176227
2176229
2176419
2177011
2177394
2178989
2179226
2181534
2181763
2181781
2182630
2182883
2183941
2184810
2186010
2186035
2186099
2186866
2187682
2188275
2188488
2188505
2189303
2189419
2190040
2190066
2191228
2191237
2191620
2192075
2193125
2193849
2193925
2195689
2197435
2197964
2199167
2199169
2199984
2200911
2200920
2201248
2201681
2202067
2203183
2203619
2203713
2203778
2204051
2205265
2205814
2205855
2205925
2206028
2206165
2206296
2206587
2207173
2207186
2207889
2207994
2208343
2208539
2210486
2210578
2210667
2211514
2211922
2212789
2213061
2213103
2213633
2213744
2214279
2214394
2215519
2218115
2219499
2219777
2220467
2221280
2222596
2223442
2223676
2224642
2225056
2225693
2227750
2227967
2228915
2229134
2229215
2229488
2229625
2230059
2230425
2230667
2231415
2231423
2231720
2231834
2232410
2232638
2232935
2233518
2234059
2234081
2234101
2234547
2235159
2235284
2235363
2235640
2236112
2236402
2236505
2236539
2236542
2236798
2237250
2237363
2237499
2237919
2238429
2239404
2240564
2240612
2241283
2241668
2242414
2243590
2243716
2245742
2245926
2246892
2247648
2247653
2248080
2248153
2248811
2249073
2249122
2249175
2249425
2249671
2249789
2249994
2250356
2250805
2252090
2252957
2253180
2253338
2253911
2253936
2254105
2254767
2255579
2255938
2256231
2260289
2261329
2261901
2262281
2262383
2262424
2262855
2264335
2264581
2265469
2265597
2266985
2267038
2267246
2267455
2267518
2268035
2268290
2269013
2269708
2269735
2270371
2271387
2271412
2271641
2272028
2272299
2272743
2272908
2273207
2273689
2274107
2274686
2276189
2276778
2278118
2278279
2278392
2280194
2280626
2280808
2281381
2283414
2284741
2285033
2285121
2285449
2285537
2286373
2286480
2286648
2287030
2287288
2287476
2287590
2287825
2288308
2288736
2289710
2290248
2290533
2291054
2291272
2291445
2291515
2292095
2292449
2292994
2293328
2293656
2293761
2294000
2294253
2294459
2294703
2295440
2295518
2296186
2296415
2297276
2297451
2297554
2298252
2298784
2299170
2299928
2300364
2301009
2301116
2301618
2301688
2302643
2303601
2303796
2304877
2305082
2306892
2307105
2307584
2307696
2308250
2308390
2308398
2309260
2310064
2310295
2310311
2310631
2311754
2311893
2312321
2312787
2313543
2313787
2313970
2314319
2314528
2314671
2315799
2315986
2316215
2316339
2316412
2318112
2318422
2318655
2319483
2319489
2319689
2319960
2321303
2321538
2321746
2322109
2322524
2323018
2323758
2324347
2324393
2324701
2325853
2326028
2326461
2326470
2327092
2327607
2327791
2328081
2328359
2329279
2329890
2330332
2330530
2331380
2331876
2331927
2332529
2332852
2332991
2333519
2333647
2333796
2333972
2334605
2334774
2335020
2336485
2336644
2336726
2337177
2337590
2337709
2338416
2338929
2339338
2339560
2340013
2341145
2341501
2343715
2344858
2346077
2346459
2346679
2347231
2347586
2347714
2348027
2349443
2349552
2349655
2349696
2349839
2349930
2350044
2350149
2350360
2350542
2351019
2352551
2352609
2352992
2353397
2353436
2353528
2354118
2354421
2355614
2356030
2356349
2356463
2356559
2356718
2357405
2359210
2360074
2360197
2360480
2360642
2361439
2361810
2362249
2363840
2364907
2365076
2366169
2366447
2366728
2366742
2367403
2367566
2367728
2367781
2369214
2369431
2369486
2370283
2371769
2372251
2373492
2373652
2373861
2375266
2375620
2376189
2377783
2378011
2378261
2378546
2379595
2379658
2379825
2379986
2381462
2381650
2381817
2383881
2383953
2384181
2384189
2384379
2384720
2384874
2385046
2385508
2385800
2386218
2386994
2388564
2389050
2389181
2389250
2389286
2389500
2391431
2393336
2394297
2394793
2394910
2395587
2397028
2397633
2397689
2398157
2399124
2399544
2399621
2400176
2400285
2401219
2402020
2402137
2402503
2404014
2404062
2404260
2404588
2404834
2404874
2404877
2406199
2407082
2409251
2409308
2409416
2409632
2409691
2409733
2410110
2411972
2412702
2413077
2414022
2414314
2415588
2415922
2416169
2416945
2417524
2418707
2418905
2419467
2420575
2422333
2422535
2423864
2423894
2425498
2425900
2427130
2427375
2427655
2428189
2428211
2428258
2428814
2429027
2429454
2429834
2429950
2430777
2430883
2431345
2431748
2432711
2433128
2434138
2434567
2435179
2437016
2437991
2438045
2438273
2438531
2439839
2440245
2440849
2441080
2441259
2442320
2443018
2443076
2443649
2444089
2444526
2444814
2445620
2445766
2446325
2446439
2446534
2447453
2447490
2447713
2448017
2449126
2450053
2450165
2450319
2450993
2451610
2452834
2453495
2454013
2454579
2454635
2454689
2454962
2455768
2456162
2456185
2456759
2457129
2457946
2458572
2458646
2459275
2460330
2460733
2461108
2461175
2462178
2462749
2463056
2465033
2466987
2467995
2468958
2470628
2472222
2472402
2473067
2473617
2474991
2475094
2475304
2475362
2475474
2475492
2476002
2477239
2477338
2477645
2477970
2478020
2478527
2479346
2479374
2480007
2480208
2480588
2482016
2482496
2483720
2484119
2485503
2486319
2486375
2486390
2487730
2487746
2487767
2487880
2489171
2489316
2490002
2491645
2492939
2493134
2493492
2495073
2495231
2496068
2496223
2496443
2497220
2497233
2497635
2498879
2499694
2499858
2500354
2500651
2500930
2501255
2501860
2502585
2502728
2502745
2503415
2503481
2504721
2504917
2505656
2505791
2505968
2506198
2506493
2506527
2506631
2507171
2507181
2507955
2508010
2508430
2510165
2510644
2511359
2511619
2511992
2512203
2513675
2513837
2514015
2515274
2515341
2516640
2516663
2516912
2517411
2518722
2518926
2519446
2520085
2520547
2520687
2520780
2520881
2520888
2520890
2521337
2521815
2522089
2522247
2522337
2523319
2524894
2525214
2525248
2525319
2525616
2525646
2525890
2525939
2526214
2526909
2527348
2527356
2527499
2528161
2528271
2528761
2529099
2529905
2530846
2531713
2532062
2532985
2533057
2533118
2533279
2533350
2533861
2534392
2536692
2537010
2537074
2538724
2538846
2538853
2539180
2539928
2540760
2541302
2542182
2542496
2542809
2543058
2543413
2543472
2543583
2543859
2543928
2543997
2546640
2547306
2547696
2547825
2548084
2548926
2548939
2549158
2549425
2549487
2549587
2549756
2549802
2550802
2552258
2552395
2552403
2552427
2552965
2554648
2554897
2555116
2556676
2557350
2558776
2558889
2558985
2559899
2560106
2560193
2560539
2561219
2561307
2561582
2562211
2562368
2562592
2563289
2565734
2566395
2568811
2569551
2570995
2571424
2571578
2572436
2572836
2572870
2573918
2574737
2574958
2575296
2575397
2575668
2576127
2577437
2577989
2578030
2578134
2578820
2578883
2579028
2579469
2580436
2580848
2580907
2581271
2582237
2582383
2582668
2583350
2583648
2584459
2584635
2584795
2585409
2586282
2586321
2586366
2587247
2587373
2587668
2588315
2588521
2589465
2589498
2590835
2590841
2590954
2591260
2591411
2591777
2592482
2593341
2593799
2594164
2595320
2595524
2595567
2595696
2595947
2596201
2597087
2597735
2598182
2598188
2598554
2599295
2600540
2601683
2601798
2602176
2602414
2602423
2602471
2602699
2603193
2603299
2603466
2603552
2604177
2604847
2605097
2605439
2605519
2605833
2606400
2606892
2607787
2608783
2609585
2609612
2610721
2611271
2612544
2613307
2613414
2613641
2614120
2614216
2614248
2614574
2614866
2615197
2615492
2616320
2617013
2617161
2617227
2617546
2618134
2618204
2619504
2619657
2619680
2620003
2620087
2621161
2621771
2622762
2622913
2622914
2623092
2624190
2624439
2625092
2625665
2625677
2625957
2626041
2626192
2626245
2626333
2626645
2627108
2627204
2628130
2628399
2630345
2630568
2630923
2630976
2631137
2631264
2631467
2632751
2633871
2633982
2635580
2635996
2636276
2636464
2636860
2636969
2637166
2638833
2639325
2639857
2640212
2640278
2640324
2641691
2641848
2642592
2643295
2643793
2643896
2644124
2645144
2646071
2646325
2646721
2646820
2647796
2647851
2649650
2650178
2651216
2651731
2652994
2653526
2653556
2655017
2655961
2656097
2656126
2656130
2656746
2656820
2656877
2657887
2658072
2658400
2659565
2659914
2661366
2662500
2663173
2663214
2663424
2664516
2664789
2665448
2665503
2666024
2667246
2667580
2668002
2668099
2670426
2670771
2671360
2671394
2671939
2672556
2672568
2673910
2674689
2675912
2676438
2676467
2676472
2677607
2678200
2678341
2678568
2680571
2681544
2681562
2682050
2682651
2683488
2683914
2684054
2684268
2684554
2684746
2684880
2685320
2685555
2685753
2686204
2686242
2686288
2686420
2687189
2687310
2688328
2688640
2689468
2689987
2690204
2690649
2691522
2691828
2691847
2691948
2692775
2693362
2694662
2695226
2695392
2695537
2695929
2695931
2696950
2697323
2697387
2697618
2698109
2699449
2699952
2700224
2700454
2700743
2700880
2701183
2701341
2701807
2701862
2702175
2702645
2703192
2703560
2703942
2704039
2705152
2706592
2706786
2706963
2707125
2707816
2707976
2708065
2708091
2710878
2711481
2711507
2712562
2712572
2712625
2712918
2713627
2713689
2714906
2715254
2715445
2715943
2716034
2718059
2718179
2718235
2718499
2718716
2718885
2719436
2720022
2721466
2722939
2724136
2724370
2724486
2725251
2725348
2725586
2725658
2725722
2725826
2725903
2725962
2726029
2727191
2727794
2728170
2728877
2728905
2729019
2729264
2729685
2730262
2730378
2730542
2731764
2732018
2734453
2735841
2735898
2736032
2736529
2736617
2736672
2736815
2737528
2737758
2737957
2738180
2739149
2739320
2739326
2740075
2740813
2740870
2741203
2741261
2741291
2741944
2742064
2742751
2743005
2743941
2744170
2745311
2745593
2746012
2746110
2746246
2747821
2747827
2747858
2748093
2748283
2748895
2749574
2750173
2750535
2751980
2752091
2752484
2754370
2754475
2756160
2756296
2758599
2758622
2760693
2760944
2761707
2762878
2764274
2764462
2764488
2765646
2765773
2765918
2766322
2767084
2767118
2767672
2769008
2769030
2770838
2771238
2771811
2771964
2773931
2774927
2775407
2775411
2775443
2775736
2776385
2776419
2776603
2776670
2776725
2778367
2778737
2778859
2779206
2779835
2780129
2780354
2780355
2780375
2780410
2780749
2782555
2782691
2782971
2783166
2783904
2784537
2785280
2786148
2787168
2787847
2789920
2790544
2791167
2791448
2791873
2792146
2792348
2792571
2792619
2793352
2793522
2793542
2794025
2794146
2796258
2796346
2797007
2797711
2799118
2801484
2801621
2801889
2801999
2802108
2802860
2802902
2803326
2803634
2803699
2804091
2804892
2805839
2806074
2807291
2807315
2807321
2810183
2810426
2810691
2811039
2811704
2812758
2812905
2812994
2813792
2816098
2816211
2816568
2816639
2816710
2817020
2817143
2818290
2820134
2820510
2821833
2822218
2822445
2823026
2823134
2823325
2823680
2824074
2824292
2824488
2825374
2826397
2827280
2827312
2827727
2827728
2828364
2828697
2828814
2829057
2829073
2830290
2830469
2830640
2831013
2831398
2831678
2831721
2831990
2832927
2832934
2834001
2834038
2834924
2835389
2835430
2835677
2836368
2837352
2837812
2839213
2839438
2841658
2842491
2842763
2843916
2844348
2845507
2847278
2847722
2848186
2848750
2850619
2850720
2850906
2850961
2851693
2852972
2854886
2855074
2855678
2855778
2856060
2856300
2856383
2856570
2857582
2857804
2858125
2859056
2859597
2859914
2861007
2861886
2862167
2862546
2862587
2862864
2862922
2863025
2863349
2863821
2864523
2864643
2865181
2865790
2866366
2866602
2866740
2868829
2869404
2869773
2870630
2871088
2871413
2872549
2872830
2872900
2873929
2874538
2874754
2874839
2874882
2875494
2875642
2876239
2876607
2877277
2877381
2877494
2877609
2878682
2880188
2880720
2880898
2881036
2881361
2881941
2882155
2883205
2883375
2884174
2884635
2885166
2885211
2885580
2885644
2886082
2886878
2886896
2887417
2887527
2887624
2887812
2888666
2889097
2890063
2890073
2890285
2891118
2891931
2892925
2893463
2893887
2894216
2895892
2896010
2896101
2896489
2896701
2896781
2897297
2897412
2897836
2897997
2898124
2899042
2899357
2899417
2899448
2899530
2901024
2901054
2901542
2902108
2902745
2903766
2903990
2904037
2904189
2904201
2904895
2905938
2906675
2906892
2906930
2906970
2908109
2909087
2909411
2909445
2909655
2909923
2910325
2910897
2911455
2913024
2913347
2913419
2913929
2914042
2914107
2914854
2914858
2915529
2916008
2916220
2916516
2916917
2917230
2917922
2917952
2918427
2919274
2920018
2920476
2921225
2922494
2924099
2924153
2924165
2924402
2924841
2925653
2926967
2927117
2927383
2927571
2928192
2928915
2929442
2929697
2930233
2930771
2931118
2931689
2931973
2932255
2932515
2934069
2934287
2934464
2936648
2936806
2937044
2938237
2938343
2938525
2938707
2938872
2939212
2939483
2939488
2939911
2939976
2940368
2942406
2943075
2943728
2944262
2944679
2944867
2945051
2945516
2945581
2945956
2946052
2946358
2947253
2947815
2947865
2949862
2950013
2950237
2950275
2950495
2950655
2950676
2950678
2950919
2950936
2951194
2951543
2951732
2953388
2954108
2954328
2954663
2954817
2956155
2956796
2958502
2958532
2959502
2959646
2960149
2960444
2960962
2961377
2961473
2962040
2962975
2963510
2963868
2964035
2964102
2964475
2966206
2967619
2967856
2968660
2968706
2969456
2969784
2970604
2971157
2972104
2972211
2972341
2972545
2972664
2973295
2974582
2974652
2974685
2974893
2974957
2975313
2976329
2977275
2977367
2977506
2979192
2980016
2980148
2981000
2981168
2981450
2981890
2983369
2983733
2983786
2983793
2983969
2984017
2984406
2985204
2985379
2985506
2985573
2986222
2986296
2987006
2988002
2988877
2989100
2989495
2989624
2990277
2990308
2991536
2992984
2993667
2994241
2995076
2995701
2996178
2996757
2996764
2997515
2997609
2997928
2998174
2999280
2999495
3000101
3000822
3001155
3002690
3003208
3003981
3004300
3004413
3005046
3005123
3005205
3007331
3007601
3008111
3008426
3008784
3008829
3008941
3009864
3010436
3010554
3010898
3011162
3011588
3012075
3012130
3012941
3013383
3013522
3013599
3014336
3014541
3014730
3015366
3015765
3016003
3018324
3018500
3018907
3019169
3019305
3019362
3019893
3020844
3022239
3022637
3023749
3024322
3025933
3026371
3026656
3027730
3027984
3028491
3028515
3028569
3029732
3030139
3030307
3031247
3031576
3031957
3032130
3032703
3033020
3033408
3034181
3034720
3035359
3035685
3036021
3036074
3036285
3038371
3038664
3039025
3039612
3040571
3041088
3041642
3042705
3043884
3044822
3044853
3045206
3045421
3046425
3046542
3046890
3047813
3047842
3048280
3048945
3049710
3050090
3050834
3050932
3050994
3051213
3051221
3051687
3052629
3053018
3053096
3053140
3053209
3053257
3053875
3053938
3053993
3054595
3055539
3055903
3056105
3056537
3056614
3056915
3057352
3057600
3057607
3057719
3058069
3058176
3058761
3058910
3059311
3060408
3060527
3061020
3061795
3063139
3063723
3064060
3064178
3064244
3064498
3064551
3065236
3066019
3066418
3066452
3066461
3066602
3067025
3067045
3067060
3067244
3067523
3068189
3068638
3068960
3070264
3070771
3070888
3071039
3071750
3071959
3072759
3073092
3073111
3073165
3073469
3073764
3073877
3073991
3074031
3075247
3075299
3075545
3076830
3077239
3077663
3077798
3079855
3080575
3081097
3081829
3083316
3083385
3083740
3084296
3084315
3085085
3085347
3088400
3088448
3088463
3088870
3089363
3091201
3091934
3092203
3092232
3092275
3093832
3093913
3094888
3095629
3095802
3095893
3096067
3096216
3097124
3097141
3097279
3097638
3098154
3098595
3099011
3099086
3100082
3100815
3100882
3100928
3103220
3103337
3103889
3104061
3104683
3104733
3105232
3105467
3105940
3106074
3107634
3107775
3108210
3108277
3108669
3108940
3109940
3110113
3110774
3110826
3111496
3112006
3112081
3112545
3112754
3113247
3113879
3114798
3116513
3117205
3117606
3118419
3118993
3119140
3119299
3119405
3119932
3120151
3120395
3120563
3120781
3123012
3123139
3123450
3123451
3123573
3123900
3124271
3124347
3124909
3125322
3125593
3126104
3127245
3127424
3127562
3127746
3128410
3128695
3129487
3129836
3129910
3130010
3130765
3130842
3131261
3131305
3131669
3131799
3134920
3135887
3136063
3136728
3138270
3139206
3140529
3141356
3141498
3141571
3142370
3143398
3143702
3144444
3144688
3145146
3145930
3146077
3146326
3146840
3146978
3147591
3147618
3148286
3148476
3148595
3149795
3150806
3150907
3151481
3152118
3152831
3153192
3153336
3153519
3153697
3154781
3155168
3155389
3156823
3157624
3157867
3158045
3158557
3158659
3159126
3159515
3159711
3159948
3160259
3161087
3161485
3162324
3162419
3162566
3162649
3163132
3165184
3166026
3166518
3167541
3168766
3168954
3169004
3169065
3170616
3171323
3172326
3172510
3172962
3173327
3173727
3173984
3174222
3174539
3174814
3175097
3175371
3175815
3175852
3178523
3178713
3178718
3178909
3181147
3181286
3182820
3182931
3183620
3183776
3184551
3184582
3184805
3185574
3185861
3186051
3186284
3187288
3188011
3189186
3189645
3190223
3191675
3192199
3193127
3193145
3193258
3193446
3194479
3194513
3194592
3195038
3195071
3196301
3196561
3196977
3197083
3197249
3198219
3198328
3198396
3198815
3198841
3199071
3200319
3200723
3200869
3201084
3201211
3201239
3202295
3202991
3203977
3205078
3205682
3205824
3206130
3207332
3208395
3209156
3209238
3209565
3209686
3209945
3210198
3210379
3210416
3213901
3214145
3214460
3214910
3215364
3215552
3216053
3216543
3217436
3218635
3219445
3219532
3219969
3220198
3220613
3220875
3221246
3221657
3221749
3222381
3223016
3223096
3223102
3223650
3224495
3224683
3224719
3224797
3225723
3226241
3226359
3228066
3228329
3229009
3229632
3229935
3230045
3230521
3231896
3232313
3232367
3232728
3233321
3233459
3233531
3233719
3233839
3234670
3234943
3235759
3236910
3237281
3237939
3237966
3239368
3239517
3239702
3239936
3240543
3241325
3243308
3244484
3244836
3244856
3245212
3245465
3245609
3246792
3247722
3247821
3248561
3248948
3249024
3249252
3249434
3250014
3250871
3251035
3251083
3251279
3251773
3251790
3253635
3255663
3255813
3255988
3256022
3256197
3257133
3257393
3257771
3258648
3258769
3259360
3259620
3261282
3261947
3262011
3263077
3263265
3264355
3265321
3265606
3267288
3267326
3267686
3267808
3268679
3269902
3269980
3270009
3270106
3270284
3270906
3271322
3271366
3274816
3275039
3276130
3276843
3277284
3277301
3277418
3277594
3278153
3278725
3279867
3280357
3280460
3281379
3281394
3282579
3283586
3283698
3283997
3284935
3285367
3285444
3285668
3286141
3286637
3286969
3287335
3287862
3289065
3290078
3291217
3292311
3292333
3292344
3292854
3293179
3294066
3295778
3295993
3296033
3296217
3297362
3297961
3298071
3300184
3300922
3300967
3301018
3301266
3302646
3302661
3302984
3304343
3304875
3305150
3305297
3305524
3305802
3306041
3306430
3306476
3306504
3307404
3308835
3309666
3309937
3310179
3311879
3312047
3313198
3313963
3314421
3314538
3314790
3316889
3317018
3317070
3317172
3317251
3317463
3318801
3318877
3319020
3319971
3320644
3321086
3321211
3321241
3321507
3321608
3322122
3322360
3324034
3324091
3324116
3324861
3325150
3326030
3327551
3327802
3328226
3329045
3329077
3329168
3329401
3329465
3329745
3331769
3332003
3332787
3333544
3334711
3334818
3335834
3336322
3336444
3336492
3336850
3338479
3338484
3338711
3338844
3339112
3339571
3339856
3340260
3340343
3340350
3340721
3341177
3342124
3342153
3342367
3342694
3343446
3343719
3343872
3344014
3344037
3345076
3345152
3345630
3346065
3346409
3346924
3348048
3348913
3349265
3349295
3349452
3349535
3349741
3349858
3350556
3350983
3352271
3352675
3353033
3353162
3353410
3353949
3354439
3354464
3354502
3356474
3357110
3357321
3357341
3357383
3357804
3358621
3359890
3359970
3360428
3361084
3361590
3362203
3362939
3363021
3364436
3364728
3364755
3365308
3365590
3366032
3367696
3367944
3367973
3368459
3369479
3369648
3370241
3373851
3374331
3374597
3374629
3375161
3375407
3376181
3376216
3376502
3376712
3377399
3377442
3377731
3378571
3379324
3379919
3379973
3380304
3381478
3381586
3381616
3381845
3382044
3383335
3383941
3384711
3385127
3385545
3385764
3385856
3386209
3386279
3386363
3386919
3387157
3387480
3387807
3387829
3388327
3388530
3388826
3389912
3391107
3391913
3392126
3392226
3392711
3395016
3395226
3395992
3396454
3396573
3396750
3397012
3397031
3398343
3398681
3398910
3399108
3402644
3402671
3406931
3406975
3409823
3409889
3409967
3410135
3411118
3411875
3412711
3413220
3414631
3415002
3415121
3415173
3416632
3417067
3417112
3417407
3417453
3417951
3418005
3418321
3418491
3418593
3418661
3418926
3419075
3420865
3420930
3421399
3421951
3421979
3422031
3422035
3422068
3422378
3422453
3422811
3422991
3423068
3423353
3423659
3423810
3423889
3425040
3425182
3426589
3426822
3427582
3428076
3428873
3428993
3429251
3430406
3430565
3431805
3431885
3431968
3433457
3434744
3434889
3436750
3437308
3437586
3437870
3437936
3438726
3438820
3439218
3439763
3439775
3439797
3441783
3443588
3444265
3445651
3446070
3446407
3446824
3446903
3447269
3447344
3448161
3448228
3450888
3452186
3452952
3453628
3453661
3453823
3454161
3454295
3454471
3454817
3455173
3455530
3455652
3456083
3456538
3456709
3456879
3457382
3457792
3459343
3459416
3460272
3460288
3460351
3460593
3460706
3461073
3461543
3461604
3461727
3462271
3462450
3462596
3463232
3463496
3463642
3463645
3463793
3464621
3465021
3465833
3466301
3466753
3467424
3467650
3468307
3468382
3468755
3469376
3469825
3470276
3470540
3470947
3471144
3471158
3471416
3472905
3472907
3473190
3473390
3473423
3474438
3474464
3474763
3475181
3475371
3477056
3477324
3477622
3478540
3478577
3479192
3479523
3480205
3480777
3480844
3480953
3481048
3481450
3481849
3481997
3482040
3482158
3483490
3483515
3485788
3485880
3485931
3486456
3486655
3486846
3487051
3487470
3487826
3488364
3489081
3489238
3489403
3490832
3491300
3492215
3492875
3493860
3494590
3495202
3495216
3495307
3495492
3496142
3496411
3497526
3497766
3498400
3498644
3499199
3499303
3499647
3499905
3501274
3501280
3501308
3501720
3502978
3503108
3504400
3504445
3505944
3506449
3507017
3507699
3507975
3508994
3509075
3509749
3510106
3510470
3511190
3511282
3511327
3511867
3511989
3512381
3512384
3513814
3514144
3514679
3515136
3515438
3515602
3515703
3516349
3516622
3516838
3516993
3517557
3517619
3517974
3518109
3518891
3519483
3519674
3519752
3520899
3522455
3523600
3523765
3523814
3524392
3524678
3525801
3526452
3526803
3527307
3527692
3527754
3527972
3528132
3528862
3529136
3529601
3529627
3530407
3530619
3531551
3531798
3531985
3532717
3533054
3533100
3533577
3534104
3534462
3534645
3534647
3535415
3535701
3536485
3538615
3539211
3539553
3540535
3540603
3540642
3543707
3543806
3543824
3545064
3545579
3545988
3546170
3546442
3547614
3547661
3548518
3548711
3549132
3549719
3550118
3551787
3552592
3553008
3553658
3554032
3554108
3554316
3554872
3555038
3556134
3556303
3556616
3557025
3557383
3558291
3558328
3558341
3558562
3559325
3559614
3560897
3561332
3562323
3563415
3564244
3564891
3565420
3565458
3565483
3567586
3568154
3568200
3568578
3568897
3569308
3569416
3569435
3570000
3571671
3573043
3573588
3573664
3574032
3574428
3575758
3577234
3577986
3578352
3578681
3579025
3579268
3580978
3581249
3581415
3581601
3582023
3582660
3583307
3583432
3583633
3583827
3584883
3585184
3585570
3587198
3587275
3587604
3587901
3587990
3588647
3588724
3588921
3588992
3588999
3589404
3590266
3591730
3591840
3591952
3592884
3592927
3593079
3593328
3594243
3594571
3594917
3595080
3596343
3596696
3596944
3597077
3598074
3598870
3599025
3599449
3599773
3600112
3600137
3600191
3600217
3600218
3601422
3602348
3602421
3602574
3602818
3604169
3604276
3604739
3605222
3605926
3606681
3606880
3606902
3607074
3607140
3608296
3609427
3609556
3611074
3611454
3611704
3611880
3612123
3612807
3612915
3613256
3614357
3614572
3615663
3615938
3616926
3617052
3617499
3617559
3619904
3619959
3620013
3620795
3621789
3622601
3622981
3623884
3624609
3626057
3626622
3628153
3628243
3630743
3631152
3631826
3632547
3632597
3632679
3633674
3633962
3634346
3634840
3635367
3635733
3636195
3636749
3636955
3637960
3638041
3638286
3638330
3638607
3639795
3639972
3641251
3642431
3642618
3643380
3644609
3644646
3645228
3646335
3646581
3647724
3647838
3648052
3648442
3648867
3648912
3650201
3650216
3651065
3651115
3652675
3654094
3654741
3655274
3655684
3655868
3655877
3656261
3656382
3656399
3657445
3657471
3659123
3659371
3659733
3659843
3660080
3660979
3661181
3662177
3662425
3662784
3662932
3662999
3663601
3663714
3664495
3664890
3665434
3665502
3666519
3666546
3667111
3667353
3667357
3667499
3667857
3667970
3670540
3671023
3671123
3671818
3672298
3672589
3672591
3673488
3673637
3673813
3673866
3675565
3676096
3676456
3677575
3677664
3677781
3678186
3678301
3679359
3680192
3680390
3680928
3681006
3682334
3682457
3682529
3683095
3683569
3684685
3685352
3687126
3687306
3687637
3687651
3687906
3688731
3689164
3689507
3689512
3689804
3690054
3690315
3690730
3692153
3693466
3693908
3694647
3695254
3695385
3695621
3695745
3695892
3697010
3697441
3697984
3698783
3698957
3699138
3700245
3700501
3701727
3701779
3702164
3702731
3703132
3703458
3703503
3703787
3703919
3704358
3704382
3704831
3705165
3706827
3707837
3709084
3709206
3709494
3710102
3711775
3712119
3712185
3712707
3713690
3714243
3714431
3714617
3714694
3715056
3715606
3715644
3716089
3716166
3716210
3717608
3718395
3718398
3718661
3719353
3719372
3719550
3719562
3720896
3721108
3721330
3721592
3721621
3722085
3722264
3723375
3723677
3725083
3726721
3726986
3727604
3728229
3729106
3729906
3730312
3731332
3731758
3732005
3732059
3732167
3733149
3733398
3733542
3733874
3734779
3734818
3735640
3736022
3736058
3736915
3737430
3737468
3737581
3737618
3737978
3738273
3739334
3739962
3740431
3742019
3742170
3742224
3745478
3745704
3746883
3747013
3747586
3747601
3747684
3747900
3748746
3750257
3751045
3751368
3752636
3752765
3752919
3753472
3754906
3755098
3755505
3755831
3756042
3756193
3756992
3758080
3758481
3759359
3759419
3759622
3760013
3760032
3760341
3760356
3760396
3760445
3761253
3761848
3762165
3762186
3763078
3764447
3765224
3765424
3765698
3766789
3767360
3769170
3769950
3770318
3770410
3770450
3770528
3771822
3772642
3773199
3774111
3774115
3774448
3774948
3775398
3776698
3777839
3778071
3778501
3778978
3779262
3779540
3780528
3780941
3781057
3781105
3781124
3781830
3782195
3782330
3783783
3783856
3784285
3784294
3784352
3784507
3785491
3785676
3786768
3787729
3788411
3788567
3788856
3789158
3789396
3789495
3789693
3789800
3789972
3790181
3790472
3790565
3790929
3791049
3791714
3791932
3791999
3792322
3792428
3793046
3793411
3793873
3793925
3794219
3794258
3795232
3796052
3796307
3796502
3796572
3797493
3797801
3797809
3798386
3798680
3800405
3800873
3801711
3805260
3806107
3806264
3806825
3808305
3808363
3808434
3809877
3809898
3809951
3810289
3810863
3812865
3813186
3813868
3814078
3814587
3814899
3814966
3815661
3815963
3818846
3819379
3819407
3820239
3820703
3821254
3821558
3823771
3825375
3825491
3825688
3825967
3826860
3828209
3828491
3830472
3831016
3831427
3831666
3834973
3835780
3835847
3836041
3836248
3836453
3837569
3837619
3837839
3837959
3838693
3838779
3838902
3838978
3839120
3839174
3839779
3840569
3840783
3842085
3843158
3843400
3843607
3845084
3846007
3846022
3846158
3846740
3847562
3847997
3851835
3853229
3853757
3854127
3854328
3854424
3854776
3855070
3855401
3855590
3855897
3856272
3857112
3858202
3860007
3860338
3860726
3861576
3862075
3863012
3863290
3863720
3863760
3864005
3864145
3864218
3864475
3865104
3865182
3865593
3866509
3867054
3867133
3867404
3869409
3870402
3871093
3871106
3871492
3871694
3871905
3872239
3872548
3872552
3873623
3874030
3874403
3874646
3875079
3875817
3876938
3877327
3878118
3878227
3878425
3878638
3878996
3879380
3880056
3881794
3881955
3882066
3882141
3882294
3883096
3883909
3884128
3884952
3885198
3886442
3887464
3889216
3889972
3890012
3890651
3890699
3892074
3893096
3893229
3893256
3893275
3893915
3894033
3894653
3895154
3895305
3895409
3895788
3895816
3896611
3896721
3896937
3897858
3899157
3899826
3899883
3900111
3900141
3900341
3900386
3900798
3900820
3901916
3902403
3902498
3903037
3905061
3905082
3905141
3905602
3905676
3905715
3906498
3906538
3906739
3907173
3907952
3908305
3908671
3909491
3909526
3910839
3911489
3911705
3911964
3912207
3913134
3913213
3914061
3915030
3915528
3915607
3916521
3917277
3917861
3918262
3918470
3918577
3918710
3918715
3919194
3919723
3920123
3921847
3922006
3922471
3922601
3924436
3924580
3924709
3925187
3925497
3926007
3926913
3927323
3927379
3927974
3928583
3929030
3929135
3929689
3929698
3930801
3931505
3931857
3932159
3932210
3932457
3932679
3933040
3933511
3933648
3933681
3934122
3934658
3935218
3935552
3936494
3937359
3937461
3937581
3937750
3938054
3938716
3938809
3939365
3939701
3940376
3940720
3940763
3941634
3942076
3942201
3942437
3942766
3942771
3943390
3944583
3946016
3946144
3947122
3947280
3947342
3947683
3948454
3949546
3949958
3950086
3953320
3953506
3954896
3955378
3955812
3955945
3957038
3957961
3958043
3958174
3958461
3958830
3959418
3960177
3960310
3961187
3961218
3962195
3963019
3963709
3963881
3964720
3965746
3965747
3965794
3966049
3966293
3966523
3966725
3967318
3967415
3968114
3968551
3968911
3969271
3969812
3969922
3971012
3971441
3971968
3972928
3973160
3974261
3975102
3975792
3975800
3976253
3976495
3976592
3976611
3978482
3978925
3979013
3979445
3979490
3980318
3981028
3982200
3982719
3983395
3983583
3984107
3984159
3984225
3984630
3984778
3985682
3985692
3985729
3986623
3987034
3987707
3987742
3988141
3988334
3988494
3988999
3989005
3989619
3989706
3989899
3990120
3990306
3990340
3990464
3990731
3990793
3990837
3990974
3991259
3992165
3992714
3993091
3993701
3993857
3993988
3994003
3996640
3996903
3996973
3997249
3997677
3997951
3998211
3998440
3998631
3998700
3998809
3999185
3999495
3999587
4000116
4000409
4001395
4001709
4002451
4002545
4002676
4002989
4004251
4004321
4005120
4005480
4005645
4006537
4006890
4007032
4007644
4008936
4009019
4009191
4009192
4009744
4010061
4011042
4011481
4012673
4012896
4013284
4013370
4013986
4014294
4015336
4015640
4015773
4016150
4017143
4018201
4018321
4018470
4018794
4019318
4019408
4019533
4019648
4019825
4020966
4021218
4021844
4021999
4022084
4022368
4022770
4023252
4024808
4025067
4025835
4026172
4027483
4027747
4029436
4030082
4031198
4031649
4031779
4032205
4032557
4033019
4034109
4034346
4034653
4034998
4035462
4036816
4037362
4037862
4038132
4038231
4039381
4039550
4039922
4040309
4040900
4041020
4041735
4041749
4042107
4042288
4043971
4044049
4044313
4044385
4044774
4045921
4048806
4049622
4050145
4050773
4050886
4051317
4052630
4052850
4054099
4054140
4054220
4054335
4054387
4054433
4054517
4054585
4054918
4056638
4057829
4058853
4059401
4059603
4059661
4060003
4060006
4060040
4060466
4061270
4061295
4061494
4061612
4063040
4063797
4063839
4064314
4064347
4064494
4064538
4064850
4065636
4065701
4066254
4066657
4066695
4067283
4067651
4068088
4068152
4068157
4068520
4068877
4069152
4071647
4071689
4071994
4072299
4072447
4074230
4074479
4075359
4075468
4076436
4076684
4076774
4078259
4078271
4078338
4080948
4081956
4082028
4082163
4082246
4082408
4082595
4083271
4083830
4083883
4084410
4085543
4085604
4085999
4086507
4086604
4086934
4087174
4087320
4089462
4089925
4089933
4090043
4090104
4090249
4090341
4090469
4091819
4092502
4092562
4093546
4093548
4093822
4094788
4095434
4095654
4096847
4097402
4097722
4097826
4097987
4098245
4098507
4098577
4098730
4099192
4099338
4099937
4100239
4100715
4101251
4101277
4101530
4102030
4102312
4103615
4103885
4104337
4104459
4105691
4105903
4106309
4107102
4107407
4107598
4108080
4108193
4108378
4108888
4109691
4110105
4110581
4110611
4111701
4111953
4112392
4112623
4113296
4113530
4113564
4113765
4114193
4115571
4115732
4116169
4118049
4118521
4118606
4118621
4119009
4119254
4119696
4120314
4120917
4121102
4122484
4123150
4123408
4123638
4123720
4124523
4124797
4125747
4125976
4126148
4126911
4129095
4129294
4129322
4129818
4129993
4130095
4130166
4130540
4131798
4132075
4133589
4133653
4133789
4134663
4135040
4135999
4136877
4138211
4138644
4139447
4139658
4139746
4140032
4140427
4140507
4140942
4141286
4143413
4143752
4143934
4144415
4144513
4144648
4144868
4145414
4145737
4146183
4147076
4147275
4147379
4148074
4148217
4148432
4148509
4150015
4150085
4150659
4151151
4151512
4152275
4152773
4153170
4153428
4154065
4155051
4155053
4156299
4156342
4156966
4156969
4157057
4157501
4157600
4157936
4158373
4159258
4159460
4159586
4161000
4161046
4161068
4161424
4162048
4162288
4162526
4163340
4163891
4164184
4164393
4164596
4165168
4165597
4165735
4166381
4166641
4167426
4167771
4167945
4168058
4168327
4168370
4169443
4169553
4169869
4170204
4170371
4171972
4172114
4172996
4173048
4174311
4174608
4176109
4176447
4176625
4177228
4177277
4177282
4178071
4178103
4179311
4179360
4181349
4181357
4181462
4183268
4183719
4183734
4183976
4184488
4184491
4184837
4185842
4187799
4188669
4188729
4189814
4189939
4190126
4190534
4190609
4191890
4191938
4192610
4192899
4194677
4194975
4195339
4196828
4197002
4197639
4197795
4197989
4198795
4198811
4200712
4201747
4201979
4202443
4203669
4203734
4203967
4204016
4204547
4205598
4206620
4209464
4209702
4210491
4210544
4210560
4212101
4212174
4212378
4213193
4214150
4214181
4214594
4215645
4216383
4217436
4217636
4217966
4218079
4218168
4218575
4218642
4218886
4219330
4220015
4220120
4220187
4220468
4220900
4221471
4222245
4222819
4223978
4223982
4224378
4224723
4224929
4224995
4225002
4225317
4226061
4226389
4226579
4227055
4227583
4227972
4228591
4229213
4229791
4229966
4230276
4230794
4230970
4231348
4231616
4231709
4232190
4232290
4232862
4233265
4234105
4234411
4234836
4235270
4237175
4237228
4237702
4237778
4237980
4239297
4240398
4240793
4241448
4241928
4242319
4242661
4244163
4244897
4245307
4245937
4247671
4248512
4248796
4248877
4249088
4249415
4249856
4249905
4251675
4251964
4252661
4254404
4254782
4255296
4255827
4256020
4256499
4256563
4257217
4257457
4257715
4258266
4258272
4258896
4259532
4259663
4259818
4260248
4260361
4260783
4260931
4260986
4261266
4261476
4261811
4262967
4263221
4263296
4263410
4264229
4264313
4264631
4264793
4264984
4265085
4267450
4267682
4267856
4268381
4268416
4268700
4268718
4269395
4270009
4271240
4271282
4271532
4272630
4273108
4274992
4275023
4276054
4277370
4277548
4278122
4278219
4278684
4278875
4279445
4279446
4280726
4281158
4281759
4283091
4283222
4283666
4284745
4284855
4284907
4284920
4285102
4285495
4285716
4286246
4286384
4287074
4287130
4287277
4287309
4287359
4289334
4289701
4290048
4290382
4290645
4291064
4292715
4292904
4292926
4293832
4294875
4295048
4295213
4295568
4295745
4295969
4296092
4296420
4296440
4296709
4297147
4297624
4298523
4299590
4301419
4302020
4303510
4303528
4303907
4303922
4304026
4304482
4304828
4304995
4305679
4306438
4307571
4308279
4308619
4309309
4309469
4310014
4310363
4310747
4311533
4311665
4311949
4313349
4313523
4313730
4313978
4314652
4316031
4316150
4317149
4317357
4317648
4317767
4317771
4318229
4318662
4318992
4319503
4320117
4320163
4321224
4322181
4322510
4322698
4323524
4324197
4324495
4325515
4325906
4325980
4326459
4326485
4326733
4327270
4327303
4328661
4329029
4329822
4329847
4330019
4330056
4330280
4330361
4331108
4331407
4331411
4331873
4332110
4332730
4332772
4332917
4333415
4334957
4335132
4335928
4336885
4337273
4337829
4337923
4338375
4338805
4339049
4339051
4339842
4340752
4341129
4341138
4341474
4342069
4342494
4342903
4343046
4343188
4344769
4345032
4346242
4347097
4347111
4347115
4347225
4347256
4347942
4348998
4349035
4349155
4349178
4349260
4349600
4349803
4350301
4350664
4352862
4352958
4353212
4354040
4354328
4354364
4355234
4355578
4356409
4356653
4356737
4356970
4358003
4358099
4358606
4359060
4359276
4359394
4360190
4360476
4362045
4362585
4362618
4362740
4362811
4364303
4365496
4366273
4367470
4367737
4368101
4368151
4368393
4368772
4369514
4369869
4369949
4370093
4370769
4371121
4371313
4371896
4371933
4372643
4372854
4373601
4373908
4374017
4374746
4375924
4376114
4376121
4377506
4378132
4378231
4378317
4378586
4378911
4379993
4380349
4380676
4380972
4381252
4383127
4383370
4384829
4384967
4385043
4385725
4386026
4386068
4386271
4386373
4387094
4387497
4388211
4388427
4388847
4389039
4389533
4390147
4390262
4390470
4390628
4390714
4391597
4392076
4392737
4393803
4393808
4394427
4394517
4394587
4395127
4395305
4397584
4397736
4398728
4399608
4400447
4400816
4401013
4401245
4401602
4401960
4403134
4403275
4403906
4403936
4404016
4404835
4405068
4405383
4405574
4406447
4407106
4407179
4407463
4407796
4408328
4408773
4409145
4409955
4410053
4410221
4410739
4410796
4411077
4411801
4412207
4412300
4413571
4414959
4415585
4416070
4416947
4417027
4417154
4417208
4417816
4418579
4419046
4419062
4419354
4419887
4420741
4421155
4421449
4421682
4422363
4422733
4424908
4425568
4425605
4425676
4426177
4426668
4426673
4427328
4427432
4428168
4428652
4429056
4429134
4429511
4429856
4430185
4430489
4430735
4430777
4430793
4430903
4430932
4431116
4431247
4432179
4432605
4432847
4432922
4433815
4434429
4435589
4436141
4436474
4436622
4436672
4437010
4437228
4437530
4437614
4437825
4438042
4438141
4438177
4438439
4438675
4439947
4440189
4441622
4442584
4442994
4443321
4443670
4443776
4444453
4444664
4445666
4445954
4447001
4447561
4447861
4448800
4448830
4449979
4449999
4450391
4450758
4451334
4451437
4451484
4452491
4454387
4455328
4456488
4456742
4456799
4457113
4457446
4457517
4458291
4458347
4458497
4459286
4459587
4459820
4461105
4461190
4461607
4461812
4462186
4462652
4464277
4464513
4465178
4465247
4465606
4465970
4466056
4466442
4466994
4467329
4467353
4467874
4467884
4468166
4468197
4468547
4469586
4469958
4470361
4470663
4470926
4471074
4471437
4471783
4472392
4473046
4473155
4473732
4474363
4475617
4476369
4476979
4477843
4478022
4478241
4479088
4479871
4481263
4482214
4482594
4485114
4485437
4485504
4485702
4485800
4486086
4486742
4486821
4488767
4488986
4490397
4491276
4491710
4492278
4492331
4492529
4493507
4495156
4495359
4495400
4497678
4498883
4499021
4499062
4499207
4499704
4500896
4501074
4501285
4501759
4502005
4502278
4502972
4503028
4503046
4503310
4504079
4504336
4504629
4504882
4506557
4507035
4507334
4507444
4508138
4509250
4509337
4509643
4511050
4511472
4511781
4512039
4512994
4513179
4513632
4514737
4514793
4515429
4515431
4516562
4518437
4519325
4519527
4519602
4519617
4519850
4520673
4521228
4521778
4522056
4522170
4522766
4523853
4524254
4525167
4525174
4525641
4526378
4526740
4528631
4528881
4529083
4529103
4529111
4529408
4529673
4529688
4529732
4529960
4530405
4530869
4530881
4531911
4532259
4532643
4533034
4533229
4533331
4533398
4533611
4533922
4534543
4534586
4535148
4535494
4535711
4535889
4536383
4536389
4536614
4536625
4536949
4537951
4538075
4540683
4542503
4542525
4542617
4543539
4543910
4543980
4544311
4544417
4544508
4545875
4546003
4546648
4547661
4548367
4549055
4549838
4550003
4550701
4550737
4551005
4551681
4551721
4552698
4552896
4554274
4555039
4556298
4557145
4557276
4557392
4557754
4558465
4558608
4558918
4559080
4561420
4561826
4561969
4561973
4562127
4562767
4563104
4564147
4564946
4565100
4565704
4565807
4565981
4566984
4567283
4567735
4568329
4568541
4569392
4569517
4570228
4570253
4570441
4570770
4571235
4571468
4572503
4572707
4573041
4573256
4574799
4575098
4575681
4575852
4576232
4576278
4576334
4576441
4576916
4576967
4576977
4576983
4577575
4578578
4579198
4579915
4580334
4580679
4581148
4581474
4581619
4581678
4581969
4583239
4583392
4583657
4584048
4584145
4584886
4584947
4585032
4585638
4586534
4586941
4587349
4587548
4588129
4588260
4588397
4588748
4588871
4589283
4589457
4590305
4590307
4590468
4590629
4591074
4591081
4591450
4591498
4591610
4592078
4592228
4592247
4592429
4592883
4593148
4594380
4594564
4594717
4595312
4596510
4597143
4597270
4598351
4598598
4599211
4601413
4601453
4602209
4602709
4603135
4603468
4603530
4604056
4604337
4605508
4605868
4606632
4607291
4607637
4607798
4608556
4608688
4609232
4609241
4610812
4610875
4611014
4612157
4612434
4612551
4612881
4613449
4615278
4616557
4617012
4617292
4617636
4618346
4619092
4619397
4619890
4619963
4620131
4620592
4621015
4621351
4621374
4621960
4621975
4622506
4622621
4622676
4623793
4624318
4624482
4624527
4625038
4625129
4625749
4626184
4626311
4626530
4627411
4627788
4627953
4628000
4630249
4630629
4630929
4631988
4632503
4633766
4634800
4634949
4635392
4637099
4637373
4637614
4637844
4637900
4638289
4639232
4640447
4641276
4641871
4643021
4643118
4643500
4643502
4643885
4643894
4644584
4646166
4646445
4646860
4647246
4647598
4647602
4649897
4650211
4650254
4651339
4652330
4652381
4652745
4652762
4652952
4654058
4654616
4655017
4655109
4655520
4655720
4656122
4656837
4656937
4657030
4657287
4658515
4659380
4659807
4659967
4660098
4660259
4660419
4661274
4663522
4664112
4665522
4665667
4665737
4665924
4666345
4667098
4668024
4668703
4668749
4669243
4669711
4670592
4670751
4671201
4671429
4672586
4673236
4673295
4673750
4674142
4674221
4674681
4674757
4675034
4675324
4675927
4676344
4676691
4677418
4677901
4678791
4678884
4679367
4680588
4680980
4681194
4682013
4682027
4682162
4682519
4682809
4682949
4683529
4683843
4684415
4684422
4684520
4684565
4685377
4686659
4687902
4688036
4688116
4689362
4689456
4690578
4691297
4691610
4691628
4691796
4692094
4692220
4692727
4693123
4693412
4694002
4694479
4695128
4695418
4696248
4696267
4697309
4697833
4698547
4698682
4698750
4699149
4699207
4700792
4702083
4702518
4702685
4703023
4703599
4704143
4704283
4704543
4705304
4705708
4706416
4707510
4708068
4708071
4708649
4709337
4710130
4710637
4711027
4711886
4712946
4714104
4714151
4714432
4714632
4714664
4715664
4715689
4716715
4716977
4717164
4718295
4718414
4719305
4719408
4719430
4719573
4719864
4721921
4722257
4722895
4723802
4723984
4724281
4724322
4725075
4725894
4725989
4726043
4727305
4728204
4728742
4729594
4729943
4730374
4731531
4731671
4732225
4732533
4734845
4734881
4735638
4735798
4737229
4738652
4738729
4738955
4739158
4741100
4741370
4741704
4743465
4744239
4744599
4744792
4746114
4747682
4747798
4748935
4749682
4750820
4750837
4751229
4751544
4751576
4751943
4752426
4752611
4753267
4753346
4753497
4754197
4755313
4755529
4755941
4756116
4756161
4757988
4758630
4758712
4758780
4758900
4758902
4759080
4759574
4760276
4760611
4760864
4761187
4761677
4761857
4761985
4763230
4763529
4763606
4763638
4764244
4764349
4764413
4765311
4765408
4766122
4766150
4766193
4766432
4766441
4767143
4767756
4767928
4768030
4768106
4768423
4769191
4769735
4771454
4773172
4773554
4773584
4774156
4775242
4776092
4779129
4779708
4780254
4780566
4781601
4782784
4783255
4783316
4783622
4784222
4784537
4785450
4786505
4786628
4786632
4787084
4787278
4787504
4787713
4788660
4789631
4789738
4789839
4789860
4791362
4792338
4792941
4793706
4794762
4794832
4795336
4796324
4797301
4797387
4798130
4798170
4798646
4798808
4799986
4799989
4800656
4800698
4800817
4800920
4801195
4801470
4802623
4802937
4803507
4803591
4804056
4804884
4805997
4806260
4807113
4807222
4807813
4808240
4808634
4808773
4809097
4809460
4809712
4810426
4810787
4811374
4812266
4812480
4812898
4812946
4812959
4813299
4813561
4814266
4814375
4814747
4815786
4815795
4816501
4816833
4817197
4818861
4818975
4819371
4819490
4819576
4819958
4820650
4821026
4821800
4822936
4823158
4823282
4823865
4824123
4824902
4825140
4825267
4825435
4825467
4827380
4827764
4828713
4829040
4829215
4829614
4830190
4830392
4830737
4831264
4831967
4832411
4832859
4832905
4833922
4835558
4835603
4835759
4836763
4836861
4837036
4837066
4838160
4838833
4839227
4840477
4840757
4841750
4842394
4842788
4843429
4843435
4843521
4843891
4845340
4845593
4846242
4846383
4846617
4847471
4847703
4849617
4850544
4850944
4851243
4851378
4851605
4852097
4852343
4852864
4852938
4853260
4853351
4853669
4853937
4856384
4857443
4858097
4858238
4858403
4858517
4859140
4859799
4861421
4861636
4862215
4862447
4862750
4862762
4864385
4864450
4864608
4864832
4867038
4867246
4867872
4868533
4869852
4870390
4870514
4870567
4870670
4871437
4871542
4871578
4871791
4872148
4872206
4872445
4875176
4875476
4875763
4875926
4876912
4878045
4878827
4879003
4879044
4879648
4879716
4880198
4881555
4882466
4882593
4882743
4883491
4883641
4884403
4885525
4885828
4885837
4886236
4886403
4886435
4887069
4887314
4887683
4887713
4887715
4888231
4888351
4888595
4888619
4889137
4889305
4890235
4890319
4891273
4891579
4891937
4892024
4892954
4893025
4893109
4894199
4894752
4895360
4895654
4897314
4897463
4898428
4899544
4901625
4901632
4902093
4902328
4902461
4902508
4902638
4902906
4903651
4904349
4904913
4904928
4905188
4905276
4905467
4905802
4905804
4906305
4906684
4907206
4907447
4907558
4907591
4907610
4907922
4908514
4908639
4908979
4909031
4909290
4909403
4910954
4911037
4911398
4911849
4912165
4912797
4912952
4913442
4913817
4914120
4914780
4914873
4915058
4915264
4916255
4917962
4918685
4919067
4919156
4919666
4919738
4920188
4921832
4921937
4922097
4922412
4922585
4923261
4923360
4924119
4925975
4926264
4926969
4927202
4927910
4927921
4928046
4928608
4928806
4929140
4929936
4930330
4930546
4931771
4932036
4932476
4933163
4933234
4933376
4933742
4933841
4934524
4934690
4935474
4935552
4936945
4938152
4938616
4939099
4939286
4939511
4939518
4940028
4940063
4940671
4941308
4941835
4941880
4942628
4942797
4943486
4943974
4944176
4944342
4944499
4944972
4947258
4948144
4948220
4948388
4948552
4948943
4949230
4949579
4949648
4949769
4950148
4950285
4950546
4951852
4952552
4952674
4952740
4952791
4953081
4953107
4953112
4953887
4954067
4954140
4954888
4955444
4956037
4956044
4956384
4956773
4956860
4957341
4957381
4957422
4957426
4957433
4957757
4957971
4958680
4959885
4960071
4960464
4960569
4960707
4960777
4961277
4961640
4961934
4961949
4962952
4963001
4963505
4964317
4966063
4966070
4966383
4966648
4968039
4969442
4969476
4969657
4969766
4970212
4971157
4972235
4973332
4973396
4974155
4974378
4975653
4976026
4976868
4977070
4977438
4977698
4977853
4979906
4980082
4980276
4980563
4983331
4984114
4984653
4984952
4985296
4985852
4985918
4985994
4987004
4987015
4987601
4987620
4988474
4988558
4988948
4989839
4990112
4990498
4991551
4991772
4991781
4991957
4992351
4992865
4993378
4993403
4993866
4993930
4994497
4995895
4995948
4996265
4996859
4997809
4997985
4998020
4998023
4998589
4998735
4999514
5001084
5001177
5003247
5003804
5003938
5004525
5005049
5005630
5005997
5006762
5006907
5007612
5007643
5007649
5008137
5009339
5009458
5009471
5010127
5010912
5012114
5012806
5012906
5013844
5016774
5017078
5018240
5019135
5020358
5021231
5021804
5022180
5022697
5023257
5023647
5024022
5024457
5025573
5025999
5026784
5026935
5027015
5027576
5027692
5027907
5028581
5029022
5030304
5030605
5031495
5031668
5032125
5032877
5032993
5033758
5033766
5034978
5035446
5036653
5036706
5037659
5038180
5039480
5039504
5039698
5039762
5039865
5040261
5040638
5041530
5042139
5042221
5043004
5043831
5043913
5044386
5045165
5045289
5046429
5046447
5048454
5048568
5048979
5050558
5050761
5051475
5051629
5051638
5052839
5053253
5053935
5054089
5054433
5054957
5055506
5056348
5056547
5057340
5058479
5058686
5058746
5058901
5059232
5059392
5059548
5059888
5060618
5060806
5060807
5061062
5061859
5062250
5062758
5063052
5063653
5063807
5063993
5064134
5064752
5065026
5065303
5066580
5066762
5068057
5068579
5068934
5068986
5069755
5070400
5070882
5071150
5071345
5071456
5071540
5072155
5072432
5073287
5073930
5074258
5074792
5075642
5075872
5076117
5076714
5076844
5077116
5077408
5077506
5078087
5078508
5079534
5080539
5080800
5082478
5082665
5082748
5082770
5082832
5083133
5084577
5084705
5084954
5085328
5085374
5086147
5086231
5086248
5086255
5086356
5087411
5088023
5088137
5088872
5090595
5092328
5092802
5093058
5093239
5093307
5094273
5095333
5095390
5096764
5096951
5097743
5098426
5099076
5099717
5099815
5100284
5101019
5101606
5104159
5104977
5105517
5105643
5105715
5105762
5105850
5106701
5107394
5107760
5110250
5110341
5110545
5111381
5111686
5113028
5113736
5113899
5114629
5115342
5116002
5117672
5118098
5118204
5118406
5118533
5120380
5121434
5122688
5123139
5123948
5123971
5124080
5124238
5124265
5124600
5125798
5126402
5126663
5127607
5127923
5128059
5128406
5128444
5129163
5129284
5129910
5130722
5131138
5131788
5132663
5133153
5133507
5133550
5134210
5135608
5135688
5135965
5136392
5136526
5136858
5137036
5137195
5137278
5137663
5138868
5138920
5139302
5139716
5140338
5140368
5140915
5141018
5141428
5142474
5142762
5143847
5143888
5144444
5144802
5145252
5145478
5146188
5146547
5148038
5148336
5148411
5149478
5149985
5150125
5151007
5152344
5152362
5154739
5156895
5157147
5157635
5158419
5158769
5158854
5158935
5159120
5159417
5160084
5161271
5161917
5162013
5162087
5162397
5162621
5162939
5163548
5163571
5163623
5164063
5164112
5164639
5165188
5165352
5165378
5165899
5166416
5166634
5166751
5167548
5168266
5168423
5168495
5169428
5170091
5170365
5170643
5172336
5172344
5173183
5173900
5173931
5175149
5175537
5175988
5176165
5176294
5176786
5177025
5177338
5177827
5177828
5178073
5179072
5179387
5179682
5179771
5179787
5180283
5180528
5180800
5180844
5180925
5181007
5181229
5182190
5182457
5182537
5183005
5183018
5183638
5184315
5184506
5185094
5186410
5186424
5186800
5186925
5188014
5188501
5188718
5189072
5189188
5189824
5189912
5189977
5190092
5191193
5191196
5191302
5191349
5193379
5193816
5194315
5197046
5197221
5197243
5197686
5198504
5198576
5198586
5198625
5198966
5199077
5199140
5199565
5200312
5200859
5202040
5202610
5204686
5205204
5205604
5205855
5205922
5206668
5207248
5207380
5207817
5208025
5208302
5208463
5209691
5210316
5211034
5211111
5211958
5212191
5212217
5212486
5212931
5213781
5214008
5215086
5215098
5215693
5215894
5215896
5215954
5216591
5216783
5217331
5218208
5218387
5218969
5219487
5219547
5219730
5219856
5220837
5221942
5223328
5223666
5224089
5224917
5225193
5226116
5226942
5227018
5227119
5227377
5227602
5227644
5227797
5228154
5228272
5228379
5229287
5229828
5230271
5231341
5231777
5231842
5231952
5232011
5233292
5233456
5233573
5233839
5233909
5234709
5234833
5234852
5235331
5235677
5235904
5236094
5236543
5236662
5236828
5237611
5237619
5238512
5239087
5239798
5239895
5241063
5242211
5242967
5243047
5243139
5243364
5243488
5244404
5244565
5245115
5245189
5245606
5245655
5245704
5246279
5246509
5246875
5247973
5248518
5248617
5248803
5249011
5249267
5249509
5249628
5249772
5250224
5250280
5250282
5250754
5251086
5251148
5251209
5251961
5252085
5253509
5254137
5254324
5254464
5255462
5255873
5256212
5256859
5257179
5257220
5257289
5257339
5257888
5257938
5258387
5258523
5258616
5259500
5259502
5259503
5259854
5262743
5263280
5263689
5263892
5264195
5265397
5265524
5265966
5266255
5266516
5266609
5267570
5267578
5267730
5268544
5268958
5269275
5269473
5269538
5269825
5271040
5272263
5272622
5272920
5272957
5273485
5274391
5274396
5275592
5275745
5277561
5278315
5278473
5279451
5279658
5279724
5279988
5280560
5281594
5281903
5282965
5283457
5284181
5284571
5284855
5285093
5285477
5285831
5286157
5286530
5286536
5287916
5288260
5289166
5289347
5289368
5290038
5290153
5291792
5292199
5293035
5293054
5293159
5293651
5294075
5295411
5297520
5297569
5297900
5298871
5299303
5299590
5300061
5300333
5301730
5301936
5302077
5302151
5302375
5302505
5302544
5302753
5302834
5302888
5303288
5303480
5303531
5303754
5304751
5306306
5307099
5307231
5307555
5308216
5308511
5310723
5311072
5311339
5311619
5311766
5311947
5312132
5312579
5312941
5313664
5314984
5315783
5315864
5315889
5316243
5316989
5317515
5317958
5318270
5318316
5318874
5318927
5319000
5319125
5320370
5320585
5320712
5320714
5321200
5321300
5322121
5322615
5323171
5323574
5324966
5325074
5325392
5325474
5325746
5326263
5326500
5328689
5328961
5329368
5329382
5330684
5330977
5331420
5332185
5332424
5332578
5332594
5333142
5333337
5333398
5333884
5334833
5335441
5335512
5335887
5336307
5336475
5336915
5337115
5338057
5338179
5338190
5338417
5338813
5339203
5339720
5340139
5340282
5340341
5340390
5341563
5342020
5342172
5342248
5342754
5343081
5343131
5343877
5344154
5344263
5345001
5346215
5346427
5347141
5347613
5349497
5350637
5350645
5351098
5352748
5353092
5353121
5353861
5354373
5355608
5355648
5356847
5356916
5357129
5357520
5357572
5358136
5358207
5358517
5358575
5358762
5358783
5359934
5360664
5360818
5361093
5362042
5362275
5362407
5362811
5364046
5364235
5364882
5365176
5365256
5365327
5366073
5366800
5367277
5368144
5369060
5369315
5369544
5369566
5369780
5370553
5370888
5371213
5371254
5372543
5372561
5372834
5372951
5373290
5373411
5373559
5373770
5374410
5375009
5375143
5375156
5375278
5375825
5376182
5376249
5376409
5376565
5376579
5377235
5377607
5378389
5379333
5379636
5379794
5381582
5382122
5382600
5383341
5383562
5383840
5384519
5385109
5385196
5385344
5385564
5386722
5387936
5388035
5388496
5388673
5389177
5389385
5389584
5389786
5390050
5390057
5390267
5390917
5391872
5392060
5392172
5392783
5394296
5394643
5394829
5395376
5395545
5396099
5398136
5398737
5400064
5400137
5400857
5401322
5401634
5403155
5403829
5404692
5405957
5407248
5407590
5407941
5408126
5408538
5408650
5408732
5409715
5409728
5409764
5409975
5410471
5410775
5410848
5411128
5411186
5411440
5411900
5412650
5413382
5413537
5414903
5414989
5416665
5418713
5419343
5419465
5419531
5421039
5421185
5421474
5421646
5421722
5421817
5421867
5422603
5422900
5424502
5425230
5425751
5426477
5427307
5427365
5427744
5428014
5428031
5428340
5428458
5428758
5429504
5429523
5429626
5430001
5431014
5431722
5433790
5433901
5435101
5435450
5435657
5436321
5436383
5437011
5437841
5438357
5438363
5438482
5438568
5438887
5440499
5441165
5442636
5442819
5443208
5443523
5443543
5443613
5444323
5444478
5444592
5444768
5445199
5445709
5445726
5445854
5446002
5446131
5446138
5446447
5446689
5446832
5448450
5448466
5448495
5448902
5450358
5450912
5451156
5451769
5452165
5453473
5454324
5454396
5454692
5455065
5455569
5456407
5457268
5457286
5458190
5458900
5459256
5460855
5460940
5461184
5461415
5461554
5461766
5461854
5461946
5463561
5463885
5464184
5464371
5464878
5464888
5465110
5465154
5465614
5465640
5466234
5466235
5467871
5468314
5468355
5468845
5469577
5470398
5472245
5473577
5474461
5474739
5474864
5475144
5475264
5475395
5476065
5476726
5476770
5477676
5477983
5479374
5479639
5479977
5480460
5482079
5482433
5482617
5483262
5483575
5484973
5485180
5485458
5485698
5486065
5486447
5487126
5487836
5490066
5490226
5490311
5491292
5491874
5492397
5492625
5492765
5493065
5494120
5494284
5494822
5495373
5495751
5496220
5496514
5496693
5496705
5497039
5498379
5498454
5498480
5498722
5499134
5499506
5499634
5499833
5500653
5500884
5500992
5501000
5501408
5501504
5502136
5502312
5503755
5503869
5504374
5504830
5504967
5506079
5506717
5506984
5507505
5507682
5507938
5508556
5508615
5509297
5509998
5510342
5510409
5510709
5511252
5511629
5511725
5511785
5512309
5513295
5514090
5514389
5514489
5514731
5515023
5516849
5516906
5517386
5517390
5517397
5517880
5518110
5518713
5518938
5519145
5520025
5520658
5520665
5521737
5522545
5523018
5523194
5523641
5523814
5524562
5524995
5525024
5525182
5525336
5525709
5525856
5526307
5526505
5527812
5528037
5528068
5529218
5529309
5530495
5531260
5533345
5533872
5534066
5534220
5534288
5534565
5534573
5535093
5535204
5535613
5536541
5536645
5536814
5536951
5537636
5537947
5538672
5538962
5539503
5539988
5541416
5541633
5542352
5543299
5543427
5543949
5544431
5544958
5545218
5545278
5546589
5546910
5547917
5548440
5548941
5549369
5549448
5549593
5550181
5550202
5550231
5551363
5552039
5552448
5552762
5553379
5553739
5553779
5555016
5555859
5556005
5557330
5558103
5558996
5559276
5559821
5561194
5561341
5561589
5562427
5563599
5563863
5564690
5565070
5565079
5565598
5565903
5566163
5566436
5566870
5567038
5567259
5568224
5569614
5569821
5570152
5570366
5570787
5572034
5572233
5573072
5573315
5574239
5574521
5574751
5575085
5576324
5576506
5577440
5578053
5578063
5578731
5579101
5579198
5579575
5579842
5580266
5580537
5581166
5581746
5581897
5582564
5583353
5583390
5584281
5584343
5584782
5584823
5585293
5585625
5586103
5586202
5586349
5586563
5587890
5588040
5589002
5590125
5590300
5590990
5591299
5591650
5591922
5592281
5592305
5592633
5594011
5594291
5594813
5595155
5595261
5595957
5596686
5596698
5597207
5597913
5598901
5599800
5600057
5601031
5601054
5601622
5602263
5602311
5602727
5602789
5603903
5604200
5604345
5604920
5605701
5606493
5607242
5607353
5608183
5609650
5609850
5610364
5610382
5611732
5612189
5612707
5612824
5613864
5614013
5614738
5615063
5615079
5615290
5616771
5617331
5617780
5618325
5619524
5619784
5620045
5620757
5622292
5623755
5624815
5625513
5626434
5627440
5628737
5629135
5629179
5629612
5629831
5629838
5630190
5630431
5630490
5631293
5631323
5631754
5631849
5632228
5632518
5632896
5633131
5633204
5633441
5633590
5634213
5634546
5635015
5635216
5636509
5636758
5636819
5637677
5637951
5638158
5638226
5639555
5640670
5641060
5641731
5641942
5642672
5643370
5643851
5644650
5644814
5645274
5646003
5646401
5646660
5646797
5647295
5647351
5647900
5647919
5648397
5648480
5649220
5650019
5650272
5650326
5650606
5650789
5651625
5652003
5652233
5652440
5652876
5653038
5653591
5654334
5654989
5655866
5655905
5656478
5656633
5656756
5657429
5657594
5658513
5658623
5659900
5660334
5660563
5660644
5661770
5661834
5662471
5664020
5664267
5664590
5665197
5665485
5665573
5666014
5666384
5666819
5667481
5668601
5668736
5669188
5669747
5669958
5670649
5671089
5671239
5671426
5672310
5673367
5673990
5674039
5674662
5675374
5676187
5676423
5676723
5676819
5676920
5677925
5678069
5678555
5678699
5679319
5679767
5681014
5681109
5681445
5682068
5682301
5682881
5683145
5683177
5683393
5683673
5684511
5685959
5686563
5686710
5686960
5686968
5689042
5689208
5689538
5689696
5690398
5692708
5692798
5692836
5693811
5694792
5695194
5696809
5697529
5697733
5698051
5698151
5698256
5699067
5700719
5702373
5704210
5704277
5704349
5704645
5704878
5704998
5705869
5706187
5706419
5706713
5707476
5707569
5707654
5709092
5709642
5710041
5711099
5711546
5711673
5711716
5712142
5712843
5713013
5713338
5714024
5714274
5715330
5716124
5716252
5717671
5717764
5717866
5718240
5718387
5718655
5718701
5718791
5718882
5719016
5719153
5719255
5719979
5721166
5721441
5722641
5723311
5723378
5724192
5724341
5724563
5724571
5725779
5727420
5727920
5728613
5729881
5730383
5731301
5732245
5732536
5733358
5733518
5733803
5733906
5734530
5734571
5734747
5735219
5735544
5736798
5738105
5738904
5740167
5740641
5740695
5741429
5741975
5742415
5742881
5743158
5744310
5744402
5745003
5746469
5750560
5751181
5751937
5751979
5752028
5752516
5752595
5753116
5753605
5754341
5754754
5754959
5755203
5755494
5756332
5757331
5757697
5757955
5758367
5758450
5759515
5760649
5760976
5761498
5762028
5762041
5762490
5763502
5763866
5764064
5764455
5764888
5765126
5765150
5766979
5767466
5767967
5768053
5769081
5770656
5771444
5771524
5772018
5772419
5772824
5773467
5773494
5773788
5774339
5774343
5775404
5776018
5776143
5776692
5777360
5777923
5777992
5778123
5778418
5778594
5778641
5778658
5779274
5780807
5781146
5781342
5782479
5782778
5783225
5784048
5784400
5785655
5786092
5786913
5787437
5788204
5788359
5788436
5788573
5788581
5788720
5788939
5789627
5789711
5789799
5790117
5790213
5791186
5791468
5791483
5791909
5792085
5792532
5792648
5792828
5792952
5795437
5795471
5795546
5795839
5796385
5797785
5798637
5798785
5799313
5799681
5800694
5800722
5800747
5801077
5801715
5801900
5802535
5803121
5803381
5803441
5803659
5804186
5805231
5805788
5806281
5806365
5807461
5807709
5807986
5808397
5808538
5809864
5809894
5809957
5809992
5811092
5811115
5812139
5812347
5813631
5815305
5815622
5815993
5816070
5816277
5817048
5817240
5818643
5818701
5819239
5819547
5819756
5819913
5820094
5820821
5821300
5821424
5821442
5822135
5822655
5824257
5824347
5824412
5824814
5825486
5825674
5826496
5826607
5827445
5827468
5828597
5829779
5831039
5831092
5832040
5832111
5832645
5832659
5832757
5833993
5834158
5834233
5835007
5835602
5836179
5836776
5837100
5837534
5838296
5838387
5838409
5840843
5840920
5842082
5842830
5842934
5843421
5843473
5843656
5843787
5844266
5844922
5845116
5845486
5845922
5846312
5847368
5847668
5847983
5848103
5848238
5848325
5848467
5849632
5850673
5852310
5852730
5853200
5853693
5853875
5855016
5857530
5857573
5857979
5858965
5859195
5859846
5860505
5860695
5861327
5861982
5862097
5862289
5862358
5862967
5862976
5864483
5864975
5865252
5866241
5866816
5867878
5868187
5868440
5868571
5869138
5869759
5871817
5872192
5872624
5873630
5873687
5874358
5874677
5874896
5874899
5875086
5875863
5875916
5876641
5877905
5878061
5878465
5878475
5878603
5879552
5880128
5881221
5882116
5882616
5882795
5884624
5884682
5884782
5884974
5885251
5885566
5885779
5886619
5887591
5887627
5887642
5887982
5888860
5889784
5889868
5890203
5890714
5890816
5891103
5891125
5892364
5892372
5892459
5892825
5893247
5893564
5893686
5893965
5894626
5894812
5895296
5895574
5896383
5897121
5897828
5897963
5898055
5898194
5899381
5899465
5900069
5900928
5901356
5902050
5902052
5902535
5902805
5903881
5903926
5903961
5904502
5904631
5904689
5904770
5905236
5905683
5905736
5907537
5909316
5909634
5909702
5910471
5910701
5910876
5911969
5913750
5914012
5914639
5914771
5914806
5915173
5916867
5917638
5917685
5921806
5922413
5923205
5923387
5923798
5924058
5924082
5924880
5925432
5925692
5926179
5926420
5927753
5928099
5928282
5928595
5928635
5929113
5929358
5929805
5930193
5932209
5932266
5932270
5932631
5933050
5933622
5933902
5935084
5936359
5936537
5936818
5937180
5937256
5937431
5938656
5938708
5938863
5938946
5940127
5940383
5940657
5940668
5940843
5940871
5940999
5941078
5941149
5941761
5942217
5942629
5943091
5943106
5943126
5944379
5945384
5945678
5946447
5946673
5946937
5947599
5947846
5947886
5950247
5950500
5950859
5950918
5951039
5951098
5951921
5952410
5952508
5953051
5953422
5954013
5954559
5954646
5955738
5956066
5956671
5958292
5958711
5959143
5959475
5959725
5960172
5960224
5960594
5960841
5961532
5961904
5962022
5963289
5963796
5964064
5964340
5964570
5964662
5965015
5965334
5965576
5965593
5965645
5966691
5967381
5967509
5967945
5968941
5968976
5970723
5970752
5970866
5971971
5972154
5973178
5973609
5974380
5974584
5974617
5974735
5974780
5975306
5975976
5975994
5976280
5976323
5977585
5979399
5980337
5980628
5980832
5981785
5981901
5981942
5982542
5982882
5983373
5983394
5983779
5984692
5985095
5986780
5986815
5987816
5989527
5989661
5990264
5990563
5991895
5992105
5992470
5992560
5992860
5992882
5992977
5993114
5993342
5993713
5994012
5994039
5994213
5994572
5995593
5996161
5996397
5997527
5997630
5998055
5998084
5998182
5998508
5999326
5999613
5999661
5999889
6000899
6000986
6001148
6001370
6001492
6001573
6001699
6003154
6003861
6004195
6004426
6005348
6005619
6005766
6006111
6007093
6007873
6008100
6008189
6008732
6009422
6009557
6009913
6011873
6012126
6012178
6012273
6012780
6013044
6013121
6013125
6013529
6014360
6014613
6015074
6015155
6015607
6015622
6016062
6017194
6017440
6017505
6018217
6018599
6019005
6019212
6019615
6019674
6019876
6020047
6020369
6020431
6020476
6020598
6020626
6021054
6022131
6022446
6023383
6023982
6023989
6024114
6024136
6024468
6024852
6025198
6027450
6027595
6027655
6028075
6028708
6028780
6030124
6030562
6030722
6031087
6031127
6031366
6031832
6032904
6032916
6033862
6034589
6034842
6035658
6036849
6036992
6037453
6038654
6039152
6039233
6040079
6040553
6041735
6041930
6042487
6043493
6043523
6043849
6044827
6044838
6044960
6046084
6046118
6047961
6049354
6050193
6050375
6050763
6051227
6052474
6052770
6053010
6053129
6053470
6053765
6054115
6054213
6054594
6054833
6054902
6055119
6055935
6057016
6057992
6058428
6058661
6058667
6058819
6059782
6059875
6060602
6060639
6060843
6061301
6061390
6061745
6063487
6063494
6064508
6064877
6064979
6065297
6066245
6066364
6066428
6067368
6068285
6068389
6068431
6068760
6069137
6069255
6069639
6070056
6070059
6070510
6070732
6070935
6071126
6071982
6072151
6072869
6073462
6073555
6073959
6074256
6074259
6074977
6076029
6076069
6076902
6077581
6077666
6077728
6078084
6078246
6078301
6079185
6079893
6080198
6080368
6080530
6081217
6081241
6081316
6082589
6082667
6082756
6083797
6084716
6085100
6086021
6086154
6086254
6087818
6088015
6088287
6088746
6090630
6091062
6091757
6091771
6092673
6093260
6093303
6093426
6093847
6093864
6094140
6094286
6094576
6094651
6095538
6095946
6096898
6098544
6099262
6099766
6100434
6101204
6101565
6102050
6103573
6105231
6107369
6107392
6109052
6109253
6110030
6110068
6110332
6110360
6110969
6111770
6111825
6112740
6112997
6113304
6113330
6113462
6113540
6113545
6114034
6114218
6114245
6114430
6115237
6115610
6117196
6117718
6118063
6118402
6119185
6121014
6121414
6121633
6121708
6121893
6122051
6122197
6122327
6123317
6125085
6126017
6126079
6126376
6126734
6126815
6127302
6128059
6128743
6130702
6130975
6132351
6132778
6133084
6133825
6134760
6135292
6136736
6137004
6137032
6137466
6137538
6138066
6138153
6138486
6138678
6138691
6140510
6140562
6141018
6141650
6144562
6145459
6145621
6145833
6147448
6148900
6149405
6150076
6150577
6151114
6152029
6152460
6152880
6153319
6154263
6154957
6156491
6156717
6156925
6157179
6157670
6158544
6159573
6159725
6159744
6160324
6160413
6160705
6160741
6161160
6161422
6161478
6161647
6163025
6163143
6164141
6165932
6166071
6167888
6167919
6168678
6168748
6169043
6170787
6170941
6171016
6171193
6171519
6173584
6174022
6174234
6174657
6174861
6174970
6175365
6176819
6178119
6178528
6179911
6180270
6180878
6181703
6182742
6183066
6183211
6183289
6183949
6184339
6184381
6184530
6184620
6184709
6185704
6187089
6187119
6187854
6187867
6188393
6189102
6189106
6189771
6191646
6191821
6192671
6192945
6194106
6194545
6194666
6194836
6194897
6196009
6196353
6196568
6196571
6197305
6197667
6197906
6198090
6198645
6199020
6199140
6201504
6202491
6203301
6203440
6204613
6204736
6205160
6205226
6205680
6205702
6206861
6207674
6208142
6208212
6208462
6209037
6209409
6209508
6210368
6210555
6211240
6211562
6211743
6212232
6213331
6213401
6214376
6214933
6215306
6216075
6216587
6216689
6216893
6217569
6218374
6218705
6220588
6221656
6221770
6221937
6221968
6221992
6222027
6224593
6225179
6225426
6225610
6225977
6226580
6227345
6227410
6228053
6228708
6228721
6229097
6230433
6230598
6231425
6231864
6232150
6232331
6233364
6233428
6233531
6233588
6233679
6234571
6234815
6235001
6235357
6235607
6236081
6236758
6237664
6238133
6238199
6238493
6238694
6238990
6239525
6239930
6243784
6244250
6244596
6245310
6245489
6246384
6246445
6246863
6247167
6247678
6248294
6248936
6248940
6249097
6249229
6249435
6249565
6250962
6251423
6252098
6252505
6252530
6252553
6253298
6253877
6254464
6256042
6256976
6257751
6257809
6257840
6258155
6258905
6259675
6259906
6260030
6260146
6260257
6261139
6261904
6262074
6262720
6262884
6263077
6263245
6264050
6264778
6265599
6265977
6266399
6267074
6267137
6267383
6267739
6268383
6268899
6268970
6269006
6269763
6269973
6270235
6270376
6270423
6271587
6271941
6272025
6272412
6272950
6274779
6275297
6276715
6276726
6276734
6276749
6277283
6277846
6278129
6278151
6279074
6279980
6280283
6280596
6280697
6281266
6281910
6283974
6284680
6284768
6285114
6285406
6286374
6286695
6286705
6286863
6287949
6288822
6289195
6289370
6290204
6290691
6291193
6291910
6294900
6295281
6296079
6296197
6296376
6296482
6296908
6297059
6297199
6297930
6298217
6298389
6298550
6298595
6299847
6300124
6300663
6301017
6301391
6301751
6301752
6303198
6303391
6304810
6305577
6305587
6306478
6307696
6308191
6309273
6310657
6311251
6311987
6313280
6313949
6314207
6314275
6316031
6316234
6316785
6316968
6317367
6317871
6317984
6318374
6319469
6319511
6320127
6320449
6320522
6320532
6321086
6321155
6321645
6321926
6322828
6323018
6323906
6324302
6325117
6325586
6325678
6325956
6325988
6326487
6328037
6328684
6328840
6329016
6329306
6329389
6329492
6329553
6329793
6330375
6330740
6331236
6331767
6331853
6331939
6332354
6332872
6332956
6333193
6333803
6334659
6334798
6334977
6336126
6336824
6336956
6337322
6337687
6338186
6338956
6339140
6339997
6340253
6340616
6341247
6343154
6343373
6343779
6344436
6346029
6346090
6346096
6346123
6346598
6346871
6347712
6348112
6348797
6348908
6350526
6350595
6350864
6351364
6351428
6351810
6351822
6351830
6351854
6351877
6352789
6353603
6353758
6354639
6354702
6355571
6356777
6356852
6357263
6358983
6359192
6359291
6360074
6360614
6360830
6361789
6361933
6363424
6364219
6365306
6366697
6367020
6367041
6368098
6368874
6369044
6369048
6371171
6371219
6371276
6371477
6372352
6372361
6372757
6373455
6374986
6375797
6375821
6377413
6377994
6378371
6378445
6380121
6381093
6382642
6383072
6383743
6384143
6384444
6384739
6385808
6386208
6386209
6386216
6388850
6389123
6389126
6389535
6390055
6390711
6390896
6392284
6393308
6393405
6393829
6393880
6394274
6395370
6395661
6395834
6396016
6397433
6397921
6398511
6398932
6399105
6399331
6400912
6401186
6402123
6402549
6402833
6403315
6403493
6403895
6404008
6404071
6404236
6405484
6406550
6408279
6408980
6409357
6409485
6410325
6410726
6410973
6411567
6411608
6411739
6412275
6412371
6412553
6412732
6412791
6413157
6413362
6413642
6413730
6414060
6414207
6414399
6414495
6414618
6415378
6416819
6417432
6417955
6418405
6419160
6419510
6419519
6420023
6420244
6420292
6421822
6421833
6421862
6421925
6422682
6422981
6422997
6423299
6423822
6423921
6424073
6424184
6424765
6426008
6426799
6427098
6427667
6427778
6427822
6427973
6428505
6428695
6428822
6428930
6429025
6429184
6429658
6429861
6430727
6431700
6431843
6432025
6432214
6432285
6432292
6433288
6433821
6434112
6434440
6435353
6435778
6436689
6437031
6437332
6437421
6437665
6437881
6438327
6438462
6438921
6439156
6439456
6439727
6440324
6440362
6441347
6442033
6443341
6444280
6444369
6444584
6444953
6444968
6445673
6446240
6446790
6448587
6448877
6449025
6449750
6450156
6450740
6450920
6451030
6451185
6451501
6452666
6452975
6453809
6455356
6456859
6458667
6458890
6458908
6459478
6459548
6459693
6459801
6460428
6461689
6462476
6462597
6462702
6462808
6462883
6463896
6464103
6464226
6464377
6464883
6465012
6465040
6465070
6465296
6465304
6466508
6466987
6467227
6467788
6468018
6468121
6470487
6470957
6471381
6472073
6473207
6474581
6474606
6475281
6475828
6475900
6476214
6476441
6476584
6476967
6477111
6477134
6477981
6478514
6480344
6480570
6480648
6480705
6480758
6480791
6480811
6481131
6481589
6481984
6482298
6482765
6482877
6483109
6483592
6483675
6484268
6485033
6485783
6485978
6486275
6488418
6488446
6488998
6489747
6490633
6491297
6491299
6494518
6494808
6495228
6495250
6496122
6496189
6496823
6496891
6497173
6497591
6497740
6498634
6500330
6500473
6500677
6500732
6502243
6502342
6502397
6502503
6502504
6503776
6504264
6505165
6505451
6505719
6506845
6507461
6507789
6507933
6508305
6508763
6508883
6509837
6510398
6510947
6512390
6512478
6512538
6512689
6512726
6513002
6513188
6513250
6514234
6514614
6514986
6515239
6515608
6515692
6515870
6515995
6516655
6517265
6518312
6518715
6519221
6520089
6521065
6521150
6521249
6521430
6521689
6521769
6521992
6522577
6523980
6524436
6524620
6525289
6525577
6525699
6526162
6527317
6528284
6528304
6528513
6529335
6529796
6529825
6530274
6531465
6531843
6531883
6532221
6532522
6532671
6532976
6533327
6534040
6534946
6535578
6536011
6536964
6537267
6537322
6537943
6538270
6538999
6539164
6539334
6539480
6539608
6540480
6540527
6540759
6541190
6541315
6542332
6542508
6542893
6544202
6545586
6546124
6546941
6547689
6547968
6548551
6548671
6549050
6549352
6549490
6551247
6551432
6552258
6552392
6553099
6553145
6553601
6554493
6554711
6554904
6555868
6556098
6556141
6556441
6556600
6556966
6557250
6557630
6557678
6558159
6558221
6559031
6559104
6559525
6562307
6563533
6564725
6565229
6565673
6565705
6565742
6566340
6567120
6568915
6569065
6569621
6569674
6569934
6570203
6570543
6570588
6570681
6572274
6572286
6572288
6573988
6574252
6574985
6575139
6575874
6576370
6576470
6576961
6577594
6577745
6577764
6577786
6578231
6578789
6579507
6580940
6581795
6583080
6583992
6584055
6584869
6584903
6585031
6586308
6589108
6589722
6589905
6590556
6590908
6591395
6591935
6592111
6592891
6594383
6594586
6594848
6596144
6596557
6596955
6597085
6597617
6597760
6598115
6598194
6598370
6600061
6601314
6601933
6602956
6603849
6604012
6605582
6607084
6607745
6608725
6608950
6609475
6609739
6609910
6610252
6611576
6611738
6612163
6612169
6612536
6612592
6612988
6613153
6613943
6614644
6615271
6615904
6617661
6617762
6618278
6618859
6619334
6619793
6621023
6621292
6621296
6622082
6622432
6623329
6623358
6624257
6624588
6624875
6625506
6625785
6626110
6626471
6627018
6629541
6630889
6630920
6630930
6631330
6632513
6632709
6632941
6634054
6634192
6634731
6634761
6634899
6635105
6635633
6635687
6636225
6636565
6636871
6637055
6637582
6637851
6637873
6638196
6639204
6640723
6640929
6641226
6642408
6642927
6642948
6643102
6643105
6643239
6643645
6643784
6643949
6645469
6647853
6649187
6649626
6650708
6651790
6651989
6652023
6653480
6653602
6654203
6655845
6656159
6656305
6657130
6657556
6657999
6658028
6658216
6658311
6658703
6659039
6659088
6659663
6659949
6660073
6660584
6661269
6661594
6661695
6661729
6662021
6662405
6662842
6663344
6664075
6664367
6664731
6664909
6665141
6665459
6665602
6665673
6666220
6666833
6667115
6667379
6667504
6667895
6668992
6669385
6669461
6671344
6671503
6672005
6672849
6673014
6673206
6673248
6673638
6673945
6676367
6676432
6676482
6677652
6677677
6678765
6678826
6679162
6679787
6679939
6680630
6680821
6680872
6681006
6681053
6681935
6682903
6682920
6683112
6683769
6684650
6685355
6685437
6685967
6686230
6687673
6688603
6688891
6690004
6690603
6690741
6690961
6691021
6691335
6691470
6692047
6693327
6694399
6694454
6694639
6695061
6695084
6695086
6695238
6695247
6696145
6697440
6699154
6699533
6699969
6700644
6701023
6701693
6702762
6702861
6703775
6705017
6705509
6706268
6706717
6706767
6706948
6707703
6707853
6709454
6710153
6710920
6711534
6712433
6714416
6714981
6715616
6716216
6716628
6717847
6717849
6719006
6719056
6719551
6720272
6722842
6723321
6723542
6723609
6724356
6724545
6724631
6724889
6725069
6725400
6726336
6726897
6727352
6727432
6727976
6728367
6728946
6729447
6730140
6730207
6730234
6730651
6730654
6730713
6730728
6731461
6732523
6733397
6733576
6734377
6734741
6734774
6735215
6736613
6736858
6736963
6737316
6737495
6737648
6737908
6737987
6738117
6738339
6738457
6739709
6740095
6740569
6740940
6741341
6741514
6741579
6741769
6741984
6742963
6743439
6743928
6745231
6745699
6746111
6746127
6747041
6747056
6747120
6747607
6748770
6749067
6749529
6750719
6752111
6752212
6752427
6752599
6752879
6753608
6756188
6756350
6757321
6757525
6757752
6758291
6759314
6760557
6760657
6762132
6762631
6763375
6763578
6765093
6766057
6766788
6766833
6767172
6767319
6767562
6767600
6767712
6768753
6768876
6769200
6770191
6770583
6771858
6771960
6772875
6773385
6773422
6773657
6774093
6774690
6774716
6775395
6775606
6775998
6776095
6776361
6776540
6776611
6776649
6776702
6776778
6777928
6778926
6779093
6779209
6779367
6780792
6780992
6781373
6781525
6781612
6781734
6781869
6782586
6782779
6782799
6783667
6783800
6785254
6786628
6787350
6788752
6788878
6789274
6789757
6790030
6790351
6790652
6791393
6791768
6791854
6792479
6792616
6793552
6794454
6794634
6794725
6794761
6794939
6795230
6795457
6796403
6796546
6796919
6796925
6797746
6797821
6798309
6798401
6799156
6799187
6799619
6800532
6801254
6801498
6801710
6801740
6802330
6802779
6803098
6803163
6804296
6804610
6804933
6804952
6805120
6805951
6806688
6806776
6807457
6808166
6808286
6809062
6809579
6811306
6812041
6812159
6812364
6812532
6813501
6814265
6814366
6814727
6814910
6815157
6815293
6816120
6816275
6818106
6818251
6818359
6818601
6819326
6819713
6819793
6819833
6820078
6820375
6821023
6821132
6821525
6822466
6822580
6822717
6823891
6824203
6824379
6824712
6826547
6826718
6826812
6827065
6827222
6827251
6827324
6828457
6828494
6828647
6828915
6828955
6829076
6829933
6831706
6833333
6834120
6834239
6834313
6835130
6835213
6835303
6836131
6837393
6838232
6839502
6839515
6839605
6840569
6842520
6843590
6844109
6844269
6844300
6845037
6845039
6845303
6845344
6846084
6846459
6846865
6847546
6848222
6848512
6848581
6849959
6850187
6850519
6850734
6851123
6851493
6851927
6852007
6852194
6852525
6852616
6852657
6853348
6853601
6853733
6854194
6854336
6854339
6854525
6855260
6855784
6856260
6856475
6856748
6856920
6857809
6858812
6860718
6862585
6862923
6862951
6863518
6864183
6864535
6864991
6865924
6865935
6866353
6866481
6866972
6867554
6868363
6868885
6869383
6869457
6869637
6869801
6870047
6870215
6871606
6872355
6872433
6872601
6874034
6875339
6875424
6875427
6875827
6875863
6876327
6876600
6876867
6877069
6878989
6879052
6879252
6879999
6881230
6881683
6882911
6883442
6883674
6883770
6883812
6884170
6884330
6884784
6885697
6885793
6886802
6887254
6887478
6887527
6887877
6888282
6889286
6889983
6890371
6890792
6891959
6892125
6892164
6892400
6892434
6892517
6893756
6895273
6897238
6897551
6898185
6899292
6900328
6901514
6901617
6901754
6902483
6903321
6904586
6904791
6905435
6905514
6905608
6906578
6906635
6906787
6907651
6907809
6908113
6908734
6908775
6908938
6909069
6909333
6909431
6909500
6910886
6911366
6911722
6912076
6912200
6912363
6913300
6913390
6914412
6914816
6915086
6915637
6916129
6916238
6916530
6917426
6917847
6918300
6918503
6919431
6921527
6921546
6921906
6922194
6922442
6922445
6922993
6923232
6923364
6923807
6924610
6924615
6925150
6927312
6928032
6928150
6928218
6928308
6930324
6930459
6930624
6931100
6932417
6932459
6933167
6933169
6933754
6934332
6934810
6935305
6935536
6936170
6937335
6937723
6937874
6938217
6938219
6938439
6938711
6939857
6939907
6939994
6941823
6942372
6942403
6942899
6943731
6945286
6946451
6947039
6947266
6948031
6948101
6948616
6948929
6949034
6949273
6949448
6950256
6950364
6950512
6950742
6951849
6952165
6952316
6952348
6952521
6952634
6953699
6953725
6954267
6955086
6955113
6955154
6955532
6955854
6957444
6958388
6958494
6958793
6959183
6959421
6959447
6959626
6960130
6960728
6960745
6961270
6961566
6961910
6961940
6961959
6962092
6962343
6962840
6962934
6963414
6963433
6963795
6964875
6965281
6965453
6965963
6965990
6966278
6966749
6967061
6967313
6967572
6968392
6968791
6969155
6969166
6969435
6970455
6970501
6970724
6971185
6971482
6971547
6971615
6972424
6972760
6972801
6973027
6973554
6974730
6974885
6975222
6975540
6975844
6978858
6980131
6981070
6982105
6983717
6984568
6985664
6986347
6986885
6988698
6988803
6990030
6990081
6990782
6992026
6992367
6992777
6993811
6994339
6994673
6994725
6994751
6995020
6995145
6995306
6995347
6995498
6996202
6996403
6996476
6996710
6997609
6998395
7000109
7000531
7001352
7001705
7002369
7004189
7004455
7005265
7006332
7007451
7008311
7008547
7008650
7009546
7010125
7010421
7010539
7011405
7012265
7012421
7012551
7012559
7012808
7013075
7013700
7013787
7014078
7014281
7015302
7016104
7016481
7017828
7018125
7018347
7018384
7019856
7020111
7020835
7021433
7021727
7022203
7022214
7023072
7023345
7023673
7024421
7024647
7025055
7026657
7026811
7029131
7029214
7029745
7030827
7031178
7031182
7034191
7034440
7035224
7036247
7036697
7036975
7037648
7037847
7038251
7038529
7038563
7038790
7039176
7039691
7043270
7043562
7045711
7045877
7046604
7046656
7047020
7047110
7047499
7047817
7048446
7048956
7050526
7050715
7051926
7052423
7053273
7053468
7053600
7053841
7054382
7054655
7054716
7054761
7055088
7055435
7056549
7057371
7058554
7058976
7059126
7059590
7059667
7060275
7060985
7061319
7061449
7061638
7062222
7062420
7066072
7066716
7066993
7067187
7067398
7067902
7067934
7069576
7070459
7070830
7071098
7071243
7072393
7072710
7073939
7073945
7074236
7074277
7076251
7076256
7076469
7076510
7077048
7077064
7079055
7079385
7079632
7079896
7080024
7080307
7081917
7082981
7083002
7083012
7083491
7084254
7085091
7085169
7085965
7086699
7087420
7087421
7087878
7087883
7088060
7090734
7090907
7091230
7091547
7091647
7092070
7092747
7093174
7093546
7094473
7094839
7095245
7096020
7096545
7096678
7097187
7097349
7098309
7098530
7098698
7098990
7100463
7100812
7102069
7102158
7102594
7104095
7104563
7104663
7104885
7104970
7105670
7106051
7107010
7107109
7107471
7108007
7108374
7108569
7108717
7108737
7109015
7109247
7109289
7109595
7109974
7110298
7112155
7112439
7113449
7113610
7114297
7115425
7117283
7117926
7120119
7120440
7120485
7121081
7122413
7123197
7123905
7124678
7124888
7126893
7127225
7128121
7128876
7129017
7131423
7131698
7133218
7134227
7135076
7136437
7139642
7139746
7140419
7140518
7140603
7141423
7141498
7141883
7144203
7144215
7144220
7144397
7144437
7145208
7145734
7146193
7146445
7146691
7146852
7146874
7148114
7148137
7149005
7149016
7149239
7149341
7149450
7149472
7150687
7150688
7151395
7153106
7154435
7154962
7155152
7155621
7155747
7156082
7156415
7157527
7157695
7157769
7157983
7158916
7159946
7160169
7160919
7161397
7161992
7162879
7163416
7163911
7164391
7164726
7165840
7165992
7166194
7166265
7166892
7167410
7167647
7167765
7168392
7168482
7168753
7170781
7171216
7171332
7171451
7172985
7173167
7173851
7173852
7174589
7175439
7175921
7176162
7176168
7176179
7178229
7178605
7178729
7178979
7179575
7180349
7180559
7180688
7180850
7181051
7181564
7181752
7181812
7181859
7181880
7181978
7182283
7182295
7182942
7183238
7183478
7184825
7184897
7185008
7186865
7188288
7188392
7189164
7189374
7189765
7190152
7190727
7190821
7192110
7192456
7192545
7192660
7192845
7193075
7193200
7193689
7193975
7194534
7194625
7195137
7195390
7195651
7195657
7196510
7197544
7198177
7198797
7198888
7199104
7199360
7199417
7200215
7201056
7201241
7202079
7202156
7202369
7202472
7203269
7204059
7204090
7204212
7205564
7205640
7206188
7206219
7206349
7206671
7207724
7207990
7207998
7208423
7208942
7209623
7211139
7212124
7212519
7215317
7215489
7216381
7216773
7216840
7217382
7217515
7217934
7218108
7218526
7218888
7218892
7219217
7219378
7219413
7219501
7220372
7220456
7220489
7221976
7223012
7223813
7224027
7225145
7225403
7226868
7227219
7227282
7227407
7227650
7228113
7228722
7228765
7229060
7230228
7230326
7233797
7234294
7234499
7235271
7235587
7235930
7237062
7237149
7237774
7237999
7238042
7238749
7238757
7239257
7239380
7239489
7239856
7240149
7240159
7241075
7241324
7241626
7243145
7243423
7243561
7243670
7244810
7245541
7245868
7246018
7246022
7246096
7246248
7246445
7246448
7246649
7246828
7247625
7248747
7249356
7249649
7249761
7250080
7252293
7253571
7253844
7254371
7255261
7255904
7256221
7258531
7258808
7259020
7259148
7259384
7259952
7261963
7262180
7262678
7262881
7263119
7263167
7263945
7264017
7264197
7264227
7264310
7264927
7264987
7265587
7265726
7265942
7267599
7268093
7268340
7269406
7270916
7271058
7271596
7273250
7273726
7274326
7275238
7275754
7275758
7276961
7277089
7277813
7277938
7278320
7278544
7279925
7280680
7281199
7281445
7281499
7282260
7282820
7282929
7283311
7283362
7283452
7283843
7284030
7284882
7286252
7286384
7286608
7287906
7289227
7289439
7289503
7290592
7290730
7291363
7291680
7292871
7292976
7293173
7294304
7294372
7294444
7294684
7294859
7295323
7295376
7296410
7297857
7298661
7299701
7300269
7300422
7300914
7301025
7301718
7301795
7301874
7301948
7302433
7302520
7302531
7303338
7303515
7303902
7304419
7304464
7304636
7304895
7305021
7305388
7305581
7305897
7306764
7306781
7307619
7307860
7308378
7310519
7311157
7311435
7311613
7312135
7312618
7312787
7314767
7315318
7315929
7316360
7316907
7316960
7317004
7317319
7318528
7318624
7320656
7321865
7322268
7322353
7322878
7323031
7323365
7323630
7325451
7325897
7326318
7326676
7327050
7327332
7328439
7329133
7329436
7329926
7330842
7331033
7331486
7331646
7332072
7332925
7332998
7333037
7333695
7333894
7334470
7334923
7335539
7336693
7337116
7337846
7338137
7338361
7338693
7338856
7339643
7339947
7341508
7341739
7342153
7342713
7342771
7343158
7344596
7345182
7345512
7346316
7346783
7347076
7347264
7347730
7348935
7348944
7350571
7351006
7351646
7352198
7353914
7354452
7354972
7355352
7356094
7356699
7356878
7357317
7358342
7358486
7358781
7358841
7361774
7362299
7362323
7362652
7362751
7362779
7362810
7363261
7363918
7364694
7364713
7365791
7366474
7366763
7367017
7367131
7367334
7367690
7368164
7368192
7368495
7368706
7369342
7369741
7370530
7372124
7372275
7372967
7373020
7373351
7373418
7373841
7374384
7374955
7375589
7375933
7376387
7377209
7377344
7378919
7379150
7379473
7379716
7380699
7380873
7381850
7381977
7383680
7384326
7384946
7385075
7385225
7385728
7386042
7386369
7387812
7388427
7388645
7389110
7389481
7389800
7389943
7390195
7390447
7390831
7391408
7391952
7392456
7392844
7393430
7394006
7394088
7394097
7394517
7394839
7395287
7395470
7396045
7397393
7397510
7398206
7398833
7399312
7399869
7400003
7400872
7400874
7402067
7402721
7404143
7404556
7405019
7406120
7406553
7406628
7406716
7407230
7407535
7407613
7408603
7409192
7409841
7410375
7410409
7411179
7411423
7411467
7412787
7412842
7413744
7413930
7414578
7414801
7416935
7418321
7418723
7418775
7418788
7419494
7419610
7420503
7420847
7421614
7423308
7423643
7423983
7424356
7424962
7425632
7425744
7425906
7426004
7426201
7426495
7426633
7426890
7427129
7428203
7428569
7429495
7429749
7430448
7431041
7431764
7431878
7432505
7432576
7432615
7432986
7433376
7434172
7434431
7434737
7435345
7435841
7435864
7436252
7436480
7436601
7436661
7436777
7437242
7437392
7437997
7438221
7438457
7438540
7439335
7439811
7440867
7441111
7441978
7443340
7444744
7445354
7445581
7445762
7445942
7446473
7448243
7448567
7448626
7449168
7449428
7449830
7450016
7450148
7450392
7450411
7450456
7450487
7450535
7450552
7450816
7451573
7451991
7452143
7453685
7454178
7455217
7455282
7455459
7457669
7458150
7458637
7458690
7458954
7460413
7460475
7461240
7461935
7461956
7462272
7462535
7462630
7462916
7462972
7463164
7463274
7464572
7465411
7465572
7466089
7466829
7467035
7467635
7468037
7468216
7468368
7468525
7468532
7471307
7471342
7471386
7473122
7473593
7473941
7473948
7474440
7475977
7476058
7476262
7476407
7477839
7478421
7478624
7478712
7478714
7479102
7479317
7479691
7480914
7481228
7481424
7482313
7482349
7482457
7482916
7483336
7483385
7483759
7484181
7484411
7484908
7486865
7487221
7488420
7490170
7491153
7491335
7491341
7491408
7491487
7491671
7493088
7493784
7493900
7494745
7496283
7496669
7496961
7496994
7498233
7498406
7500242
7500464
7503542
7503744
7503913
7504542
7504681
7504927
7505333
7505520
7505615
7506772
7506891
7507432
7508434
7508990
7510258
7511439
7511894
7512029
7512602
7513109
7513235
7513378
7515497
7516760
7517019
7517087
7518096
7519250
7519834
7522758
7523902
7524202
7524326
7525638
7525889
7526675
7526715
7526729
7526810
7529019
7529754
7529782
7530735
7531625
7531728
7532069
7532155
7532256
7532974
7533541
7533658
7533875
7533879
7534659
7534666
7535989
7537737
7537974
7538405
7539187
7539732
7539741
7540364
7541226
7541498
7542208
7543528
7543706
7543851
7545008
7545089
7545524
7545648
7546086
7546871
7547078
7547760
7549288
7549519
7550409
7550818
7551405
7551730
7552597
7553233
7553281
7554653
7556212
7556480
7556503
7556918
7558105
7558275
7558319
7558963
7560953
7561470
7562296
7563331
7563733
7563893
7564100
7564134
7565057
7565219
7565280
7565304
7565923
7566157
7567034
7567063
7567167
7567183
7568499
7568681
7569758
7569788
7570404
7570912
7571768
7573268
7573303
7573343
7573523
7574483
7574491
7574620
7575144
7575251
7575651
7576330
7576536
7576881
7578289
7578902
7579006
7579104
7579557
7579886
7579959
7581549
7581828
7582450
7583002
7583639
7585360
7586714
7587243
7587254
7587581
7587623
7587996
7588122
7588147
7588199
7589235
7589483
7590184
7590438
7590914
7591358
7591577
7592901
7593493
7594597
7596497
7596681
7596745
7596976
7599134
7599227
7599249
7599660
7599996
7601090
7601465
7602130
7602405
7602610
7603225
7603531
7604127
7604320
7604356
7604389
7605063
7606430
7606526
7606531
7606591
7607809
7608392
7609700
7609881
7611049
7611134
7611245
7611454
7613146
7614379
7615132
7615465
7615602
7615701
7616385
7617201
7617702
7618038
7618118
7618137
7618200
7618976
7619316
7619331
7619887
7620288
7620674
7621359
7622926
7623386
7623697
7623888
7625077
7626418
7626512
7627370
7628299
7628528
7628633
7629049
7629451
7631456
7632342
7632969
7633505
7633679
7634590
7636450
7637352
7637842
7638078
7638982
7639022
7639492
7639886
7640076
7640675
7641208
7641736
7641823
7642019
7642687
7642791
7643285
7643299
7643995
7644336
7644351
7645065
7645372
7645621
7645713
7645776
7648252
7650191
7650401
7651163
7651490
7651710
7652115
7652631
7653218
7653566
7653768
7653776
7654565
7654647
7655428
7655442
7655715
7656042
7656478
7656969
7657218
7657398
7657619
7658046
7658076
7658835
7659038
7660490
7661098
7661665
7662548
7663003
7663364
7663973
7664123
7664464
7664908
7665062
7665064
7665170
7665380
7666032
7667559
7667992
7668025
7668137
7668337
7668772
7670023
7670051
7670282
7670850
7671163
7671243
7671743
7672650
7673604
7673739
7673989
7674273
7674735
7675156
7676036
7676251
7676379
7676421
7676904
7677770
7678343
7678757
7679802
7679825
7680435
7681173
7681480
7681824
7682249
7682259
7683402
7683418
7683838
7684873
7685284
7685704
7685967
7686414
7686771
7686785
7688066
7688077
7688485
7689010
7689581
7690138
7690354
7690779
7691684
7691804
7692245
7692615
7692794
7693568
7693597
7694062
7695810
7696024
7696094
7696357
7696466
7696576
7697359
7697893
7698166
7698573
7698951
7699120
7700535
7700996
7701550
7701630
7702866
7703133
7704255
7704894
7705176
7705184
7705564
7705823
7707193
7707264
7708630
7709082
7709230
7709303
7709529
7709980
7710069
7710223
7710406
7710726
7711719
7711922
7712621
7712822
7712851
7713055
7713672
7713858
7714457
7714612
7715100
7715649
7715925
7716152
7716358
7717458
7717855
7718007
7718734
7718815
7719339
7719928
7720298
7720317
7720487
7720511
7721070
7721162
7721480
7721676
7721835
7722482
7723102
7723216
7723436
7724625
7724857
7725185
7726118
7727879
7727994
7728173
7728781
7729412
7729441
7730173
7730198
7730651
7731676
7732001
7732159
7732574
7732621
7733744
7734354
7734757
7735104
7735285
7735878
7736131
7737272
7737288
7737838
7737993
7738505
7738600
7738618
7738949
7739069
7739422
7740050
7740788
7740984
7741217
7741271
7741282
7741298
7742257
7743362
7743849
7743888
7745985
7746140
7746206
7747309
7747415
7747824
7747986
7749092
7749532
7750315
7750532
7751087
7752351
7753022
7753836
7753916
7754362
7754634
7754840
7755272
7755482
7756295
7756520
7757748
7757802
7757917
7759139
7759537
7759713
7759794
7760204
7760230
7760629
7760727
7762427
7762441
7762628
7762700
7763810
7765203
7765611
7765643
7766152
7766226
7766488
7766526
7767678
7768932
7769472
7769711
7770481
7771494
7771818
7772063
7772646
7773947
7774059
7774153
7774302
7774447
7774666
7774860
7775198
7777308
7777385
7777876
7778232
7778284
7778766
7778839
7779211
7779398
7780822
7781220
7781420
7781542
7782286
7782566
7782813
7782850
7783525
7783565
7784063
7784338
7785234
7785534
7785644
7786330
7786375
7786548
7786903
7787484
7788136
7788271
7788349
7788502
7788877
7789114
7789968
7790484
7791136
7792030
7792399
7792503
7792614
7793026
7794485
7797165
7797862
7797890
7798503
7798577
7800027
7800328
7801742
7802184
7802390
7802478
7803364
7803455
7804015
7804820
7805345
7806689
7808070
7808209
7808287
7808461
7808683
7809581
7809704
7810255
7810877
7811187
7811768
7812574
7812615
7812946
7813832
7814384
7814465
7814995
7815660
7815713
7815839
7816545
7817504
7817825
7817970
7818045
7818634
7818753
7819221
7819847
7820669
7821204
7822095
7822413
7822506
7822751
7823050
7823323
7823545
7824083
7824915
7826712
7827066
7827923
7828037
7828175
7828428
7828759
7829051
7829650
7829710
7829718
7830150
7830291
7830482
7830589
7831289
7831563
7831659
7832550
7833104
7833474
7833523
7833567
7833643
7833721
7834281
7835193
7836077
7837001
7837499
7838013
7838373
7838432
7838640
7838864
7839330
7839544
7839632
7839896
7840551
7840638
7841324
7841810
7841877
7842162
7842525
7842858
7843276
7843708
7845306
7845626
7846015
7846301
7847015
7847132
7847599
7848150
7848290
7849464
7849608
7849944
7850714
7850874
7851213
7851313
7851609
7851708
7851838
7852603
7853644
7853704
7854198
7854267
7854873
7855428
7855579
7856794
7856866
7858263
7858423
7858753
7858947
7859152
7860192
7860552
7861222
7861250
7861584
7862033
7862235
7862755
7864264
7864538
7864843
7865697
7866968
7867026
7867087
7867266
7867500
7867982
7868004
7869433
7869769
7870084
7870831
7871653
7873598
7873952
7874505
7874982
7875806
7876003
7876132
7876200
7877066
7877364
7877991
7878408
7878778
7878957
7879592
7879772
7881138
7881719
7881728
7882582
7882771
7883069
7883090
7883364
7883613
7883960
7884669
7885711
7886028
7886210
7887411
7887783
7888413
7889321
7889340
7890973
7891774
7893096
7894752
7896490
7896854
7897011
7897288
7897524
7897618
7897772
7899844
7900393
7900808
7901434
7901981
7902014
7902264
7903240
7903588
7904074
7905036
7905376
7907194
7907410
7907540
7907896
7908721
7909408
7910020
7910823
7911729
7911898
7913924
7915840
7916727
7916917
7917551
7917976
7918470
7918800
7919596
7919820
7920886
7921290
7921896
7921944
7921950
7922014
7922022
7922133
7922239
7922311
7922432
7923719
7924002
7924057
7924084
7925017
7927088
7927221
7927643
7928090
7928393
7928422
7928596
7928689
7928814
7929171
7929297
7930438
7930443
7930447
7930523
7931116
7931517
7931649
7932887
7933545
7934397
7934444
7934902
7935157
7936958
7937967
7938385
7938575
7938589
7938669
7938784
7938818
7939006
7939407
7940087
7940154
7940443
7941386
7942835
7943048
7943203
7943366
7943480
7945768
7946361
7946369
7946776
7946780
7946907
7947601
7947708
7948548
7948713
7948890
7949356
7949496
7950575
7950606
7951381
7952269
7952287
7952434
7952836
7952886
7953456
7953567
7953646
7953759
7953783
7953876
7954268
7954383
7954876
7955166
7955533
7955952
7957350
7957378
7957420
7957860
7958386
7959066
7959897
7960074
7960243
7960755
7960829
7961242
7961785
7962144
7962806
7963301
7963568
7963953
7966825
7966837
7967835
7968064
7968208
7969338
7969753
7970228
7970453
7970455
7970856
7971170
7971441
7972431
7973481
7973732
7974466
7974538
7975630
7977753
7977851
7978207
7978700
7980003
7980642
7981001
7981189
7982147
7982440
7982840
7983080
7983498
7984033
7984103
7985068
7985185
7986587
7986936
7987332
7987863
7988347
7988903
7989349
7991001
7991081
7992877
7993297
7993737
7994075
7994348
7994384
7994770
7995814
7995853
7996042
7996137
7997010
7997349
7997391
7997949
7998971
7999777
8000071
8000075
8000078
8000225
8000271
8001393
8001404
8001744
8001768
8001881
8002114
8002575
8002613
8003639
8003947
8004432
8004585
8004628
8004921
8006211
8006351
8006616
8006679
8007408
8008615
8008742
8008888
8009148
8010438
8011094
8011350
8011923
8013259
8013443
8015631
8015635
8016498
8017085
8017308
8017706
8019495
8020069
8020180
8021730
8022235
8023254
8023868
8024242
8024887
8026156
8026805
8027021
8027868
8028026
8028211
8028357
8028573
8028884
8029389
8029806
8030670
8031665
8032306
8034008
8035197
8035221
8035377
8035814
8036389
8036587
8037546
8037918
8037956
8038056
8038976
8039657
8039916
8040016
8040135
8041225
8041553
8042506
8042620
8042697
8043677
8043823
8044563
8045543
8045971
8046164
8046171
8046385
8046391
8048230
8048413
8048440
8048595
8048804
8048850
8049278
8049514
8050043
8051450
8052498
8053985
8054512
8056121
8056547
8056698
8056758
8057972
8058774
8059106
8059544
8060074
8060531
8060627
8060718
8060748
8061025
8061340
8062148
8062509
8062919
8063576
8063692
8063805
8063855
8066059
8066462
8066697
8066852
8068059
8068209
8069724
8069795
8070961
8071632
8072963
8074048
8074233
8074331
8074389
8074615
8074703
8075201
8075590
8075766
8077630
8077780
8077965
8078659
8078686
8079095
8079446
8079910
8080567
8080979
8081093
8082545
8082679
8082875
8083562
8083771
8084285
8085011
8086674
8086761
8086875
8086891
8086947
8087243
8087380
8087403
8087533
8087825
8088210
8089076
8090816
8092192
8092540
8093103
8093113
8093351
8094143
8095273
8096575
8097092
8097171
8097416
8097638
8097886
8097945
8099376
8099474
8101040
8102545
8103121
8103453
8103949
8104204
8104436
8104736
8104959
8105570
8105676
8106497
8106930
8108598
8109615
8110431
8110453
8110723
8111885
8112548
8113295
8113446
8115187
8115735
8116048
8116376
8118565
8119275
8119958
8120261
8120287
8121380
8122396
8122728
8123292
8123772
8124777
8125928
8126119
8126998
8127375
8127756
8129261
8129353
8129697
8130178
8130857
8131064
8131470
8132002
8133245
8133302
8133322
8136445
8137430
8138100
8140268
8140666
8141279
8141394
8141808
8142500
8142653
8142912
8143505
8144793
8145647
8145982
8146383
8146396
8146639
8146976
8147246
8147247
8147532
8147920
8148022
8149725
8149733
8150098
8150308
8150362
8150674
8150898
8151477
8151649
8152195
8152518
8152602
8153377
8154512
8155007
8156606
8157577
8158330
8158558
8158811
8160103
8160309
8160536
8161133
8161357
8161887
8162365
8162748
8163046
8163250
8163538
8163952
8165002
8165644
8165901
8168401
8169171
8169315
8169678
8169728
8170324
8170535
8170870
8170898
8171876
8172868
8173315
8173318
8173549
8174014
8174021
8174045
8174192
8174630
8175295
8175727
8176123
8176243
8177325
8177336
8177885
8179041
8179815
8180648
8180804
8180840
8181306
8181385
8181825
8182630
8182973
8184266
8185666
8186874
8187235
8187863
8188064
8188703
8188867
8189578
8189984
8190328
8190343
8191091
8191741
8191911
8191951
8191959
8192145
8192200
8192933
8193078
8193084
8193139
8193513
8195605
8195909
8197133
8197375
8197854
8199202
8199557
8201004
8201128
8201178
8201460
8201790
8201850
8203035
8204038
8204586
8204623
8204715
8205345
8205424
8205465
8205950
8206032
8206629
8208077
8208370
8208948
8209084
8209106
8209718
8210322
8210361
8211146
8212217
8212312
8212337
8212707
8213201
8213866
8214319
8214711
8214774
8214846
8215302
8215345
8215609
8215819
8216151
8216195
8217277
8217286
8219094
8219186
8219455
8220188
8220267
8221334
8221558
8222200
8222750
8222847
8223045
8223256
8223335
8223902
8224039
8224046
8224526
8224788
8224812
8225899
8226230
8226269
8226757
8227124
8227141
8227152
8227175
8227313
8227354
8227825
8228531
8228699
8229218
8229735
8229988
8229991
8230911
8231047
8232160
8232882
8233141
8233681
8233707
8234576
8234838
8235144
8237016
8237957
8237959
8238052
8238231
8238298
8238482
8238506
8238804
8239936
8240223
8240457
8241658
8242275
8242569
8243041
8244002
8244569
8244596
8244970
8246346
8247074
8248321
8249398
8251498
8252350
8253293
8253410
8254968
8255052
8255636
8255700
8256634
8258320
8258396
8258866
8258967
8258997
8260334
8260688
8261423
8262007
8262474
8262661
8264360
8264441
8264591
8264666
8265018
8265454
8265596
8266102
8266517
8266562
8266835
8266876
8267442
8267919
8268062
8268216
8268260
8268855
8268920
8268981
8270279
8271446
8271583
8271673
8272037
8272894
8273256
8273996
8274437
8274871
8275022
8275283
8276297
8276398
8277244
8278039
8278468
8279197
8279473
8279477
8279670
8279883
8280362
8280390
8280660
8281795
8281806
8282300
8283161
8283471
8283896
8284296
8284591
8284696
8285073
8285598
8285776
8287291
8287322
8287532
8288096
8288314
8288494
8289177
8289178
8289304
8290404
8290705
8291026
8291529
8292002
8292107
8292882
8293044
8293061
8293835
8294232
8294696
8295153
8295158
8295475
8295858
8296043
8297417
8298815
8298854
8299199
8299922
8299979
8300075
8300859
8302300
8302649
8303845
8304108
8304120
8304879
8305929
8306997
8307405
8307414
8307703
8307784
8308039
8309209
8309677
8310220
8310574
8311387
8313052
8313201
8313237
8314561
8314597
8314819
8315597
8316961
8317001
8317007
8318091
8318492
8319268
8320500
8320526
8320737
8320841
8321356
8323145
8323826
8324641
8324809
8325005
8325399
8325444
8325590
8326228
8328169
8329156
8330571
8330690
8330876
8331676
8331765
8331953
8333654
8334053
8334440
8334917
8335889
8336122
8336316
8336566
8336770
8337102
8338174
8339964
8340019
8340090
8340293
8340588
8340773
8341373
8341490
8341508
8341654
8342310
8342546
8342698
8342821
8343004
8343794
8345023
8345456
8346168
8346282
8346666
8349412
8350024
8350130
8350891
8352463
8352729
8353128
8353135
8353764
8354420
8354882
8355189
8355227
8355385
8355478
8355723
8356164
8356330
8357360
8358286
8359044
8359075
8359450
8360268
8360786
8361122
8361194
8361299
8361839
8362124
8363023
8363229
8363979
8364105
8364390
8364845
8365430
8365624
8367149
8368409
8369689
8370115
8370990
8371911
8373507
8374692
8374780
8374952
8375715
8375825
8376300
8376829
8378974
8379389
8379419
8379450
8379551
8380074
8381415
8381702
8382291
8382471
8382779
8383354
8383509
8385229
8385496
8387406
8388008
8390067
8390521
8390617
8391912
8392855
8393898
8394286
8395142
8395447
8395448
8395466
8395775
8395889
8396460
8397761
8398810
8399260
8399896
8403798
8404720
8404757
8404999
8406096
8407324
8408482
8408743
8410525
8411470
8411682
8411891
8412023
8414004
8414460
8414577
8415202
8416132
8417087
8417276
8417604
8418105
8418441
8418959
8418963
8419665
8419727
8419980
8420047
8420058
8421033
8421637
8421668
8421970
8422472
8422756
8422761
8423029
8423088
8423216
8423505
8423668
8423762
8424008
8424013
8425181
8425287
8425681
8425724
8425984
8426174
8426670
8426971
8427345
8427437
8428507
8428550
8428785
8429493
8429508
8429702
8429715
8430132
8430172
8431222
8431230
8432417
8433078
8433278
8433592
8433751
8434492
8434740
8434880
8435170
8436861
8437119
8438223
8438328
8438492
8438666
8439448
8439807
8441773
8442491
8442494
8443010
8444154
8444258
8444266
8444495
8444852
8444947
8445254
8445321
8445873
8446627
8446713
8446791
8447384
8448262
8450182
8450408
8450646
8451617
8452112
8453635
8454025
8454188
8454248
8455048
8455191
8458191
8458749
8459225
8459784
8459869
8459957
8460292
8460377
8460382
8460511
8460657
8460959
8461215
8461611
8462226
8464168
8465314
8465992
8466280
8467306
8469309
8469701
8469741
8470239
8470388
8471030
8471050
8472234
8472503
8472539
8472610
8473031
8473097
8473453
8473473
8473817
8474873
8475468
8475494
8475828
8475952
8476374
8476791
8477973
8478319
8478566
8479239
8479904
8480153
8481135
8482468
8483199
8483525
8483962
8484775
8486024
8487016
8487075
8487221
8487820
8488296
8488393
8488867
8489896
8490145
8490371
8490726
8490749
8490774
8491792
8492290
8493141
8494373
8494561
8494582
8494604
8494642
8494716
8494755
8495254
8495380
8495514
8496117
8496207
8496376
8497092
8497397
8502592
8502732
8502970
8503002
8503045
8503529
8503578
8504143
8504246
8504284
8505126
8505974
8506878
8507082
8507451
8507564
8507703
8508421
8508941
8509200
8510848
8512584
8512768
8512822
8513409
8513960
8515357
8515745
8515853
8515985
8516111
8518260
8518301
8518813
8520373
8520678
8521461
8522219
8522351
8523442
8523684
8524423
8524711
8525003
8525082
8526033
8526180
8527200
8527459
8528229
8529871
8530305
8531605
8532652
8533492
8533700
8533916
8534214
8535278
8535708
8535767
8536939
8538646
8538797
8538863
8540960
8541215
8541950
8541970
8542362
8542816
8543075
8543088
8544018
8544519
8544549
8544693
8544923
8545072
8545425
8545846
8545922
8545947
8546130
8546146
8546918
8549055
8549866
8550640
8551550
8552007
8552472
8553076
8553475
8553930
8554924
8555017
8555498
8555710
8555718
8555908
8555975
8556014
8556178
8556782
8557635
8558656
8558964
8559122
8559251
8559426
8560051
8560092
8560099
8560523
8560673
8561245
8561778
8561946
8562178
8562736
8562742
8562775
8563023
8563170
8565326
8565539
8566087
8567454
8567727
8567797
8567892
8568318
8568625
8568701
8569463
8570246
8570503
8571503
8572045
8572233
8572271
8573574
8573596
8574564
8575230
8575501
8576237
8576273
8576945
8577503
8578487
8578818
8580181
8580375
8580703
8581094
8581327
8582014
8582349
8582750
8583306
8584293
8585895
8587062
8588298
8588398
8588548
8589632
8590046
8590093
8591074
8591406
8591421
8591996
8592197
8592250
8592518
8593138
8594991
8595546
8595555
8595970
8595982
8596578
8596987
8597368
8597823
8598625
8598791
8599434
8600626
8600976
8600994
8601766
8602320
8602353
8602363
8602367
8602400
8602532
8603981
8605284
8606635
8606665
8607300
8608423
8608506
8609694
8610558
8611530
8612558
8612722
8612985
8613297
8613453
8613472
8615106
8616133
8616146
8616267
8617604
8617631
8617775
8617986
8618258
8618417
8618440
8618875
8618944
8619324
8619499
8620110
8620334
8620619
8620690
8621001
8623182
8623226
8623272
8625627
8626244
8626336
8627361
8627627
8628047
8628505
8629155
8629729
8630017
8630102
8630957
8631238
8631593
8632457
8633542
8635172
8635211
8635811
8635900
8636909
8637385
8637895
8638088
8638396
8638814
8639238
8641051
8642083
8642612
8642714
8643426
8643458
8644251
8644864
8644994
8645058
8646194
8646712
8647271
8647393
8648296
8648953
8649747
8649869
8651620
8652626
8652689
8653279
8653488
8653746
8654248
8655369
8655402
8656379
8656496
8657019
8657450
8657642
8658067
8661316
8662385
8662661
8662757
8662834
8663120
8663378
8663839
8664432
8664640
8664983
8664985
8667553
8668633
8668751
8668893
8669178
8669508
8669663
8669892
8670049
8670390
8670838
8671045
8671174
8671446
8671650
8671674
8672504
8672913
8673250
8673329
8673794
8674567
8674589
8674849
8674922
8675071
8675732
8675895
8677016
8677475
8678206
8679042
8679257
8679364
8679754
8680532
8680569
8680854
8681733
8681796
8682078
8682405
8682428
8682711
8682778
8683928
8683929
8683984
8684162
8684973
8685139
8685680
8685693
8685884
8687200
8687613
8689101
8689135
8689236
8689853
8689905
8691443
8692106
8692400
8692480
8692516
8693051
8693373
8693589
8693610
8693792
8694660
8694730
8695095
8696338
8696996
8697309
8697698
8698435
8698626
8698826
8698947
8699830
8699852
8701070
8701526
8702091
8702445
8703154
8703271
8703639
8705062
8705659
8705732
8706205
8706386
8707515
8708924
8709311
8709390
8709720
8709952
8710262
8710829
8710977
8711131
8711486
8711930
8712498
8713102
8713871
8713913
8714334
8714503
8714509
8715250
8715432
8715846
8717098
8717550
8717854
8718486
8718629
8719131
8721740
8723069
8724454
8724894
8725551
8725874
8726047
8726984
8727618
8729219
8729268
8729379
8729669
8729847
8729879
8730625
8730691
8730939
8731308
8731662
8732084
8733107
8733499
8733852
8734852
8734941
8735076
8735707
8736908
8737908
8738180
8738529
8738819
8740010
8740299
8740842
8741082
8741243
8741921
8742708
8743172
8744210
8744962
8745964
8746487
8746531
8746708
8746722
8747106
8747545
8747965
8748122
8748326
8748525
8749285
8749484
8750238
8750846
8751003
8751531
8751982
8752105
8752311
8752452
8753265
8753399
8753680
8753765
8753989
8754212
8755352
8755914
8756172
8756384
8756700
8756811
8757173
8757202
8757231
8757911
8758341
8758414
8758474
8759491
8761883
8761988
8762361
8762734
8762755
8763079
8764040
8764130
8764731
8766048
8766168
8766831
8766964
8767514
8767606
8768421
8769232
8769510
8770529
8770895
8771022
8771506
8772295
8772341
8772896
8773014
8773476
8773761
8776031
8776140
8776594
8777417
8778390
8778925
8779132
8779455
8779710
8779832
8780598
8782096
8782279
8782626
8782646
8782706
8783045
8783091
8783493
8784197
8784582
8785264
8785885
8787034
8787858
8788037
8788100
8788229
8789938
8790286
8791449
8791827
8792284
8793306
8793563
8793920
8794451
8794827
8794970
8795116
8795156
8795680
8795826
8795831
8796137
8796159
8796487
8797049
8797465
8797645
8797908
8798728
8798883
8799126
8799289
8799391
8800153
8800464
8800978
8801225
8801393
8802231
8802591
8802849
8803175
8804096
8804953
8806162
8806693
8807179
8809501
8809582
8810228
8810513
8810885
8811181
8811715
8812251
8812303
8812810
8812971
8813910
8815031
8815141
8815494
8815868
8817005
8817199
8817590
8818561
8818996
8819051
8819363
8821839
8822116
8822278
8822343
8822492
8822960
8823759
8823879
8824140
8824752
8825071
8825504
8825817
8826691
8826742
8827948
8828734
8828749
8829336
8830678
8830689
8831539
8831590
8831735
8833970
8834204
8834958
8835636
8836395
8836618
8837500
8837909
8838255
8838625
8839019
8839518
8839568
8839990
8840055
8840519
8840606
8842666
8842742
8843351
8844561
8844788
8844916
8844984
8845031
8845037
8846157
8847083
8847119
8848350
8849024
8850900
8851632
8851758
8851907
8852151
8852928
8854316
8854642
8854730
8854864
8855074
8855322
8855358
8855982
8856808
8856930
8857615
8858670
8858678
8860412
8861635
8861787
8861980
8862505
8862839
8863175
8863187
8863313
8864517
8864587
8865714
8865742
8866388
8866436
8869096
8869150
8869668
8870231
8870562
8870675
8870781
8870950
8871246
8872308
8872968
8873479
8873611
8873767
8873858
8874690
8875168
8877242
8877448
8877781
8879721
8880158
8880507
8881207
8881413
8881728
8881883
8882240
8882769
8883293
8883536
8883628
8885627
8886145
8887254
8888046
8888474
8888818
8888863
8889902
8889942
8890121
8890229
8890964
8891036
8891622
8891878
8892008
8892880
8894649
8894816
8895388
8896504
8897075
8897525
8897822
8898026
8900523
8901192
8902184
8903491
8904837
8905569
8905966
8906000
8906001
8906859
8907710
8907771
8908093
8908467
8909799
8910161
8910587
8910758
8910958
8910969
8911318
8912154
8912412
8912816
8914040
8914842
8915539
8916245
8916499
8916682
8917096
8917546
8918048
8920020
8920556
8920696
8920743
8921066
8922565
8922679
8923027
8923650
8923859
8924099
8924685
8924916
8926540
8926806
8927110
8927983
8928012
8929523
8929739
8931590
8932134
8932532
8932935
8933628
8933839
8934343
8934688
8936323
8936423
8936491
8936757
8936813
8936840
8936907
8937034
8937097
8937506
8937563
8937918
8938763
8938830
8938970
8940176
8940352
8940769
8941563
8941670
8942284
8942907
8943007
8943457
8946974
8947467
8947686
8948678
8948929
8949087
8949232
8949309
8949389
8950004
8950174
8951059
8951490
8951914
8952015
8953285
8953899
8954139
8954508
8955218
8955248
8955611
8956092
8956223
8956345
8957324
8957818
8958114
8959035
8959492
8959597
8960231
8961004
8961081
8961604
8962079
8962218
8962721
8962972
8963371
8963694
8965643
8965744
8968069
8968636
8968896
8969390
8969681
8970070
8971187
8972541
8972643
8973142
8973641
8974554
8974868
8976486
8976765
8977196
8977426
8977688
8977800
8977972
8979359
8979388
8979543
8980081
8980527
8982198
8982724
8983125
8984316
8984833
8985170
8985336
8985353
8985642
8986699
8986876
8987716
8987794
8987901
8988151
8988360
8989173
8989703
8990613
8992021
8992353
8993205
8993851
8994515
8995297
8995486
8995925
8996147
8996369
8996870
8997133
8997470
8998037
8998208
8998614
8998631
8999679
9000134
9000433
9001506
9001521
9001924
9002546
9003696
9005106
9006343
9006420
9006952
9007652
9007974
9008127
9008584
9008845
9009802
9009975
9010876
9010988
9011014
9011710
9012243
9013345
9013755
9013848
9013995
9015442
9015558
9015610
9016034
9017011
9017117
9017368
9017452
9018502
9018510
9018715
9019197
9020943
9021227
9021568
9021811
9022329
9023874
9024131
9024195
9024855
9025631
9025667
9025725
9025915
9025981
9026009
9026059
9026382
9026895
9027767
9028892
9029112
9029887
9029951
9032683
9032971
9034562
9034576
9035228
9035405
9035472
9036990
9037006
9037196
9037562
9037596
9037655
9038581
9038840
9038979
9039036
9039082
9039653
9041758
9042104
9042903
9043430
9043783
9044046
9044279
9044392
9045030
9045223
9045525
9045938
9047729
9048219
9049250
9052499
9053374
9053413
9053662
9053824
9054231
9054336
9054464
9054470
9055383
9055585
9055728
9055753
9055775
9056322
9056580
9056644
9056836
9057577
9057785
9057860
9058429
9059539
9060283
9060789
9061097
9061394
9061579
9062443
9063229
9063554
9063930
9064248
9067043
9067643
9067929
9069866
9070442
9070595
9070837
9071353
9071365
9071688
9073048
9073594
9073797
9075847
9075852
9075875
9076295
9076595
9077158
9077226
9077431
9078011
9078410
9078881
9080980
9082157
9082237
9083206
9083222
9083650
9083836
9084737
9085369
9086005
9086603
9087208
9087254
9087653
9087697
9088285
9088537
9088836
9090195
9090206
9090833
9091565
9092212
9092716
9092951
9093217
9093974
9094092
9094200
9094241
9094430
9094713
9094807
9095102
9095327
9096275
9096589
9096654
9096925
9097195
9097216
9097987
9098008
9098207
9098253
9098254
9098451
9099134
9099346
9100130
9100251
9100876
9101064
9102898
9105094
9105391
9106060
9106068
9106221
9106268
9106450
9106808
9107018
9107402
9107642
9108012
9108398
9109326
9109969
9111112
9111427
9112047
9112681
9113269
9113335
9114492
9117673
9118396
9118444
9118809
9118951
9120549
9120760
9120834
9121356
9121618
9122809
9123218
9124258
9125389
9126458
9127068
9127915
9128056
9128381
9128694
9129205
9131511
9132599
9133409
9133642
9133839
9133950
9134025
9134914
9134963
9135181
9135787
9136123
9136636
9137706
9138032
9138138
9138371
9138757
9139127
9139845
9140299
9141726
9142053
9142062
9142353
9142692
9143000
9143321
9143654
9146244
9146659
9146719
9147007
9147110
9148134
9148655
9148711
9150081
9150480
9151169
9151779
9152070
9152113
9152518
9153644
9154917
9155119
9155582
9156207
9156298
9156373
9156502
9156625
9157428
9158862
9159540
9160322
9160817
9160911
9161128
9161383
9161695
9162916
9162943
9162996
9163229
9163397
9163720
9164646
9165197
9165476
9166047
9166823
9167602
9168130
9169329
9169504
9170439
9171308
9171448
9173076
9173335
9174068
9174940
9175004
9175607
9176258
9176872
9177155
9177221
9177464
9177913
9178072
9178596
9178679
9179314
9179994
9180518
9182074
9183111
9183740
9183864
9183995
9184987
9185323
9185894
9186375
9186933
9187692
9188808
9188859
9189253
9190534
9190570
9190723
9191249
9192128
9192708
9193012
9194248
9196385
9197035
9197424
9197689
9197774
9199057
9199074
9199563
9201906
9202266
9202736
9203824
9204014
9204968
9205096
9205504
9206320
9206365
9206956
9207098
9207230
9207750
9209296
9210107
9210272
9210654
9211136
9211315
9211351
9211397
9211634
9211922
9212052
9212577
9212903
9214024
9215598
9215903
9216743
9216785
9217030
9217455
9217954
9218343
9218617
9218876
9218993
9219160
9219203
9219619
9219980
9220089
9222110
9222302
9222345
9222619
9222874
9225662
9226847
9227736
9228093
9228466
9228503
9228547
9229583
9229628
9229738
9229747
9229883
9230290
9231027
9231059
9231823
9232641
9232983
9232991
9233570
9233835
9233843
9235285
9236029
9236238
9236243
9237134
9237733
9237990
9238549
9239349
9239676
9239972
9239990
9240120
9240375
9241666
9242164
9242206
9242748
9243819
9244412
9245773
9246026
9246899
9247309
9247335
9247809
9247979
9248411
9248888
9249231
9249973
9249977
9250018
9250458
9251172
9252469
9252472
9252572
9252777
9252943
9254392
9255540
9256473
9256604
9257645
9258014
9258534
9258774
9259140
9260643
9260792
9260855
9261203
9261306
9262187
9264120
9264891
9266273
9266458
9266897
9266928
9267271
9267422
9267828
9267984
9268284
9268772
9269303
9269344
9270850
9271110
9271117
9271510
9271638
9271772
9271862
9274345
9274804
9275183
9275193
9275662
9276644
9276728
9277016
9277234
9277332
9278246
9278403
9278457
9279051
9279539
9279910
9281993
9282144
9282513
9283566
9283817
9284471
9285043
9285323
9285444
9285453
9285991
9286118
9287092
9287362
9287445
9287574
9288603
9289666
9289775
9291407
9292138
9292523
9295063
9295686
9296124
9296553
9297162
9297494
9298162
9298868
9299132
9299287
9299677
9299933
9300697
9300720
9301006
9301087
9301430
9301455
9302655
9304157
9304517
9304720
9305597
9306625
9307099
9308512
9308666
9309927
9310786
9311300
9312222
9312324
9312540
9312796
9312946
9312959
9313550
9314275
9314523
9314932
9314984
9315176
9316596
9317122
9317651
9318209
9318654
9318965
9319700
9320005
9320523
9320844
9321079
9321340
9321395
9321681
9322885
9322916
9323190
9323365
9323862
9324257
9324281
9324786
9325015
9325152
9325884
9326166
9326643
9327500
9329844
9330440
9330926
9331056
9331065
9331232
9332567
9332667
9334152
9334310
9336526
9336850
9337225
9337905
9338240
9339354
9339560
9340188
9340695
9340930
9341112
9341625
9342333
9342354
9342996
9343012
9343062
9345195
9345995
9346997
9347312
9347346
9348571
9349054
9349383
9349427
9349701
9349725
9350101
9350657
9350904
9351097
9351944
9352337
9352474
9352568
9352885
9353404
9353776
9353875
9354031
9354654
9354662
9355965
9356406
9357777
9358038
9358756
9358809
9358813
9359226
9359646
9361540
9361650
9362774
9362899
9364525
9364982
9365175
9365769
9365962
9366340
9366422
9367886
9368063
9368393
9368747
9369310
9369344
9369578
9370265
9370712
9370985
9371778
9372380
9372905
9373325
9373736
9374202
9374932
9377794
9378681
9380075
9380110
9381477
9382090
9382510
9382940
9383327
9383328
9385850
9386349
9386625
9386703
9387238
9387255
9387256
9388323
9388373
9388518
9388778
9389234
9389617
9390177
9391121
9391890
9392517
9393680
9393874
9394327
9394668
9394716
9395639
9395669
9395851
9396545
9396587
9396895
9398286
9400609
9400858
9401082
9401731
9402383
9402438
9402859
9403094
9403261
9403536
9403627
9404035
9404504
9405102
9405839
9406809
9406861
9407085
9407232
9407496
9407719
9408398
9409097
9410114
9410547
9413493
9413614
9413765
9413881
9415074
9415118
9416097
9416405
9416822
9417521
9418011
9418125
9418487
9418730
9419550
9419594
9420209
9420835
9421525
9421896
9422276
9422837
9423489
9424260
9424280
9424373
9424396
9424911
9425419
9425692
9426770
9426815
9427268
9427734
9427920
9427944
9428496
9428745
9429041
9429159
9430369
9431006
9431152
9431571
9432293
9432545
9433115
9433406
9433543
9433642
9434111
9434328
9435436
9435459
9435785
9436148
9436594
9436840
9437110
9437159
9437410
9438463
9439151
9440058
9440124
9441339
9441401
9441776
9442242
9442391
9442605
9442640
9442772
9443285
9444152
9445884
9445969
9446241
9447350
9448044
9448702
9448861
9449036
9449242
9449250
9449757
9450173
9450937
9450995
9451399
9451901
9452009
9452325
9452528
9453760
9454083
9454276
9454390
9454693
9455910
9457333
9458914
9459133
9459249
9459364
9459505
9459603
9459672
9460326
9460381
9460563
9460742
9461152
9461755
9461788
9462003
9462622
9463082
9463512
9464352
9464489
9464673
9465094
9465172
9465228
9465492
9466144
9466461
9466562
9466839
9467170
9467634
9467710
9467772
9468555
9468674
9469096
9469114
9469115
9469732
9469810
9470862
9470934
9471117
9471435
9472380
9472520
9473974
9474248
9474273
9474486
9475072
9475555
9475602
9475844
9476024
9476916
9477206
9477761
9478113
9478484
9479968
9480623
9481279
9481366
9481397
9481871
9483251
9483611
9484071
9484178
9484244
9484325
9484638
9484653
9486602
9486646
9486757
9486913
9487204
9487490
9487618
9488202
9488331
9488598
9489446
9489910
9489923
9490023
9490706
9490734
9491264
9491349
9491414
9492325
9492375
9492433
9492520
9492890
9493107
9493453
9493472
9493685
9493713
9493960
9494061
9494198
9495202
9496830
9497248
9498604
9498735
9499354
9499689
9499970
9499990
9500666
9500741
9501640
9502312
9502957
9504574
9504875
9505865
9505963
9506059
9507559
9507976
9508810
9509276
9509729
9510912
9511335
9511447
9511948
9513535
9514530
9514552
9514774
9515589
9515969
9517102
9517153
9518736
9519376
9519837
9520286
9520410
9521161
9521455
9521634
9523578
9523674
9524211
9524782
9525781
9526643
9526836
9527652
9528144
9528353
9530253
9530532
9530590
9532124
9532336
9533207
9533321
9533386
9533458
9533574
9533963
9534469
9534673
9535287
9535792
9535818
9535838
9536671
9538859
9539299
9539668
9539677
9539778
9540687
9541765
9542001
9542299
9542885
9542923
9543398
9544624
9546848
9547299
9547476
9548262
9548400
9549017
9550884
9550886
9551019
9551465
9551511
9551696
9551803
9552252
9552725
9552911
9552950
9554063
9554248
9554371
9554487
9554635
9555069
9555401
9556634
9556848
9556868
9557291
9557714
9558097
9558724
9558815
9559102
9559172
9560071
9560422
9560637
9560891
9561103
9561463
9561468
9561807
9561877
9563387
9563633
9563954
9564450
9564485
9564511
9564568
9564656
9564898
9567134
9567296
9567979
9568090
9568284
9568645
9568916
9569400
9569818
9570327
9570918
9571039
9571049
9571088
9571249
9571334
9571377
9571880
9573516
9573983
9576549
9577142
9577187
9577326
9578882
9579002
9579245
9579698
9580780
9582311
9582566
9582991
9584236
9584391
9585774
9586418
9586879
9588346
9588507
9588723
9588777
9589353
9590801
9590854
9591159
9591370
9592272
9592433
9593227
9593714
9594255
9594800
9595033
9595110
9596215
9596438
9596491
9597665
9598147
9599331
9599385
9599487
9599576
9600637
9600703
9601156
9601544
9601696
9602164
9602761
9602904
9605071
9605136
9605414
9605558
9607035
9607102
9607193
9607408
9607415
9608196
9608248
9608278
9608324
9608450
9608850
9608907
9609449
9610158
9610178
9610739
9610849
9611373
9611518
9611536
9614344
9614367
9614754
9614998
9615073
9615131
9615262
9615316
9615767
9616696
9616968
9617416
9618328
9619528
9619555
9620491
9621549
9621935
9622681
9624157
9624574
9624756
9625803
9625883
9625918
9626865
9627155
9629215
9629249
9629573
9629992
9630142
9631019
9632481
9632902
9633814
9633929
9635687
9635761
9636026
9637860
9638436
9638459
9638769
9639521
9639909
9640197
9640344
9641724
9641787
9642158
9642514
9643548
9644961
9645603
9646088
9646092
9646987
9647750
9647790
9648490
9648894
9649521
9650060
9650504
9650976
9651626
9651929
9652374
9652620
9652820
9653091
9653137
9653155
9653264
9653533
9654150
9654387
9654540
9655514
9656364
9657140
9657308
9657313
9658335
9660148
9660293
9660554
9661348
9661605
9662048
9662794
9663814
9664292
9666238
9666454
9666475
9667421
9667636
9667656
9668348
9669005
9669084
9669549
9669773
9670847
9671026
9671732
9671735
9672061
9672420
9672861
9674577
9675427
9676106
9676346
9677727
9678198
9678986
9679732
9680197
9680278
9680399
9680909
9681183
9681237
9681254
9682229
9682344
9683031
9684066
9684778
9685215
9685396
9685490
9685646
9685766
9686089
9686690
9686890
9687051
9687246
9687481
9688363
9688393
9688747
9689206
9690171
9690864
9690897
9690971
9691328
9691942
9692382
9692950
9693687
9693811
9693911
9694022
9694367
9694382
9695131
9695326
9695981
9697804
9697864
9698055
9698563
9698983
9699026
9699331
9699877
9700800
9700885
9701276
9702241
9704266
9704641
9704794
9705124
9705304
9706175
9706221
9706607
9706726
9707063
9707257
9707705
9708476
9708832
9708857
9708897
9709257
9709547
9709854
9711228
9711931
9712488
9712711
9713278
9714459
9714564
9714779
9715822
9715854
9716364
9717625
9718011
9718038
9718412
9718477
9718893
9719029
9720239
9720307
9720376
9720625
9721672
9722451
9723481
9724132
9724781
9724900
9725199
9725275
9726217
9726470
9726511
9726792
9727037
9727169
9727309
9727617
9728397
9728486
9729356
9729555
9729570
9729829
9730418
9731211
9731220
9731303
9731403
9731821
9732085
9732799
9733537
9733625
9734128
9734137
9734526
9734707
9735176
9735450
9735563
9735682
9735925
9736754
9737911
9738538
9738815
9739351
9739775
9740379
9740631
9741706
9742150
9742169
9742846
9743416
9743797
9743898
9745192
9745480
9745642
9746428
9747287
9747524
9747596
9747628
9748610
9749626
9750670
9750779
9751269
9751568
9753530
9754336
9755603
9756068
9756375
9756750
9756992
9757103
9758335
9761227
9761264
9763114
9763474
9763499
9763537
9763715
9763825
9766144
9766556
9766708
9767397
9767727
9768423
9770721
9771039
9771156
9771472
9775544
9776463
9776615
9776729
9778359
9779123
9779866
9781096
9781654
9781868
9782121
9783223
9783788
9784461
9785134
9785607
9786265
9786725
9786867
9787054
9787378
9788386
9788711
9788912
9789453
9789887
9790418
9791636
9792605
9792872
9793196
9793321
9793663
9795132
9795792
9795904
9795963
9796929
9797004
9798049
9798263
9798604
9798644
9798930
9799321
9799783
9801676
9801691
9801802
9802401
9802677
9803500
9803747
9803814
9804113
9804207
9804510
9804622
9804943
9805688
9805893
9806622
9806678
9807375
9808314
9808529
9808849
9809314
9809884
9810028
9810233
9810624
9810685
9811005
9811207
9812304
9812378
9812939
9813786
9814209
9814408
9814589
9814978
9815707
9816670
9817393
9817480
9817712
9817952
9818068
9818989
9819050
9820501
9820834
9821119
9822862
9823061
9824120
9824149
9824200
9824298
9824639
9824696
9825639
9826990
9827286
9827680
9828004
9828054
9828241
9829374
9829696
9829809
9830541
9830687
9831000
9831030
9831082
9831757
9832095
9832963
9833944
9834486
9834627
9834887
9835195
9835960
9836296
9836489
9837076
9838260
9838449
9838455
9839208
9839787
9840095
9840700
9841394
9842450
9843203
9843661
9843879
9843915
9844152
9844760
9844828
9846781
9846820
9846823
9847088
9847528
9847565
9847578
9847679
9848032
9848054
9848101
9848450
9848680
9850913
9851204
9851467
9851627
9852753
9852761
9853912
9854047
9854265
9854287
9854503
9855206
9855280
9855611
9855617
9856681
9857110
9857124
9857541
9857579
9857704
9859679
9859957
9860362
9860698
9861158
9861309
9863141
9863853
9864080
9864565
9865788
9867221
9867280
9867957
9868293
9868657
9869367
9869681
9869753
9870787
9871049
9871074
9872635
9873267
9874406
9874428
9874645
9874664
9874693
9874913
9875285
9875672
9876177
9876315
9877477
9877829
9878008
9878971
9879210
9879366
9879426
9879897
9881379
9882755
9883322
9883333
9883492
9883520
9883553
9884164
9884271
9884743
9885266
9886437
9886916
9888545
9888826
9889296
9889698
9889866
9889885
9890597
9890880
9890952
9894011
9894981
9897266
9897964
9898382
9900347
9900704
9904350
9905667
9905806
9907366
9907847
9908109
9908541
9908692
9909293
9909360
9909505
9909545
9909571
9909766
9909862
9910547
9910676
9911415
9913406
9914554
9915633
9915981
9916092
9916319
9916909
9917276
9918152
9918918
9920275
9921542
9921610
9922067
9922188
9922329
9922636
9922837
9922872
9923336
9923385
9925337
9926018
9926282
9926404
9927794
9928187
9928250
9929136
9929559
9930083
9931059
9931613
9932657
9933011
9933206
9933452
9933777
9933971
9934999
9935177
9935242
9935717
9936405
9937026
9937408
9937694
9937939
9938668
9938714
9938785
9939141
9939648
9939870
9940830
9941442
9941914
9943096
9943307
9944917
9945427
9946898
9947294
9947355
9947679
9947865
9949455
9949961
9950492
9950959
9951057
9951610
9951655
9951908
9952012
9953146
9953844
9954397
9954482
9955915
9956197
9956230
9956462
9956495
9956694
9956957
9957099
9957962
9958960
9960000
9960646
9962452
9963084
9963222
9963935
9965006
9965120
9966352
9966610
9967037
9967196
9967440
9968741
9968946
9969498
9969591
9970423
9971101
9971727
9972020
9972199
9972565
9973414
9973416
9973524
9973606
9973750
9974637
9974956
9975494
9975501
9975664
9976268
9977341
9978374
9979125
9980440
9980555
9981948
9981959
9982357
9982808
9982831
9983021
9983226
9984051
9984077
9984201
9984339
9984928
9985784
9986171
9986999
9987052
9987126
9988355
9989659
9989761
9989765
9990106
9990762
9990823
9991190
9991693
9991764
9991841
9993251
9993795
9994036
9994146
9994496
9995468
9995752
9996216
9996946
9997229
9997436
9997843
